l_l_m,l_l_n,u_r_m,u_r_n,avg_sal,sal_state
7.0,0.0,8.0,2.0,423.9,2.0
7.0,17.0,8.0,20.0,439.93594771241834,2.0
3.0,0.0,7.0,2.0,2431.3813725490195,1.0
3.0,7.0,6.0,11.0,2515.2833333333333,1.0
2.0,13.0,8.0,16.0,2195.087363834423,1.0
3.0,17.0,7.0,20.0,2475.6493464052287,1.0
1.0,16.0,3.0,20.0,1566.2632352941175,2.0
3.0,16.0,5.0,17.0,1374.021568627451,2.0
1.0,0.0,2.0,4.0,791.2833333333333,2.0
2.0,0.0,3.0,5.0,2174.657254901961,2.0
3.0,2.0,4.0,5.0,1756.6431372549027,2.0
4.0,3.0,8.0,5.0,1463.6916666666666,2.0
2.0,6.0,3.0,13.0,1581.1137254901962,2.0
6.0,6.0,8.0,13.0,2059.4686274509804,2.0
1.0,5.0,3.0,6.0,1467.0019607843133,2.0
3.0,5.0,7.0,6.0,1864.5794117647056,2.0
3.0,6.0,6.0,7.0,2323.4300653594782,2.0
3.0,11.0,6.0,13.0,1953.4483660130718,2.0
1.0,6.0,2.0,16.0,121.99215686274508,4.0
7.0,5.0,8.0,6.0,63.13333333333334,4.0
8.0,5.0,9.0,14.0,16.84091019123699,4.0
5.0,16.0,8.0,17.0,161.20441176470587,4.0
4.0,2.0,8.0,3.0,361.60294117647067,4.0
-0.0,3.0,1.0,6.0,77.50849673202613,4.0
1.0,4.0,2.0,5.0,263.23725490196085,4.0
8.0,0.0,9.0,5.0,1.1294117647058823,5.0
9.0,0.0,10.0,3.0,0.0,5.0
9.0,3.0,10.0,17.0,0.0,5.0
9.0,17.0,10.0,20.0,0.0,5.0
8.0,14.0,9.0,20.0,1.1294117647058823,5.0
0.0,6.0,1.0,20.0,24.06582633053221,5.0
0.0,0.0,1.0,3.0,10.16470588235294,5.0
