l_l_m,l_l_n,u_r_m,u_r_n,avg_sal,sal_state
2.0,2.0,4.0,3.0,602.7745098039215,2.0
4.0,13.0,6.0,14.0,2546.964705882353,1.0
2.0,18.0,5.0,19.0,2178.8078431372546,1.0
2.0,3.0,7.0,9.0,2374.5776470588235,1.0
3.0,9.0,4.0,11.0,2347.5215686274514,1.0
7.0,3.0,8.0,5.0,1226.478431372549,2.0
7.0,5.0,8.0,17.0,1724.7140522875818,2.0
7.0,17.0,8.0,20.0,1364.572549019608,2.0
2.0,19.0,5.0,20.0,1280.0091503267975,2.0
2.0,9.0,3.0,18.0,1617.8544662309369,2.0
3.0,11.0,4.0,18.0,2357.8274509803923,2.0
4.0,9.0,6.0,13.0,2439.9593137254906,2.0
6.0,9.0,7.0,19.0,2416.043921568628,2.0
6.0,19.0,7.0,20.0,892.3058823529412,2.0
5.0,14.0,6.0,20.0,2130.0379084967317,2.0
4.0,14.0,5.0,18.0,2323.187254901961,2.0
1.0,2.0,2.0,5.0,229.7176470588236,4.0
1.0,5.0,2.0,17.0,195.6692810457516,4.0
1.0,17.0,2.0,20.0,56.6797385620915,4.0
8.0,8.0,9.0,19.0,17.025113883937415,4.0
4.0,2.0,8.0,3.0,262.9588235294118,4.0
0.0,0.0,1.0,10.0,10.16470588235294,5.0
1.0,0.0,5.0,2.0,0.0,5.0
5.0,0.0,8.0,2.0,3.8117647058823527,5.0
9.0,0.0,10.0,10.0,1.016470588235294,5.0
8.0,0.0,9.0,8.0,1.1294117647058823,5.0
-0.0,10.0,1.0,20.0,10.16470588235294,5.0
9.0,10.0,10.0,20.0,1.016470588235294,5.0
8.0,19.0,9.0,20.0,1.1294117647058823,5.0
