l_l_m,l_l_n,u_r_m,u_r_n,avg_sal,sal_state
2.0,6.0,8.0,7.0,2218.1568627450984,2.0
2.0,3.0,8.0,6.0,2251.6849673202614,1.0
2.0,7.0,8.0,15.0,2276.8610294117652,1.0
2.0,15.0,8.0,16.0,2163.570588235294,1.0
2.0,1.0,4.0,2.0,17.924509803921566,4.0
1.0,2.0,2.0,5.0,98.38039215686274,4.0
2.0,2.0,8.0,5.0,235.77995642701526,4.0
8.0,2.0,9.0,5.0,75.05751633986928,4.0
1.0,5.0,2.0,13.0,146.23823529411766,4.0
2.0,5.0,8.0,13.0,0.0,4.0
8.0,5.0,9.0,13.0,61.13284313725491,4.0
1.0,13.0,2.0,17.0,142.46960784313728,4.0
2.0,13.0,8.0,17.0,103.83333333333331,4.0
8.0,13.0,9.0,17.0,70.70686274509805,4.0
0.0,0.0,1.0,10.0,10.16470588235294,5.0
1.0,0.0,2.0,2.0,5.08235294117647,5.0
2.0,0.0,4.0,1.0,5.08235294117647,5.0
4.0,0.0,5.0,2.0,2.032941176470588,5.0
5.0,0.0,9.0,2.0,0.5696078431372549,5.0
9.0,0.0,10.0,10.0,1.016470588235294,5.0
-0.0,10.0,1.0,20.0,10.16470588235294,5.0
1.0,17.0,5.0,20.0,0.4509803921568627,5.0
9.0,10.0,10.0,20.0,1.016470588235294,5.0
5.0,17.0,9.0,20.0,0.0,5.0
