l_l_m,l_l_n,u_r_m,u_r_n,avg_sal,sal_state
3.0,6.0,7.0,11.0,2507.5125490196083,1.0
2.0,4.0,3.0,12.0,1909.561274509804,2.0
3.0,5.0,7.0,6.0,1930.9058823529413,2.0
4.0,11.0,7.0,13.0,1907.194117647059,2.0
3.0,11.0,4.0,12.0,2283.858823529412,2.0
2.0,13.0,8.0,16.0,1732.974074074074,1.0
4.0,4.0,8.0,5.0,1964.936274509804,2.0
2.0,3.0,4.0,4.0,1365.829411764706,2.0
3.0,4.0,4.0,5.0,1365.829411764706,2.0
7.0,5.0,8.0,13.0,1686.8867102396514,2.0
1.0,3.0,2.0,15.0,222.9611111111111,4.0
1.0,15.0,2.0,16.0,24.388235294117646,4.0
2.0,12.0,4.0,13.0,376.99607843137255,4.0
0.0,0.0,1.0,10.0,10.16470588235294,5.0
4.0,0.0,5.0,4.0,2.032941176470588,5.0
1.0,0.0,4.0,3.0,7.623529411764706,5.0
5.0,0.0,8.0,4.0,3.8117647058823527,5.0
8.0,0.0,10.0,10.0,2.032941176470588,5.0
-0.0,10.0,1.0,20.0,10.16470588235294,5.0
1.0,16.0,5.0,20.0,0.0,5.0
8.0,10.0,10.0,20.0,2.032941176470588,5.0
5.0,16.0,8.0,20.0,3.8117647058823527,5.0
