l_l_m,l_l_n,u_r_m,u_r_n,avg_sal,sal_state
2.0,14.0,8.0,15.0,621.9594771241831,2.0
2.0,0.0,8.0,1.0,2304.433333333333,1.0
5.0,3.0,7.0,4.0,2509.2039215686277,1.0
2.0,13.0,8.0,14.0,2384.638562091503,1.0
2.0,3.0,5.0,13.0,2155.4990849673204,2.0
2.0,1.0,5.0,3.0,2148.790196078432,2.0
7.0,1.0,8.0,13.0,1643.7140522875816,2.0
5.0,1.0,7.0,3.0,1859.1264705882354,2.0
5.0,4.0,7.0,13.0,2345.776906318083,2.0
1.0,15.0,2.0,20.0,594.5952941176471,2.0
7.0,16.0,8.0,20.0,683.3833333333333,2.0
2.0,15.0,7.0,20.0,2209.9411764705887,1.0
1.0,1.0,2.0,13.0,213.6032679738562,4.0
1.0,0.0,2.0,1.0,201.45882352941175,4.0
8.0,4.0,9.0,13.0,19.96620672960542,4.0
8.0,0.0,9.0,4.0,1.1294117647058823,5.0
9.0,0.0,10.0,3.0,0.0,5.0
9.0,3.0,10.0,17.0,0.0,5.0
9.0,17.0,10.0,20.0,0.0,5.0
7.0,15.0,8.0,16.0,1.2705882352941176,5.0
8.0,13.0,9.0,20.0,1.1294117647058823,5.0
0.0,0.0,1.0,3.0,0.0,5.0
0.0,3.0,1.0,17.0,0.0,5.0
0.0,17.0,1.0,20.0,0.0,5.0
1.0,13.0,2.0,15.0,5.08235294117647,5.0
