l_l_m,l_l_n,u_r_m,u_r_n,avg_sal,sal_state
2.0,0.0,8.0,3.0,2240.0729847494554,1.0
3.0,5.0,6.0,6.0,2509.409150326797,1.0
3.0,7.0,7.0,9.0,2525.4078431372554,1.0
4.0,13.0,7.0,16.0,2248.9917211328975,1.0
2.0,18.0,8.0,20.0,2207.6519607843134,1.0
2.0,3.0,3.0,13.0,1682.2125490196079,2.0
7.0,3.0,8.0,4.0,1960.145098039216,2.0
7.0,4.0,8.0,16.0,1844.1578431372552,2.0
7.0,16.0,8.0,18.0,1948.2039215686277,2.0
8.0,12.0,9.0,18.0,1032.118954248366,2.0
3.0,3.0,6.0,5.0,2222.609803921569,2.0
3.0,9.0,7.0,13.0,928.6680672268906,4.0
6.0,3.0,7.0,7.0,237.03487394957986,4.0
3.0,6.0,6.0,7.0,971.2960784313727,4.0
4.0,16.0,6.0,17.0,234.1450980392157,4.0
6.0,16.0,7.0,18.0,159.21260504201678,4.0
0.0,0.0,2.0,4.0,31.076470588235296,5.0
0.0,4.0,2.0,16.0,91.89313725490196,5.0
0.0,16.0,2.0,20.0,10.308823529411764,5.0
2.0,13.0,4.0,18.0,5.08235294117647,5.0
4.0,17.0,6.0,18.0,3.388235294117647,5.0
8.0,0.0,9.0,12.0,223.12941176470588,5.0
9.0,0.0,10.0,3.0,0.0,5.0
9.0,3.0,10.0,17.0,124.3854341736695,5.0
9.0,17.0,10.0,20.0,175.66274509803918,5.0
8.0,18.0,9.0,20.0,1.1294117647058823,5.0
