l_l_m,l_l_n,u_r_m,u_r_n,avg_sal,sal_state
2.0,2.0,6.0,3.0,673.7705882352941,2.0
2.0,3.0,8.0,5.0,2299.7434640522874,1.0
3.0,7.0,7.0,11.0,2549.947794117647,1.0
7.0,5.0,8.0,13.0,1793.3867647058826,2.0
3.0,11.0,7.0,13.0,2344.9651960784313,2.0
3.0,5.0,7.0,7.0,2248.121078431373,2.0
1.0,13.0,2.0,15.0,607.3156862745097,2.0
7.0,13.0,8.0,17.0,731.6186274509802,2.0
2.0,13.0,7.0,17.0,2341.3474509803923,1.0
1.0,16.0,2.0,18.0,426.8156862745098,2.0
2.0,17.0,5.0,18.0,848.6901960784312,2.0
2.0,5.0,3.0,13.0,1912.197821350763,2.0
1.0,2.0,2.0,13.0,80.58734402852049,4.0
0.0,0.0,1.0,10.0,10.16470588235294,5.0
1.0,0.0,5.0,2.0,0.0,5.0
5.0,0.0,6.0,2.0,1.6941176470588235,5.0
8.0,0.0,10.0,10.0,2.032941176470588,5.0
6.0,0.0,8.0,3.0,2.541176470588235,5.0
-0.0,10.0,1.0,20.0,10.16470588235294,5.0
1.0,15.0,2.0,16.0,5.08235294117647,5.0
1.0,18.0,5.0,20.0,0.4818627450980392,5.0
8.0,10.0,10.0,20.0,2.032941176470588,5.0
5.0,17.0,8.0,20.0,3.811764705882353,5.0
