l_l_m,l_l_n,u_r_m,u_r_n,avg_sal,sal_state
2.0,1.0,5.0,2.0,578.1790849673203,2.0
2.0,2.0,8.0,6.0,2110.394444444445,1.0
3.0,7.0,8.0,12.0,2398.9913725490196,1.0
2.0,6.0,3.0,13.0,1807.5467787114846,2.0
3.0,6.0,8.0,7.0,2115.816470588236,2.0
3.0,12.0,7.0,13.0,2140.729411764706,2.0
7.0,12.0,8.0,14.0,1392.549019607843,2.0
1.0,1.0,2.0,13.0,119.11013071895428,4.0
1.0,13.0,2.0,14.0,14.407843137254904,4.0
2.0,13.0,7.0,14.0,85.2218487394958,4.0
0.0,0.0,1.0,10.0,10.16470588235294,5.0
1.0,0.0,5.0,1.0,0.0,5.0
5.0,0.0,8.0,2.0,3.8117647058823527,5.0
8.0,0.0,10.0,10.0,2.032941176470588,5.0
-0.0,10.0,1.0,20.0,10.16470588235294,5.0
1.0,14.0,5.0,20.0,0.0,5.0
8.0,10.0,10.0,20.0,2.032941176470588,5.0
5.0,14.0,8.0,20.0,3.811764705882353,5.0
