l_l_m,l_l_n,u_r_m,u_r_n,avg_sal,sal_state
2.0,12.0,8.0,13.0,1922.9686274509809,2.0
2.0,4.0,8.0,12.0,2217.5032679738565,1.0
2.0,2.0,8.0,4.0,2037.7022875816995,1.0
3.0,13.0,7.0,15.0,2284.7279411764707,1.0
7.0,13.0,8.0,17.0,1751.1107843137258,2.0
8.0,14.0,9.0,17.0,1114.1150326797383,2.0
4.0,15.0,7.0,16.0,899.4758169934642,2.0
8.0,3.0,9.0,14.0,29.07074668251139,4.0
9.0,12.0,10.0,15.0,2.1389542483660127,4.0
1.0,1.0,2.0,13.0,122.61503267973858,4.0
1.0,13.0,2.0,14.0,17.243137254901963,4.0
2.0,1.0,6.0,2.0,44.607843137254896,4.0
2.0,13.0,3.0,14.0,37.49803921568628,4.0
0.0,0.0,1.0,10.0,10.16470588235294,5.0
1.0,0.0,5.0,1.0,0.0,5.0
5.0,0.0,6.0,1.0,1.6941176470588235,5.0
9.0,0.0,10.0,10.0,1.016470588235294,5.0
6.0,0.0,8.0,2.0,2.541176470588235,5.0
8.0,0.0,9.0,3.0,1.1294117647058823,5.0
-0.0,10.0,1.0,20.0,10.16470588235294,5.0
1.0,14.0,3.0,20.0,6.776470588235294,5.0
3.0,15.0,4.0,20.0,2.541176470588235,5.0
4.0,16.0,5.0,20.0,2.032941176470588,5.0
9.0,10.0,10.0,12.0,1.016470588235294,5.0
9.0,15.0,10.0,20.0,1.016470588235294,5.0
5.0,16.0,7.0,20.0,2.9042016806722684,5.0
7.0,17.0,9.0,20.0,2.2588235294117647,5.0
