l_l_m,l_l_n,u_r_m,u_r_n,avg_sal,sal_state
2.0,1.0,8.0,6.0,2117.1528104575164,1.0
2.0,7.0,7.0,10.0,2360.238692810458,1.0
2.0,13.0,7.0,15.0,2440.673333333333,1.0
2.0,6.0,7.0,7.0,2287.517647058824,2.0
7.0,6.0,8.0,16.0,1618.0588235294117,2.0
1.0,15.0,7.0,17.0,1685.7186274509802,2.0
2.0,10.0,7.0,13.0,2352.29751633987,2.0
1.0,4.0,2.0,15.0,78.21586452762924,4.0
0.0,0.0,1.0,10.0,10.16470588235294,5.0
1.0,0.0,2.0,4.0,5.08235294117647,5.0
2.0,0.0,5.0,1.0,6.0988235294117645,5.0
5.0,0.0,8.0,1.0,3.8117647058823527,5.0
8.0,0.0,10.0,10.0,2.032941176470588,5.0
-0.0,10.0,1.0,20.0,10.16470588235294,5.0
1.0,17.0,5.0,20.0,37.37091503267975,5.0
8.0,10.0,10.0,20.0,2.032941176470588,5.0
5.0,17.0,7.0,20.0,2.9042016806722684,5.0
7.0,16.0,8.0,20.0,1.2705882352941176,5.0
