l_l_m,l_l_n,u_r_m,u_r_n,avg_sal,sal_state
5.0,1.0,7.0,2.0,2356.6176470588234,1.0
2.0,2.0,4.0,3.0,2300.3901960784315,1.0
3.0,5.0,7.0,8.0,2513.6091503267976,1.0
2.0,11.0,8.0,15.0,2003.9334967320265,1.0
1.0,0.0,7.0,1.0,1324.5960784313727,2.0
7.0,0.0,8.0,11.0,1541.4495543672015,2.0
2.0,3.0,3.0,11.0,1776.0735294117646,2.0
3.0,3.0,4.0,5.0,2443.149019607843,2.0
4.0,2.0,7.0,5.0,2329.213071895425,2.0
2.0,1.0,5.0,2.0,2262.542483660131,2.0
3.0,8.0,7.0,11.0,2335.929738562092,2.0
1.0,1.0,2.0,2.0,225.12549019607846,4.0
1.0,2.0,2.0,14.0,167.35392156862744,4.0
1.0,14.0,2.0,15.0,52.415686274509795,4.0
8.0,3.0,9.0,13.0,16.477342047930282,4.0
0.0,0.0,1.0,10.0,10.16470588235294,5.0
8.0,0.0,9.0,3.0,1.1294117647058823,5.0
9.0,0.0,10.0,10.0,1.016470588235294,5.0
-0.0,10.0,1.0,20.0,10.16470588235294,5.0
1.0,15.0,5.0,20.0,4.3813725490196065,5.0
9.0,10.0,10.0,20.0,1.016470588235294,5.0
5.0,15.0,8.0,20.0,3.8117647058823527,5.0
8.0,13.0,9.0,20.0,1.1294117647058823,5.0
