l_l_m,l_l_n,u_r_m,u_r_n,avg_sal,sal_state
2.0,2.0,8.0,3.0,1423.976470588235,2.0
2.0,14.0,5.0,15.0,662.7372549019608,2.0
2.0,3.0,8.0,4.0,2003.8209150326795,1.0
2.0,4.0,8.0,12.0,2252.8020424836604,1.0
2.0,12.0,8.0,14.0,2079.2578431372553,1.0
1.0,2.0,2.0,14.0,176.13594771241833,4.0
1.0,14.0,2.0,15.0,110.32941176470587,4.0
8.0,2.0,9.0,14.0,75.26045751633987,4.0
8.0,14.0,9.0,15.0,71.4235294117647,4.0
5.0,14.0,8.0,15.0,191.4906862745098,4.0
0.0,0.0,1.0,10.0,10.16470588235294,5.0
1.0,0.0,5.0,2.0,6.302941176470588,5.0
5.0,0.0,9.0,2.0,0.2519607843137255,5.0
9.0,0.0,10.0,10.0,1.016470588235294,5.0
-0.0,10.0,1.0,20.0,10.16470588235294,5.0
1.0,15.0,5.0,20.0,0.0,5.0
9.0,10.0,10.0,20.0,1.016470588235294,5.0
5.0,15.0,9.0,20.0,0.007843137254901959,5.0
