l_l_m,l_l_n,u_r_m,u_r_n,avg_sal,sal_state
2.0,17.0,5.0,18.0,578.4496732026145,2.0
3.0,7.0,7.0,12.0,2493.135882352941,1.0
2.0,13.0,5.0,14.0,2326.5398692810463,1.0
2.0,15.0,8.0,17.0,2307.8947712418303,1.0
1.0,5.0,3.0,7.0,1407.2480392156867,2.0
3.0,6.0,5.0,7.0,1787.9333333333334,2.0
3.0,12.0,5.0,13.0,2279.6352941176474,2.0
5.0,12.0,7.0,15.0,2156.034640522876,2.0
7.0,7.0,8.0,15.0,1596.7529411764706,2.0
2.0,14.0,5.0,15.0,2093.593464052288,2.0
2.0,7.0,3.0,13.0,1929.1516339869283,2.0
1.0,3.0,3.0,5.0,246.3124183006536,4.0
3.0,4.0,8.0,6.0,303.7078431372549,4.0
8.0,6.0,9.0,14.0,4.485566448801744,4.0
5.0,6.0,8.0,7.0,225.23186274509808,4.0
1.0,7.0,2.0,18.0,125.7331550802139,4.0
0.0,0.0,1.0,10.0,10.16470588235294,5.0
3.0,0.0,5.0,4.0,4.065882352941176,5.0
1.0,0.0,3.0,3.0,6.776470588235294,5.0
5.0,0.0,8.0,4.0,3.8117647058823527,5.0
9.0,0.0,10.0,10.0,1.016470588235294,5.0
8.0,0.0,9.0,6.0,1.1294117647058823,5.0
-0.0,10.0,1.0,20.0,10.16470588235294,5.0
1.0,18.0,5.0,20.0,0.0,5.0
9.0,10.0,10.0,20.0,1.016470588235294,5.0
5.0,17.0,8.0,20.0,3.811764705882353,5.0
8.0,14.0,9.0,20.0,1.1294117647058823,5.0
