l_l_m,l_l_n,u_r_m,u_r_n,avg_sal,sal_state
2.0,0.0,8.0,3.0,2082.713071895425,1.0
3.0,7.0,6.0,11.0,2539.9264705882347,1.0
1.0,0.0,2.0,4.0,519.5941176470589,2.0
2.0,3.0,3.0,13.0,1822.7015686274508,2.0
6.0,3.0,8.0,13.0,2022.031568627451,2.0
3.0,3.0,6.0,7.0,2314.1117647058827,2.0
3.0,11.0,6.0,13.0,2079.0653594771247,2.0
2.0,13.0,4.0,16.0,1714.5013071895426,2.0
6.0,13.0,7.0,16.0,1980.0810457516336,2.0
4.0,13.0,6.0,16.0,2183.832679738562,1.0
8.0,3.0,9.0,14.0,13.132105367399484,4.0
7.0,13.0,8.0,16.0,107.9039215686275,4.0
1.0,4.0,2.0,14.0,97.17274509803923,4.0
0.0,0.0,1.0,10.0,10.16470588235294,5.0
8.0,0.0,9.0,3.0,1.1294117647058823,5.0
9.0,0.0,10.0,10.0,1.016470588235294,5.0
-0.0,10.0,1.0,20.0,10.16470588235294,5.0
1.0,14.0,2.0,20.0,5.08235294117647,5.0
2.0,16.0,5.0,20.0,6.0988235294117645,5.0
9.0,10.0,10.0,20.0,1.016470588235294,5.0
5.0,16.0,8.0,20.0,3.8117647058823527,5.0
8.0,14.0,9.0,20.0,1.1294117647058823,5.0
