l_l_m,l_l_n,u_r_m,u_r_n,avg_sal,sal_state
3.0,7.0,7.0,12.0,2517.5325490196074,1.0
2.0,5.0,3.0,13.0,1881.492156862745,2.0
3.0,5.0,5.0,7.0,2024.5656862745104,2.0
5.0,6.0,7.0,7.0,2056.2058823529414,2.0
7.0,6.0,8.0,14.0,1620.6259803921564,2.0
3.0,12.0,7.0,13.0,2154.151960784314,2.0
2.0,4.0,8.0,5.0,2141.783660130719,1.0
1.0,3.0,2.0,14.0,153.75739750445632,4.0
2.0,3.0,8.0,4.0,144.8352941176471,4.0
2.0,13.0,7.0,14.0,182.76302521008407,4.0
5.0,5.0,8.0,6.0,328.6269607843137,4.0
8.0,6.0,9.0,14.0,19.69471677559913,4.0
0.0,0.0,1.0,10.0,10.16470588235294,5.0
1.0,0.0,5.0,3.0,0.0,5.0
5.0,0.0,8.0,3.0,3.811764705882353,5.0
9.0,0.0,10.0,10.0,1.016470588235294,5.0
8.0,0.0,9.0,6.0,1.1294117647058823,5.0
-0.0,10.0,1.0,20.0,10.16470588235294,5.0
1.0,14.0,5.0,20.0,0.3127450980392157,5.0
9.0,10.0,10.0,20.0,1.016470588235294,5.0
5.0,14.0,9.0,20.0,0.0,5.0
