l_l_m,l_l_n,u_r_m,u_r_n,avg_sal,sal_state
4.0,4.0,7.0,6.0,2277.5718954248364,1.0
2.0,7.0,8.0,12.0,2304.6209150326804,1.0
3.0,3.0,4.0,6.0,2288.316339869281,2.0
4.0,3.0,5.0,4.0,1497.7490196078436,2.0
2.0,6.0,7.0,7.0,1783.8392156862744,2.0
2.0,12.0,5.0,13.0,1954.2326797385626,2.0
5.0,12.0,8.0,14.0,2040.1908496732028,2.0
2.0,14.0,7.0,18.0,2476.418627450981,1.0
7.0,14.0,8.0,19.0,1097.8062745098039,2.0
2.0,19.0,6.0,20.0,1644.909803921569,2.0
1.0,19.0,2.0,20.0,647.7137254901961,2.0
2.0,18.0,7.0,19.0,2344.792156862745,2.0
2.0,0.0,8.0,3.0,1871.2305010893247,1.0
1.0,0.0,2.0,2.0,517.8771241830066,2.0
1.0,2.0,2.0,3.0,1559.7289215686276,2.0
1.0,3.0,3.0,6.0,1559.7289215686276,2.0
2.0,13.0,5.0,14.0,1922.9937254901959,2.0
5.0,3.0,7.0,4.0,177.43305322128853,4.0
7.0,3.0,8.0,6.0,28.45996732026144,4.0
1.0,13.0,2.0,19.0,113.98071895424835,4.0
8.0,6.0,9.0,15.0,9.573275236020333,4.0
1.0,6.0,2.0,13.0,79.74537815126052,4.0
7.0,6.0,8.0,7.0,47.059313725490206,4.0
8.0,0.0,9.0,6.0,1.1294117647058823,5.0
9.0,0.0,10.0,3.0,0.0,5.0
9.0,3.0,10.0,17.0,0.0,5.0
9.0,17.0,10.0,20.0,0.0,5.0
6.0,19.0,8.0,20.0,2.541176470588235,5.0
8.0,6.0,9.0,7.0,74.12549019607843,5.0
8.0,7.0,9.0,19.0,59.976470588235294,5.0
8.0,19.0,9.0,20.0,0.0,5.0
0.0,0.0,1.0,3.0,0.0,5.0
0.0,3.0,1.0,17.0,0.592156862745098,5.0
0.0,17.0,1.0,20.0,0.0,5.0
