l_l_m,l_l_n,u_r_m,u_r_n,avg_sal,sal_state
3.0,0.0,7.0,3.0,2317.643464052288,1.0
3.0,4.0,7.0,7.0,2374.8934640522875,1.0
2.0,8.0,7.0,13.0,2405.047843137255,1.0
4.0,19.0,7.0,20.0,2437.7294117647057,1.0
2.0,14.0,5.0,18.0,2034.562418300654,1.0
5.0,15.0,8.0,18.0,2088.8496732026147,1.0
2.0,0.0,3.0,5.0,1610.6768627450979,2.0
3.0,3.0,7.0,4.0,2206.377450980392,2.0
8.0,3.0,9.0,5.0,729.4843137254902,2.0
2.0,13.0,5.0,14.0,2157.453594771242,2.0
5.0,13.0,7.0,15.0,2085.207843137255,2.0
2.0,7.0,7.0,8.0,2260.0,2.0
7.0,3.0,8.0,15.0,1847.764052287582,2.0
2.0,18.0,4.0,20.0,2313.563725490196,2.0
4.0,18.0,7.0,19.0,1772.6274509803925,2.0
1.0,0.0,2.0,1.0,434.83921568627454,4.0
1.0,1.0,2.0,13.0,186.6336601307189,4.0
1.0,13.0,2.0,15.0,106.5,4.0
2.0,5.0,3.0,7.0,193.50392156862745,4.0
7.0,0.0,8.0,3.0,83.95522875816994,4.0
8.0,1.0,9.0,3.0,16.180392156862744,4.0
1.0,16.0,2.0,20.0,145.20539215686276,4.0
8.0,5.0,9.0,12.0,20.140989729225023,4.0
7.0,18.0,8.0,20.0,62.726470588235294,4.0
8.0,0.0,9.0,1.0,1.1294117647058823,5.0
9.0,0.0,10.0,3.0,0.0,5.0
9.0,3.0,10.0,17.0,0.2876750700280112,5.0
9.0,17.0,10.0,20.0,0.0,5.0
8.0,12.0,9.0,20.0,1.1294117647058823,5.0
0.0,0.0,1.0,3.0,18.947712418300654,5.0
0.0,3.0,1.0,17.0,0.12941176470588234,5.0
0.0,17.0,1.0,20.0,3.5398692810457515,5.0
1.0,15.0,2.0,16.0,5.08235294117647,5.0
