l_l_m,l_l_n,u_r_m,u_r_n,avg_sal,sal_state
3.0,8.0,6.0,9.0,2519.669281045752,1.0
4.0,11.0,5.0,12.0,2509.3882352941173,1.0
6.0,14.0,8.0,15.0,2258.7705882352943,1.0
2.0,5.0,3.0,16.0,1654.0777183600715,2.0
6.0,5.0,8.0,14.0,2161.5599128540307,2.0
6.0,15.0,8.0,17.0,2070.1352941176474,2.0
3.0,5.0,6.0,8.0,2295.950762527233,2.0
3.0,9.0,4.0,16.0,2297.947338935575,2.0
5.0,9.0,6.0,17.0,2386.876960784314,2.0
4.0,9.0,5.0,11.0,2509.164705882353,2.0
4.0,12.0,5.0,16.0,2329.616666666667,2.0
2.0,0.0,8.0,5.0,2276.1960784313724,1.0
6.0,17.0,7.0,18.0,1330.686274509804,1.0
7.0,17.0,8.0,18.0,1703.4333333333334,2.0
2.0,16.0,5.0,17.0,1363.3529411764707,2.0
2.0,17.0,6.0,18.0,1363.3529411764707,2.0
8.0,0.0,9.0,3.0,172.66797385620916,4.0
8.0,3.0,9.0,15.0,278.8003267973856,4.0
8.0,15.0,9.0,18.0,163.64183006535947,4.0
1.0,2.0,2.0,3.0,90.78431372549021,4.0
1.0,3.0,2.0,15.0,157.52418300653594,4.0
1.0,15.0,2.0,17.0,105.73529411764706,4.0
3.0,19.0,4.0,20.0,143.42352941176472,4.0
4.0,19.0,8.0,20.0,460.9813725490196,4.0
8.0,19.0,9.0,20.0,72.72549019607844,4.0
0.0,0.0,1.0,10.0,10.16470588235294,5.0
1.0,0.0,2.0,2.0,5.08235294117647,5.0
9.0,0.0,10.0,10.0,1.016470588235294,5.0
-0.0,10.0,1.0,20.0,10.16470588235294,5.0
1.0,17.0,2.0,20.0,5.08235294117647,5.0
2.0,18.0,3.0,20.0,3.388235294117647,5.0
3.0,18.0,5.0,19.0,4.065882352941176,5.0
9.0,10.0,10.0,20.0,1.016470588235294,5.0
5.0,18.0,9.0,19.0,0.34901960784313724,5.0
