l_l_m,l_l_n,u_r_m,u_r_n,avg_sal,sal_state
2.0,4.0,7.0,12.0,2231.143529411765,1.0
2.0,3.0,7.0,4.0,1645.3403921568631,1.0
2.0,13.0,4.0,15.0,1782.391176470588,1.0
6.0,13.0,8.0,14.0,1940.1921568627447,1.0
7.0,3.0,8.0,13.0,1345.9199999999996,2.0
6.0,14.0,7.0,15.0,829.9450980392157,2.0
4.0,13.0,6.0,15.0,1639.0156862745102,2.0
2.0,12.0,7.0,13.0,2249.643921568628,2.0
1.0,3.0,2.0,15.0,337.10424836601305,4.0
1.0,15.0,2.0,16.0,9.701960784313727,4.0
2.0,15.0,4.0,16.0,17.008823529411767,4.0
8.0,5.0,9.0,15.0,13.41760348583878,4.0
7.0,14.0,8.0,15.0,55.084313725490205,4.0
0.0,0.0,1.0,10.0,10.16470588235294,5.0
1.0,0.0,5.0,3.0,3.323856209150327,5.0
5.0,0.0,8.0,3.0,3.811764705882353,5.0
9.0,0.0,10.0,10.0,1.016470588235294,5.0
8.0,0.0,9.0,5.0,1.1294117647058823,5.0
-0.0,10.0,1.0,20.0,10.16470588235294,5.0
1.0,16.0,4.0,20.0,7.623529411764705,5.0
4.0,15.0,5.0,20.0,2.032941176470588,5.0
9.0,10.0,10.0,20.0,1.016470588235294,5.0
5.0,15.0,9.0,20.0,1.0050980392156863,5.0
