l_l_m,l_l_n,u_r_m,u_r_n,avg_sal,sal_state
3.0,4.0,7.0,6.0,2430.299019607843,1.0
3.0,7.0,6.0,12.0,2513.743529411765,1.0
3.0,14.0,8.0,19.0,2267.4359215686272,1.0
8.0,16.0,9.0,20.0,507.80294117647054,2.0
7.0,19.0,8.0,20.0,295.40784313725493,2.0
2.0,2.0,3.0,4.0,1586.5960784313725,2.0
2.0,4.0,3.0,16.0,1778.354575163399,2.0
2.0,16.0,3.0,19.0,694.2496732026144,2.0
3.0,3.0,6.0,4.0,1746.291503267974,2.0
3.0,6.0,6.0,7.0,2238.112418300654,2.0
6.0,6.0,7.0,14.0,2407.601960784313,2.0
7.0,5.0,8.0,14.0,1827.2100217864927,2.0
3.0,12.0,6.0,14.0,2151.577777777778,2.0
1.0,2.0,2.0,3.0,395.51764705882346,4.0
1.0,3.0,2.0,15.0,295.2205882352941,4.0
1.0,15.0,2.0,17.0,101.52941176470587,4.0
-0.0,4.0,1.0,7.0,27.534640522875808,4.0
3.0,2.0,6.0,3.0,289.86274509803917,4.0
7.0,2.0,8.0,5.0,70.24281045751634,4.0
6.0,2.0,7.0,4.0,97.60644257703079,4.0
8.0,5.0,9.0,16.0,33.18894830659537,4.0
0.0,0.0,1.0,4.0,10.16470588235294,5.0
9.0,0.0,10.0,3.0,0.0,5.0
9.0,3.0,10.0,17.0,6.03921568627451,5.0
9.0,17.0,10.0,20.0,0.0,5.0
1.0,0.0,7.0,2.0,0.515032679738562,5.0
7.0,0.0,8.0,2.0,0.0,5.0
8.0,0.0,9.0,5.0,1.1294117647058823,5.0
-0.0,7.0,1.0,20.0,10.16470588235294,5.0
1.0,17.0,2.0,20.0,5.08235294117647,5.0
2.0,19.0,7.0,20.0,7.260504201680673,5.0
