l_l_m,l_l_n,u_r_m,u_r_n,avg_sal,sal_state
7.0,2.0,8.0,4.0,1760.194117647059,2.0
8.0,12.0,9.0,13.0,376.3607843137255,2.0
7.0,14.0,8.0,15.0,624.9882352941178,2.0
3.0,2.0,7.0,5.0,2339.564379084968,1.0
5.0,6.0,6.0,7.0,2508.886274509804,1.0
2.0,8.0,8.0,14.0,2220.180283224401,1.0
2.0,4.0,3.0,8.0,1784.9215686274508,2.0
3.0,5.0,5.0,8.0,2465.326797385621,2.0
6.0,5.0,8.0,8.0,2127.2163398692815,2.0
5.0,5.0,6.0,6.0,2499.078431372549,2.0
5.0,7.0,6.0,8.0,2475.2431372549013,2.0
1.0,1.0,2.0,13.0,198.53006535947716,4.0
1.0,0.0,2.0,1.0,103.22745098039215,4.0
2.0,0.0,3.0,4.0,197.8843137254902,4.0
9.0,1.0,10.0,5.0,5.675686274509804,4.0
7.0,4.0,8.0,5.0,115.36078431372549,4.0
3.0,0.0,8.0,2.0,335.32132352941176,4.0
8.0,0.0,9.0,12.0,367.5892156862745,4.0
0.0,0.0,1.0,3.0,0.0,5.0
0.0,3.0,1.0,17.0,0.0,5.0
0.0,17.0,1.0,20.0,0.0,5.0
1.0,13.0,2.0,20.0,5.082352941176472,5.0
2.0,14.0,7.0,20.0,7.260504201680673,5.0
7.0,15.0,8.0,20.0,1.2705882352941176,5.0
8.0,13.0,9.0,20.0,1.1294117647058823,5.0
9.0,5.0,10.0,19.0,2.590756302521008,5.0
9.0,19.0,10.0,20.0,0.0,5.0
9.0,0.0,10.0,1.0,1.016470588235294,5.0
