l_l_m,l_l_n,u_r_m,u_r_n,avg_sal,sal_state
2.0,5.0,5.0,13.0,2222.021732026144,1.0
5.0,7.0,8.0,13.0,2125.4130718954248,1.0
2.0,14.0,7.0,17.0,2151.208888888889,1.0
7.0,15.0,8.0,17.0,758.9882352941178,1.0
7.0,4.0,8.0,7.0,1256.3660130718954,2.0
5.0,5.0,7.0,7.0,1925.7862745098041,2.0
1.0,13.0,2.0,18.0,427.9411764705883,2.0
2.0,13.0,8.0,14.0,1945.5888888888892,2.0
2.0,17.0,3.0,18.0,453.2039215686274,2.0
9.0,0.0,10.0,3.0,552.40522875817,4.0
9.0,3.0,10.0,17.0,356.22717086834734,4.0
9.0,17.0,10.0,20.0,505.14248366013067,4.0
7.0,14.0,8.0,15.0,121.37254901960787,4.0
7.0,3.0,8.0,4.0,23.75049019607843,4.0
8.0,2.0,9.0,4.0,617.6529411764707,4.0
8.0,4.0,9.0,16.0,593.3156862745099,4.0
8.0,16.0,9.0,18.0,379.32745098039214,4.0
1.0,4.0,2.0,13.0,183.4675381263617,4.0
2.0,4.0,7.0,5.0,101.0095238095238,4.0
0.0,0.0,1.0,10.0,10.16470588235294,5.0
1.0,0.0,5.0,4.0,0.0,5.0
5.0,0.0,7.0,4.0,2.9042016806722684,5.0
7.0,0.0,8.0,3.0,1.2705882352941176,5.0
8.0,0.0,9.0,2.0,1.1294117647058823,5.0
-0.0,10.0,1.0,20.0,10.16470588235294,5.0
1.0,18.0,3.0,20.0,6.776470588235294,5.0
3.0,17.0,5.0,20.0,4.065882352941176,5.0
5.0,17.0,8.0,20.0,3.811764705882353,5.0
8.0,18.0,9.0,20.0,1.1294117647058823,5.0
