l_l_m,l_l_n,u_r_m,u_r_n,avg_sal,sal_state
3.0,2.0,7.0,5.0,2135.8366013071895,1.0
2.0,8.0,8.0,13.0,2269.6614379084963,1.0
1.0,2.0,2.0,3.0,1413.3450980392154,2.0
2.0,2.0,3.0,8.0,2087.3104575163397,2.0
3.0,5.0,7.0,8.0,2249.163398692811,2.0
7.0,7.0,8.0,8.0,1627.549019607843,2.0
2.0,13.0,5.0,15.0,1321.1686274509807,2.0
5.0,13.0,7.0,14.0,1916.1941176470584,2.0
2.0,0.0,6.0,1.0,467.25,4.0
1.0,0.0,2.0,1.0,867.9843137254902,4.0
1.0,3.0,2.0,15.0,323.06601307189544,4.0
-0.0,1.0,1.0,6.0,84.92470588235294,4.0
1.0,1.0,7.0,2.0,891.3379084967319,4.0
7.0,3.0,8.0,7.0,53.08235294117648,4.0
8.0,5.0,9.0,14.0,7.1531348341805865,4.0
5.0,14.0,8.0,15.0,84.36323529411764,4.0
7.0,7.0,8.0,14.0,12.13144257703081,4.0
6.0,0.0,7.0,1.0,1.4521008403361344,5.0
9.0,0.0,10.0,3.0,0.0,5.0
9.0,3.0,10.0,17.0,0.0,5.0
9.0,17.0,10.0,20.0,0.0,5.0
0.0,6.0,1.0,20.0,2.773949579831932,5.0
1.0,15.0,7.0,20.0,15.935686274509804,5.0
7.0,15.0,8.0,20.0,0.0,5.0
8.0,5.0,9.0,6.0,40.20392156862745,5.0
8.0,6.0,9.0,18.0,45.049673202614386,5.0
8.0,18.0,9.0,20.0,0.0,5.0
7.0,0.0,8.0,3.0,1.2705882352941176,5.0
8.0,0.0,9.0,5.0,1.1294117647058823,5.0
0.0,0.0,1.0,1.0,10.16470588235294,5.0
