l_l_m,l_l_n,u_r_m,u_r_n,avg_sal,sal_state
2.0,0.0,8.0,3.0,2233.3283224400875,1.0
3.0,4.0,7.0,6.0,2414.9465686274507,1.0
3.0,14.0,7.0,15.0,2581.469607843137,1.0
2.0,3.0,3.0,4.0,1573.1882352941175,2.0
2.0,4.0,3.0,16.0,1838.6261437908497,2.0
2.0,16.0,3.0,17.0,1654.2470588235294,2.0
7.0,3.0,8.0,4.0,2072.333333333333,2.0
7.0,4.0,8.0,16.0,1763.0519607843135,2.0
7.0,16.0,8.0,17.0,1867.6588235294118,2.0
3.0,6.0,7.0,14.0,2366.403921568627,2.0
3.0,3.0,7.0,4.0,2245.437254901961,2.0
3.0,15.0,7.0,17.0,2280.391666666667,2.0
2.0,17.0,8.0,18.0,1987.7627450980392,2.0
2.0,18.0,8.0,20.0,2354.864379084968,1.0
1.0,6.0,2.0,15.0,77.39847494553378,4.0
8.0,0.0,10.0,3.0,25.407843137254897,5.0
8.0,3.0,10.0,17.0,20.06064425770308,5.0
8.0,17.0,10.0,20.0,25.67320261437909,5.0
0.0,0.0,1.0,3.0,0.0,5.0
0.0,3.0,1.0,17.0,0.0,5.0
0.0,17.0,1.0,20.0,0.0,5.0
1.0,0.0,2.0,6.0,5.08235294117647,5.0
1.0,15.0,2.0,20.0,5.08235294117647,5.0
