l_l_m,l_l_n,u_r_m,u_r_n,avg_sal,sal_state
4.0,8.0,6.0,9.0,2494.060784313726,1.0
3.0,10.0,6.0,12.0,2505.314379084968,1.0
2.0,5.0,3.0,15.0,1772.087450980392,2.0
3.0,6.0,4.0,10.0,2328.8892156862744,2.0
6.0,6.0,8.0,16.0,1923.5876470588234,2.0
8.0,15.0,9.0,16.0,830.2352941176471,2.0
3.0,12.0,6.0,16.0,1929.769607843137,2.0
4.0,6.0,6.0,8.0,2126.193137254902,2.0
4.0,9.0,6.0,10.0,2485.245098039216,2.0
2.0,16.0,8.0,17.0,1199.7986928104574,2.0
8.0,18.0,9.0,20.0,262.30196078431374,2.0
2.0,17.0,8.0,20.0,2340.407843137255,1.0
6.0,2.0,8.0,3.0,357.1490196078431,2.0
2.0,0.0,8.0,2.0,2242.5558823529414,1.0
0.0,3.0,1.0,17.0,313.81932773109247,4.0
0.0,17.0,1.0,18.0,230.2352941176471,4.0
1.0,3.0,2.0,4.0,61.86666666666666,4.0
1.0,4.0,2.0,16.0,619.7379084967321,4.0
1.0,16.0,2.0,17.0,619.9411764705882,4.0
2.0,4.0,3.0,5.0,397.3503267973857,4.0
3.0,4.0,8.0,6.0,631.5181372549023,4.0
2.0,15.0,3.0,16.0,331.1359477124184,4.0
0.0,0.0,2.0,3.0,10.16470588235294,5.0
9.0,0.0,10.0,3.0,0.0,5.0
9.0,3.0,10.0,17.0,1.9364145658263303,5.0
9.0,17.0,10.0,20.0,0.0,5.0
8.0,16.0,9.0,18.0,1.1294117647058823,5.0
2.0,0.0,8.0,4.0,14.388398692810462,5.0
8.0,0.0,9.0,1.0,240.66274509803918,5.0
8.0,1.0,9.0,13.0,240.5856209150327,5.0
8.0,13.0,9.0,15.0,700.5686274509802,5.0
1.0,17.0,2.0,20.0,5.08235294117647,5.0
-0.0,18.0,1.0,20.0,10.16470588235294,5.0
