l_l_m,l_l_n,u_r_m,u_r_n,avg_sal,sal_state
3.0,8.0,7.0,12.0,2557.7848039215687,1.0
7.0,6.0,8.0,12.0,1610.1640522875814,2.0
2.0,7.0,3.0,13.0,1618.9614379084967,2.0
1.0,12.0,2.0,15.0,224.64052287581703,4.0
2.0,13.0,3.0,15.0,209.89084967320264,4.0
3.0,13.0,4.0,14.0,173.92352941176472,4.0
3.0,12.0,5.0,13.0,657.9717647058824,4.0
5.0,12.0,9.0,14.0,890.0485294117647,4.0
1.0,5.0,2.0,8.0,201.3267973856209,4.0
2.0,5.0,3.0,7.0,224.1830065359477,4.0
3.0,6.0,4.0,7.0,217.59901960784316,4.0
6.0,6.0,7.0,8.0,161.97787114845943,4.0
3.0,7.0,6.0,8.0,834.6653594771242,4.0
0.0,0.0,1.0,10.0,10.16470588235294,5.0
4.0,0.0,5.0,7.0,2.0329411764705885,5.0
1.0,8.0,2.0,10.0,5.08235294117647,5.0
1.0,0.0,3.0,5.0,6.776470588235294,5.0
3.0,0.0,4.0,6.0,2.541176470588235,5.0
5.0,0.0,6.0,7.0,1.6941176470588235,5.0
8.0,0.0,10.0,10.0,2.032941176470588,5.0
6.0,0.0,8.0,6.0,2.541176470588235,5.0
-0.0,10.0,1.0,20.0,10.16470588235294,5.0
1.0,10.0,2.0,12.0,5.08235294117647,5.0
1.0,15.0,3.0,20.0,6.776470588235294,5.0
3.0,14.0,4.0,20.0,2.541176470588235,5.0
4.0,13.0,5.0,20.0,2.0329411764705885,5.0
8.0,10.0,9.0,12.0,1.1294117647058823,5.0
9.0,10.0,10.0,20.0,1.016470588235294,5.0
5.0,14.0,9.0,20.0,1.6887254901960784,5.0
