l_l_m,l_l_n,u_r_m,u_r_n,avg_sal,sal_state
2.0,2.0,6.0,3.0,1989.6598039215687,2.0
2.0,4.0,7.0,12.0,2365.958921568628,1.0
2.0,3.0,7.0,4.0,2270.7427450980394,1.0
7.0,5.0,8.0,12.0,1689.9871148459383,1.0
1.0,0.0,3.0,1.0,1747.243137254902,2.0
3.0,0.0,7.0,1.0,2453.651960784314,1.0
7.0,0.0,8.0,5.0,62.836274509803935,4.0
8.0,1.0,9.0,11.0,11.89058823529412,4.0
1.0,1.0,2.0,12.0,160.93547237076652,4.0
6.0,1.0,7.0,3.0,127.10588235294121,4.0
2.0,1.0,6.0,2.0,544.2019607843137,4.0
1.0,18.0,4.0,20.0,431.4593137254902,4.0
4.0,19.0,7.0,20.0,144.27507002801119,4.0
2.0,12.0,8.0,13.0,322.1477124183007,4.0
0.0,0.0,1.0,10.0,10.16470588235294,5.0
8.0,0.0,9.0,1.0,1.1294117647058823,5.0
9.0,0.0,10.0,10.0,1.016470588235294,5.0
-0.0,10.0,1.0,20.0,10.16470588235294,5.0
1.0,12.0,2.0,18.0,5.08235294117647,5.0
2.0,13.0,4.0,18.0,5.08235294117647,5.0
4.0,13.0,5.0,19.0,2.032941176470588,5.0
9.0,10.0,10.0,20.0,1.016470588235294,5.0
5.0,13.0,7.0,19.0,2.9042016806722684,5.0
7.0,13.0,8.0,20.0,1.2705882352941178,5.0
8.0,11.0,9.0,20.0,1.1294117647058823,5.0
