l_l_m,l_l_n,u_r_m,u_r_n,avg_sal,sal_state
7.0,2.0,8.0,4.0,1123.6254901960783,2.0
2.0,5.0,8.0,6.0,2226.238562091504,2.0
2.0,11.0,8.0,12.0,2047.3777777777775,2.0
2.0,2.0,7.0,5.0,2316.542222222223,1.0
2.0,6.0,8.0,11.0,2300.188366013072,1.0
2.0,0.0,6.0,1.0,1497.8568627450982,1.0
6.0,0.0,7.0,1.0,564.886274509804,2.0
1.0,5.0,7.0,13.0,54.36511437908496,4.0
7.0,5.0,8.0,13.0,38.46960784313725,4.0
1.0,0.0,7.0,5.0,231.78183006535943,4.0
7.0,0.0,8.0,5.0,264.2611764705883,4.0
8.0,1.0,9.0,13.0,85.87189542483658,4.0
0.0,0.0,1.0,10.0,10.16470588235294,5.0
8.0,0.0,9.0,1.0,1.1294117647058823,5.0
9.0,0.0,10.0,10.0,1.016470588235294,5.0
-0.0,10.0,1.0,20.0,10.16470588235294,5.0
1.0,13.0,5.0,20.0,0.04201680672268908,5.0
9.0,10.0,10.0,20.0,1.016470588235294,5.0
5.0,13.0,9.0,20.0,0.0,5.0
