l_l_m,l_l_n,u_r_m,u_r_n,avg_sal,sal_state
2.0,0.0,8.0,5.0,2186.024183006536,1.0
3.0,8.0,7.0,12.0,2510.1487745098043,1.0
2.0,5.0,3.0,13.0,1783.419117647059,2.0
7.0,5.0,8.0,13.0,1789.7161764705884,2.0
3.0,5.0,7.0,8.0,2411.993137254902,2.0
3.0,12.0,7.0,13.0,1946.1656862745097,2.0
1.0,13.0,2.0,17.0,653.121568627451,2.0
7.0,13.0,8.0,16.0,644.470588235294,2.0
2.0,13.0,7.0,17.0,2128.096078431373,1.0
8.0,0.0,9.0,1.0,33.396078431372544,4.0
8.0,1.0,9.0,13.0,175.69281045751632,4.0
8.0,13.0,9.0,14.0,57.08627450980392,4.0
2.0,19.0,8.0,20.0,452.83398692810465,4.0
8.0,19.0,9.0,20.0,13.819607843137256,4.0
1.0,1.0,2.0,13.0,112.14509803921568,4.0
0.0,0.0,1.0,10.0,10.16470588235294,5.0
1.0,0.0,2.0,1.0,5.08235294117647,5.0
9.0,0.0,10.0,10.0,1.016470588235294,5.0
-0.0,10.0,1.0,20.0,10.16470588235294,5.0
1.0,17.0,2.0,20.0,5.08235294117647,5.0
2.0,17.0,5.0,19.0,6.0988235294117645,5.0
9.0,10.0,10.0,20.0,1.016470588235294,5.0
5.0,17.0,7.0,19.0,2.9042016806722684,5.0
7.0,16.0,8.0,19.0,1.2705882352941176,5.0
8.0,14.0,9.0,19.0,1.1294117647058823,5.0
