l_l_m,l_l_n,u_r_m,u_r_n,avg_sal,sal_state
3.0,10.0,4.0,12.0,2474.001960784314,1.0
4.0,10.0,6.0,12.0,2522.268627450981,1.0
6.0,10.0,7.0,12.0,2539.1960784313724,1.0
3.0,12.0,4.0,14.0,2545.5862745098043,1.0
4.0,12.0,6.0,14.0,2552.6029411764707,1.0
6.0,12.0,7.0,14.0,2538.2647058823527,1.0
3.0,14.0,4.0,15.0,2474.9843137254898,1.0
4.0,14.0,6.0,15.0,2509.601960784313,1.0
6.0,14.0,7.0,15.0,2549.839215686275,1.0
3.0,16.0,4.0,18.0,2445.094117647059,1.0
4.0,16.0,6.0,18.0,2497.645098039216,1.0
6.0,16.0,7.0,18.0,2462.149019607843,1.0
3.0,19.0,4.0,20.0,2504.933333333334,1.0
4.0,19.0,6.0,20.0,2525.315686274509,1.0
6.0,19.0,7.0,20.0,2442.792156862745,1.0
2.0,8.0,3.0,12.0,1487.6068627450982,2.0
2.0,12.0,3.0,16.0,1560.205882352941,2.0
2.0,16.0,3.0,18.0,1920.858823529412,2.0
7.0,8.0,8.0,12.0,2051.1970588235295,2.0
7.0,12.0,8.0,16.0,2056.171568627451,2.0
7.0,16.0,8.0,18.0,1258.4666666666667,2.0
1.0,18.0,3.0,20.0,1620.6,2.0
3.0,18.0,4.0,19.0,1985.8117647058825,2.0
4.0,18.0,6.0,19.0,1822.1274509803925,2.0
6.0,18.0,7.0,19.0,1739.835294117647,2.0
3.0,15.0,4.0,16.0,2159.2627450980394,2.0
4.0,15.0,6.0,16.0,2242.050980392157,2.0
6.0,15.0,7.0,16.0,2295.3607843137256,2.0
3.0,8.0,4.0,10.0,1913.0294117647054,2.0
4.0,8.0,6.0,10.0,1987.7127450980392,2.0
6.0,8.0,7.0,10.0,2126.103921568628,2.0
2.0,0.0,4.0,2.0,1451.8372549019612,2.0
1.0,0.0,2.0,2.0,719.5294117647059,2.0
4.0,0.0,6.0,1.0,1735.1431372549018,1.0
6.0,0.0,7.0,1.0,883.7843137254903,1.0
8.0,8.0,9.0,12.0,111.27058823529413,4.0
8.0,12.0,9.0,16.0,172.31568627450986,4.0
8.0,16.0,9.0,19.0,127.72026143790848,4.0
7.0,18.0,8.0,20.0,33.890686274509804,4.0
0.0,6.0,1.0,10.0,0.0,5.0
0.0,2.0,1.0,6.0,0.0,5.0
0.0,0.0,1.0,2.0,0.0,5.0
1.0,6.0,2.0,10.0,41.729411764705894,5.0
1.0,2.0,2.0,6.0,0.08627450980392158,5.0
2.0,4.0,4.0,8.0,8.012254901960784,5.0
2.0,2.0,4.0,4.0,0.0,5.0
4.0,6.0,5.0,8.0,16.484313725490196,5.0
4.0,4.0,5.0,6.0,0.0,5.0
4.0,2.0,5.0,4.0,0.0,5.0
4.0,1.0,5.0,2.0,26.337254901960783,5.0
7.0,4.0,9.0,8.0,5.938235294117647,5.0
7.0,0.0,9.0,4.0,8.208823529411768,5.0
9.0,6.0,10.0,10.0,0.0,5.0
9.0,2.0,10.0,6.0,0.0,5.0
9.0,0.0,10.0,2.0,0.0,5.0
5.0,4.0,7.0,8.0,10.791176470588235,5.0
5.0,1.0,7.0,4.0,0.10522875816993464,5.0
0.0,10.0,1.0,14.0,0.0,5.0
0.0,14.0,1.0,18.0,0.0,5.0
0.0,18.0,1.0,20.0,0.0,5.0
1.0,10.0,2.0,14.0,156.50294117647059,5.0
1.0,14.0,2.0,18.0,325.09607843137263,5.0
9.0,10.0,10.0,14.0,0.0,5.0
9.0,14.0,10.0,18.0,0.0,5.0
9.0,18.0,10.0,20.0,0.0,5.0
8.0,19.0,9.0,20.0,1.1294117647058823,5.0
