l_l_m,l_l_n,u_r_m,u_r_n,avg_sal,sal_state
3.0,9.0,4.0,11.0,2529.562745098039,1.0
4.0,9.0,6.0,11.0,2569.4735294117645,1.0
6.0,9.0,7.0,11.0,2558.5294117647063,1.0
3.0,7.0,4.0,9.0,2384.809803921569,1.0
4.0,7.0,6.0,9.0,2464.2892156862745,1.0
6.0,7.0,7.0,9.0,2507.837254901961,1.0
2.0,15.0,4.0,17.0,2131.4127450980395,1.0
4.0,15.0,6.0,17.0,2508.2617647058823,1.0
6.0,15.0,8.0,17.0,2321.706862745098,1.0
2.0,17.0,4.0,19.0,2123.5284313725488,1.0
4.0,17.0,6.0,19.0,2588.996078431373,1.0
6.0,17.0,8.0,19.0,2449.5147058823527,1.0
2.0,19.0,4.0,20.0,1770.5431372549021,1.0
4.0,19.0,6.0,20.0,2288.917647058824,1.0
6.0,19.0,8.0,20.0,2255.574509803921,1.0
2.0,6.0,3.0,8.0,1469.8803921568629,2.0
2.0,8.0,3.0,12.0,1542.4696078431375,2.0
2.0,12.0,3.0,14.0,1186.8000000000004,2.0
7.0,6.0,8.0,8.0,2033.186274509804,2.0
7.0,8.0,8.0,12.0,2134.4892156862747,2.0
7.0,12.0,8.0,15.0,2157.7764705882355,2.0
3.0,11.0,4.0,13.0,2243.801960784314,2.0
4.0,11.0,6.0,13.0,2343.9911764705885,2.0
6.0,11.0,7.0,13.0,2411.750980392157,2.0
3.0,13.0,4.0,15.0,2039.8529411764707,2.0
4.0,13.0,6.0,15.0,2217.8117647058825,2.0
6.0,13.0,7.0,15.0,2392.0764705882348,2.0
3.0,6.0,4.0,7.0,1814.2156862745096,2.0
4.0,6.0,6.0,7.0,1984.7686274509808,2.0
6.0,6.0,7.0,7.0,2197.156862745098,2.0
1.0,5.0,2.0,7.0,15.858823529411767,4.0
8.0,6.0,9.0,10.0,160.7058823529412,4.0
8.0,5.0,9.0,6.0,88.32156862745096,4.0
8.0,10.0,9.0,14.0,188.96176470588242,4.0
8.0,14.0,9.0,18.0,81.51862745098039,4.0
8.0,18.0,9.0,20.0,40.909803921568624,4.0
2.0,5.0,4.0,6.0,349.4901960784314,4.0
4.0,5.0,6.0,6.0,241.0764705882353,4.0
6.0,5.0,8.0,6.0,172.5078431372549,4.0
0.0,6.0,1.0,10.0,0.0,5.0
0.0,2.0,1.0,6.0,0.0,5.0
0.0,0.0,1.0,2.0,0.0,5.0
3.0,1.0,5.0,5.0,0.0,5.0
1.0,1.0,3.0,5.0,0.0,5.0
3.0,0.0,5.0,1.0,8.19607843137255,5.0
1.0,0.0,3.0,1.0,0.0,5.0
1.0,7.0,2.0,10.0,5.08235294117647,5.0
5.0,1.0,7.0,5.0,0.0,5.0
7.0,1.0,9.0,5.0,0.0,5.0
5.0,0.0,7.0,1.0,101.52549019607841,5.0
7.0,0.0,9.0,1.0,75.97254901960784,5.0
9.0,6.0,10.0,10.0,0.0,5.0
9.0,2.0,10.0,6.0,0.0,5.0
9.0,0.0,10.0,2.0,0.0,5.0
0.0,10.0,2.0,14.0,8.419607843137253,5.0
0.0,14.0,2.0,18.0,4.8544117647058815,5.0
0.0,18.0,2.0,20.0,0.23137254901960785,5.0
2.0,14.0,3.0,15.0,3.388235294117647,5.0
9.0,10.0,10.0,14.0,0.0,5.0
9.0,14.0,10.0,18.0,0.0,5.0
9.0,18.0,10.0,20.0,0.0,5.0
