l_l_m,l_l_n,u_r_m,u_r_n,avg_sal,sal_state
3.0,3.0,7.0,6.0,2430.464705882353,1.0
3.0,8.0,7.0,12.0,2381.464705882353,1.0
3.0,17.0,7.0,20.0,2425.465359477125,1.0
2.0,0.0,3.0,4.0,1129.8480392156862,2.0
2.0,4.0,3.0,16.0,1439.4545751633987,2.0
2.0,16.0,3.0,20.0,1175.9627450980392,2.0
3.0,0.0,7.0,3.0,2183.174836601308,2.0
8.0,13.0,9.0,17.0,857.2931372549019,2.0
8.0,19.0,9.0,20.0,724.6666666666667,2.0
3.0,6.0,7.0,8.0,2025.7647058823527,2.0
3.0,12.0,7.0,17.0,2002.3005882352945,2.0
8.0,0.0,9.0,4.0,781.9823529411765,2.0
7.0,0.0,8.0,4.0,1988.5705882352945,2.0
7.0,4.0,8.0,16.0,1824.5699346405231,2.0
7.0,16.0,8.0,20.0,1842.45,2.0
1.0,0.0,2.0,4.0,196.09901960784316,4.0
1.0,4.0,2.0,16.0,327.4418300653595,4.0
1.0,16.0,2.0,20.0,283.8107843137255,4.0
-0.0,7.0,1.0,14.0,63.78711484593839,4.0
8.0,4.0,9.0,13.0,55.232970225127104,4.0
9.0,12.0,10.0,14.0,4.959803921568628,4.0
8.0,17.0,9.0,19.0,59.00501089324619,4.0
9.0,17.0,10.0,18.0,8.17019607843137,4.0
9.0,0.0,10.0,12.0,1.016470588235294,5.0
0.0,0.0,1.0,7.0,10.164705882352944,5.0
-0.0,14.0,1.0,20.0,10.16470588235294,5.0
9.0,14.0,10.0,17.0,1.016470588235294,5.0
9.0,18.0,10.0,20.0,1.016470588235294,5.0
