l_l_m,l_l_n,u_r_m,u_r_n,avg_sal,sal_state
3.0,0.0,7.0,1.0,2364.553921568628,1.0
3.0,8.0,8.0,12.0,2304.1574509803922,1.0
2.0,13.0,8.0,16.0,2192.0437908496733,1.0
3.0,17.0,8.0,20.0,2225.9498039215687,1.0
5.0,2.0,8.0,6.0,2267.319281045752,1.0
3.0,3.0,5.0,6.0,2423.747712418301,1.0
7.0,0.0,8.0,2.0,1778.8372549019614,2.0
3.0,6.0,8.0,8.0,2144.5352941176475,2.0
2.0,2.0,3.0,7.0,1234.4941176470588,2.0
3.0,2.0,5.0,3.0,2116.482352941176,2.0
3.0,1.0,7.0,2.0,2053.199019607843,2.0
2.0,8.0,3.0,13.0,1113.9811764705885,2.0
3.0,12.0,8.0,13.0,2165.9498039215687,2.0
2.0,16.0,3.0,19.0,1461.8143790849676,2.0
3.0,16.0,8.0,17.0,2159.438431372549,2.0
8.0,0.0,9.0,4.0,317.24705882352936,4.0
8.0,4.0,9.0,16.0,336.3526143790849,4.0
8.0,16.0,9.0,20.0,338.093137254902,4.0
1.0,0.0,2.0,8.0,34.08382352941176,4.0
2.0,0.0,3.0,2.0,258.0477124183007,4.0
2.0,7.0,3.0,8.0,178.27058823529413,4.0
1.0,12.0,2.0,20.0,50.568627450980394,4.0
2.0,19.0,3.0,20.0,254.72156862745098,4.0
0.0,0.0,1.0,3.0,0.0,5.0
0.0,3.0,1.0,17.0,0.0,5.0
0.0,17.0,1.0,20.0,0.0,5.0
1.0,8.0,2.0,12.0,5.08235294117647,5.0
9.0,0.0,10.0,3.0,0.0,5.0
9.0,3.0,10.0,17.0,32.15266106442577,5.0
9.0,17.0,10.0,20.0,0.1215686274509804,5.0
