l_l_m,l_l_n,u_r_m,u_r_n,avg_sal,sal_state
3.0,0.0,8.0,2.0,2427.249803921569,1.0
3.0,17.0,8.0,20.0,2357.535424836601,1.0
2.0,0.0,3.0,12.0,1771.5156862745098,2.0
3.0,2.0,7.0,4.0,2155.4068627450984,2.0
7.0,2.0,8.0,3.0,2018.172549019608,2.0
7.0,3.0,8.0,15.0,1712.2954248366016,2.0
7.0,15.0,8.0,17.0,2049.5843137254897,2.0
8.0,13.0,9.0,15.0,759.8372549019607,2.0
2.0,13.0,3.0,20.0,1187.9663865546215,2.0
3.0,16.0,7.0,17.0,2130.0156862745107,2.0
3.0,4.0,7.0,6.0,2440.177450980393,2.0
3.0,6.0,7.0,14.0,2307.848284313726,2.0
3.0,14.0,7.0,16.0,2506.2137254901963,2.0
8.0,1.0,9.0,13.0,160.06830065359478,4.0
8.0,0.0,9.0,1.0,211.99607843137252,4.0
0.0,0.0,2.0,4.0,49.68676470588235,5.0
0.0,4.0,2.0,16.0,68.05277777777779,5.0
0.0,16.0,2.0,20.0,31.749019607843127,5.0
2.0,12.0,3.0,13.0,3.388235294117647,5.0
9.0,0.0,10.0,3.0,0.0,5.0
9.0,3.0,10.0,17.0,0.0,5.0
9.0,17.0,10.0,20.0,0.0,5.0
8.0,15.0,9.0,20.0,1.1294117647058823,5.0
