l_l_m,l_l_n,u_r_m,u_r_n,avg_sal,sal_state
3.0,0.0,8.0,1.0,2436.2047058823528,1.0
3.0,3.0,7.0,6.0,2341.7326797385613,1.0
3.0,10.0,7.0,15.0,2456.0615686274514,1.0
3.0,18.0,8.0,20.0,2423.6474509803925,1.0
2.0,0.0,3.0,2.0,1294.58431372549,2.0
3.0,1.0,8.0,3.0,2012.9729411764706,2.0
8.0,9.0,9.0,10.0,612.3921568627451,2.0
2.0,7.0,3.0,19.0,1309.7003267973855,2.0
2.0,19.0,3.0,20.0,1468.6117647058825,2.0
3.0,6.0,8.0,10.0,2169.520980392157,2.0
7.0,3.0,9.0,6.0,1557.8313725490198,2.0
7.0,10.0,8.0,18.0,1960.217156862745,2.0
3.0,15.0,7.0,18.0,2225.742483660132,2.0
8.0,10.0,9.0,20.0,35.32235294117647,4.0
1.0,0.0,2.0,4.0,26.47107843137255,4.0
2.0,2.0,3.0,7.0,165.92653594771244,4.0
1.0,5.0,2.0,7.0,17.348039215686267,4.0
1.0,10.0,2.0,20.0,80.89470588235295,4.0
8.0,6.0,9.0,9.0,43.13435003631081,4.0
8.0,0.0,9.0,3.0,39.95250544662309,4.0
0.0,0.0,1.0,3.0,0.0,5.0
0.0,3.0,1.0,17.0,0.0,5.0
0.0,17.0,1.0,20.0,0.0,5.0
1.0,4.0,2.0,5.0,5.08235294117647,5.0
1.0,7.0,2.0,10.0,5.08235294117647,5.0
9.0,0.0,10.0,3.0,2.6379084967320257,5.0
9.0,3.0,10.0,17.0,18.766386554621853,5.0
9.0,17.0,10.0,20.0,0.0,5.0
