l_l_m,l_l_n,u_r_m,u_r_n,avg_sal,sal_state
1.0,1.0,2.0,2.0,831.7568627450978,2.0
2.0,0.0,7.0,4.0,2134.504117647059,1.0
3.0,5.0,7.0,11.0,2281.1248366013074,1.0
3.0,13.0,7.0,18.0,2350.007450980393,1.0
3.0,19.0,7.0,20.0,2254.2715686274514,1.0
7.0,1.0,8.0,3.0,1140.2058823529412,2.0
7.0,3.0,8.0,15.0,1992.6895424836605,2.0
7.0,15.0,8.0,18.0,1456.1006535947715,2.0
8.0,4.0,9.0,12.0,839.9754901960785,2.0
2.0,10.0,3.0,20.0,1507.6525490196075,2.0
3.0,11.0,7.0,13.0,2130.213235294118,2.0
2.0,4.0,3.0,7.0,1083.0954248366013,2.0
3.0,4.0,7.0,5.0,1927.75,2.0
3.0,18.0,4.0,19.0,1882.2862745098041,2.0
4.0,18.0,8.0,19.0,1953.458823529412,2.0
8.0,18.0,9.0,19.0,650.4235294117648,2.0
1.0,10.0,2.0,20.0,178.8449019607843,4.0
7.0,0.0,8.0,1.0,1.2705882352941176,5.0
9.0,0.0,10.0,3.0,0.0,5.0
9.0,3.0,10.0,17.0,8.990196078431373,5.0
9.0,17.0,10.0,20.0,0.0,5.0
7.0,19.0,9.0,20.0,2.2588235294117647,5.0
8.0,12.0,9.0,18.0,1.1294117647058823,5.0
8.0,0.0,9.0,4.0,1.1294117647058823,5.0
0.0,0.0,1.0,3.0,5.884967320261438,5.0
0.0,3.0,1.0,17.0,2.3697478991596634,5.0
0.0,17.0,1.0,20.0,10.96470588235294,5.0
1.0,0.0,2.0,1.0,5.08235294117647,5.0
1.0,2.0,2.0,10.0,5.08235294117647,5.0
2.0,7.0,3.0,10.0,3.388235294117647,5.0
