l_l_m,l_l_n,u_r_m,u_r_n,avg_sal,sal_state
4.0,0.0,8.0,3.0,2176.688562091504,1.0
5.0,6.0,8.0,15.0,2142.3484386347136,1.0
2.0,16.0,8.0,20.0,2013.733986928105,1.0
2.0,0.0,4.0,3.0,1696.3366013071895,2.0
5.0,3.0,8.0,6.0,1651.8296296296296,2.0
8.0,2.0,9.0,7.0,1151.340392156863,2.0
5.0,15.0,8.0,16.0,1806.4392156862748,2.0
8.0,15.0,9.0,19.0,876.5872549019607,2.0
2.0,6.0,4.0,16.0,1548.2974509803921,2.0
4.0,5.0,5.0,6.0,1311.443137254902,2.0
4.0,6.0,5.0,14.0,1959.5058823529407,2.0
4.0,14.0,5.0,16.0,1707.5137254901958,2.0
3.0,3.0,5.0,4.0,1144.5392156862745,2.0
8.0,0.0,9.0,2.0,65.52570806100218,4.0
9.0,0.0,10.0,3.0,344.1071895424837,4.0
9.0,3.0,10.0,17.0,257.8294117647059,4.0
9.0,17.0,10.0,20.0,305.2052287581699,4.0
8.0,19.0,9.0,20.0,57.03485838779956,4.0
8.0,7.0,9.0,15.0,58.44803921568627,4.0
1.0,0.0,2.0,8.0,41.394852941176474,4.0
2.0,3.0,3.0,6.0,214.2283224400872,4.0
3.0,4.0,4.0,6.0,181.0019607843137,4.0
4.0,4.0,5.0,5.0,139.5592156862745,4.0
1.0,10.0,2.0,20.0,77.5329411764706,4.0
0.0,0.0,1.0,10.0,10.16470588235294,5.0
1.0,8.0,2.0,10.0,5.08235294117647,5.0
-0.0,10.0,1.0,20.0,10.16470588235294,5.0
