l_l_m,l_l_n,u_r_m,u_r_n,avg_sal,sal_state
2.0,3.0,3.0,5.0,1301.8627450980393,2.0
3.0,7.0,7.0,12.0,2393.88568627451,1.0
4.0,2.0,8.0,5.0,1958.940522875817,1.0
3.0,3.0,4.0,5.0,2238.164705882353,1.0
3.0,14.0,7.0,20.0,2260.4295751633986,1.0
7.0,14.0,8.0,17.0,1777.926797385621,1.0
8.0,4.0,9.0,7.0,831.0274509803921,2.0
1.0,18.0,2.0,20.0,1387.8196078431372,2.0
2.0,6.0,3.0,7.0,1008.0862745098037,2.0
2.0,7.0,3.0,19.0,1360.9228758169936,2.0
2.0,19.0,3.0,20.0,2225.392156862745,2.0
3.0,5.0,8.0,7.0,1900.991764705882,2.0
7.0,7.0,8.0,12.0,2074.808627450981,2.0
3.0,12.0,4.0,14.0,2075.7137254901963,2.0
4.0,12.0,8.0,14.0,2224.267647058824,2.0
8.0,12.0,9.0,14.0,592.8098039215686,2.0
4.0,0.0,7.0,1.0,2119.886274509804,1.0
1.0,0.0,3.0,3.0,1426.7516339869285,2.0
3.0,0.0,4.0,2.0,2018.0843137254901,2.0
4.0,1.0,6.0,2.0,454.85882352941184,2.0
8.0,7.0,9.0,12.0,41.71991285403049,4.0
7.0,0.0,8.0,2.0,1.2705882352941176,5.0
9.0,0.0,10.0,3.0,0.0,5.0
9.0,3.0,10.0,17.0,1.0924369747899159,5.0
9.0,17.0,10.0,20.0,0.0,5.0
7.0,17.0,8.0,20.0,1.2705882352941176,5.0
8.0,4.0,9.0,6.0,0.0,5.0
8.0,6.0,9.0,18.0,192.61797385620915,5.0
8.0,18.0,9.0,20.0,3.425490196078432,5.0
6.0,1.0,7.0,2.0,1.4521008403361344,5.0
8.0,0.0,9.0,4.0,1.1294117647058823,5.0
0.0,0.0,1.0,3.0,2.081045751633986,5.0
0.0,3.0,1.0,17.0,0.2439775910364146,5.0
0.0,17.0,1.0,20.0,18.56209150326797,5.0
1.0,3.0,2.0,4.0,120.05882352941177,5.0
1.0,4.0,2.0,16.0,84.47385620915033,5.0
1.0,16.0,2.0,18.0,382.73921568627446,5.0
2.0,5.0,3.0,6.0,3.388235294117647,5.0
3.0,2.0,4.0,3.0,2.541176470588235,5.0
