l_l_m,l_l_n,u_r_m,u_r_n,avg_sal,sal_state
3.0,0.0,7.0,3.0,2439.7450980392155,1.0
5.0,4.0,7.0,6.0,2385.859803921569,1.0
3.0,8.0,7.0,10.0,2438.592647058824,1.0
3.0,13.0,8.0,17.0,2397.960196078432,1.0
5.0,17.0,8.0,20.0,2159.2440087145974,2.0
3.0,18.0,5.0,20.0,1898.953921568628,2.0
7.0,1.0,8.0,13.0,2182.529084967321,2.0
7.0,0.0,8.0,1.0,2290.2039215686277,2.0
2.0,6.0,3.0,17.0,1261.4819964349374,2.0
5.0,6.0,7.0,8.0,2401.4196078431382,2.0
3.0,3.0,5.0,8.0,2154.614117647059,2.0
5.0,3.0,7.0,4.0,2152.105882352941,2.0
3.0,10.0,7.0,13.0,2318.3709150326804,2.0
8.0,0.0,9.0,4.0,362.57254901960783,4.0
8.0,4.0,9.0,16.0,175.27124183006538,4.0
8.0,16.0,9.0,20.0,301.3725490196078,4.0
2.0,0.0,3.0,6.0,151.38496732026144,4.0
2.0,17.0,3.0,20.0,147.27755991285403,4.0
3.0,17.0,5.0,18.0,299.441568627451,4.0
0.0,0.0,2.0,4.0,5.420588235294118,5.0
0.0,4.0,2.0,16.0,7.880882352941176,5.0
0.0,16.0,2.0,20.0,3.9794117647058815,5.0
9.0,0.0,10.0,3.0,6.769934640522876,5.0
9.0,3.0,10.0,17.0,0.0,5.0
9.0,17.0,10.0,20.0,4.104575163398692,5.0
