l_l_m,l_l_n,u_r_m,u_r_n,avg_sal,sal_state
4.0,7.0,8.0,12.0,2247.34137254902,1.0
6.0,13.0,7.0,15.0,2147.9411764705883,1.0
2.0,16.0,7.0,17.0,2237.99137254902,1.0
5.0,18.0,8.0,20.0,2170.6738562091505,1.0
8.0,3.0,9.0,8.0,1057.330980392157,2.0
8.0,13.0,9.0,19.0,923.9209150326798,2.0
2.0,17.0,5.0,20.0,1835.0357298474944,2.0
5.0,17.0,7.0,18.0,1802.03137254902,2.0
2.0,6.0,4.0,16.0,1465.7596078431372,2.0
6.0,15.0,7.0,16.0,2070.450980392157,2.0
2.0,0.0,4.0,4.0,1819.488235294118,2.0
6.0,4.0,8.0,5.0,977.8313725490196,2.0
4.0,0.0,8.0,4.0,2150.5446078431382,1.0
8.0,8.0,9.0,13.0,65.21612200435729,4.0
7.0,13.0,8.0,18.0,193.06372549019608,4.0
4.0,12.0,6.0,16.0,547.0900326797387,4.0
6.0,12.0,8.0,13.0,476.3401960784314,4.0
2.0,5.0,4.0,6.0,185.51078431372548,4.0
4.0,5.0,8.0,7.0,1181.270588235294,4.0
2.0,4.0,6.0,5.0,404.1522875816993,4.0
0.0,0.0,2.0,4.0,52.93137254901961,5.0
0.0,4.0,2.0,16.0,61.517647058823535,5.0
0.0,16.0,2.0,20.0,78.86127450980392,5.0
8.0,0.0,9.0,3.0,1.1294117647058823,5.0
9.0,0.0,10.0,3.0,375.440522875817,5.0
9.0,3.0,10.0,17.0,319.11540616246504,5.0
9.0,17.0,10.0,20.0,352.59477124183013,5.0
8.0,19.0,9.0,20.0,1.1294117647058823,5.0
