l_l_m,l_l_n,u_r_m,u_r_n,avg_sal,sal_state
3.0,3.0,4.0,4.0,1335.2235294117645,2.0
2.0,0.0,8.0,2.0,1888.745098039216,1.0
4.0,3.0,7.0,8.0,2266.907973856209,1.0
3.0,10.0,8.0,15.0,2302.5061960784315,1.0
3.0,16.0,8.0,20.0,2398.39137254902,1.0
8.0,1.0,9.0,7.0,909.4751633986928,2.0
8.0,8.0,9.0,9.0,628.7411764705882,2.0
3.0,15.0,8.0,16.0,2065.6305882352945,2.0
2.0,6.0,3.0,7.0,775.9686274509804,2.0
2.0,7.0,3.0,19.0,1344.7454248366016,2.0
2.0,19.0,3.0,20.0,1423.9490196078434,2.0
3.0,5.0,4.0,10.0,1794.7137254901959,2.0
4.0,8.0,8.0,10.0,2116.682843137255,2.0
4.0,2.0,7.0,3.0,1415.886274509804,2.0
7.0,2.0,8.0,8.0,2055.209150326798,2.0
8.0,9.0,9.0,20.0,47.56866706278472,4.0
9.0,10.0,10.0,20.0,3.087450980392157,4.0
8.0,0.0,9.0,1.0,61.37298474945535,4.0
9.0,0.0,10.0,9.0,23.06727668845316,4.0
8.0,7.0,9.0,8.0,64.30936819172113,4.0
1.0,0.0,2.0,5.0,48.58235294117648,4.0
2.0,2.0,3.0,5.0,163.7655773420479,4.0
3.0,2.0,4.0,3.0,182.15490196078431,4.0
3.0,4.0,4.0,5.0,156.62352941176468,4.0
1.0,8.0,2.0,20.0,149.34248366013074,4.0
0.0,0.0,1.0,3.0,0.0,5.0
0.0,3.0,1.0,17.0,0.0,5.0
0.0,17.0,1.0,20.0,0.0,5.0
1.0,5.0,2.0,8.0,5.08235294117647,5.0
2.0,5.0,3.0,6.0,3.388235294117647,5.0
9.0,9.0,10.0,10.0,1.016470588235294,5.0
