l_l_m,l_l_n,u_r_m,u_r_n,avg_sal,sal_state
2.0,0.0,3.0,2.0,1280.6176470588236,2.0
3.0,0.0,8.0,2.0,2261.810980392157,1.0
3.0,7.0,8.0,9.0,2224.065098039216,1.0
3.0,10.0,8.0,15.0,2331.5049411764708,1.0
5.0,19.0,8.0,20.0,2162.81568627451,1.0
3.0,16.0,4.0,19.0,2265.264052287582,1.0
4.0,16.0,7.0,18.0,2438.9627450980397,1.0
3.0,2.0,8.0,3.0,1902.039215686275,2.0
3.0,9.0,8.0,10.0,2174.9192156862746,2.0
8.0,8.0,9.0,10.0,546.6490196078431,2.0
8.0,15.0,9.0,16.0,647.1764705882352,2.0
3.0,6.0,8.0,7.0,1981.6972549019608,2.0
7.0,3.0,9.0,6.0,1685.6045751633985,2.0
3.0,3.0,7.0,6.0,2064.901960784314,2.0
2.0,3.0,3.0,5.0,232.56862745098042,4.0
2.0,5.0,3.0,17.0,637.0885620915033,4.0
2.0,17.0,3.0,20.0,845.0928104575162,4.0
3.0,15.0,8.0,20.0,479.68254901960785,4.0
8.0,16.0,9.0,20.0,38.12516339869281,4.0
1.0,18.0,2.0,20.0,77.2235294117647,4.0
0.0,0.0,1.0,3.0,0.0,5.0
0.0,3.0,1.0,17.0,0.0,5.0
0.0,17.0,1.0,20.0,0.0,5.0
1.0,0.0,2.0,3.0,46.10980392156861,5.0
1.0,3.0,2.0,15.0,84.14444444444446,5.0
1.0,15.0,2.0,18.0,190.2967320261438,5.0
2.0,2.0,3.0,3.0,3.388235294117647,5.0
8.0,0.0,9.0,3.0,1.1294117647058823,5.0
9.0,0.0,10.0,3.0,19.14248366013072,5.0
9.0,3.0,10.0,17.0,3.8635854341736695,5.0
9.0,17.0,10.0,20.0,0.1450980392156863,5.0
8.0,10.0,9.0,15.0,1.1294117647058823,5.0
8.0,6.0,9.0,8.0,1.1294117647058823,5.0
