l_l_m,l_l_n,u_r_m,u_r_n,avg_sal,sal_state
2.0,0.0,3.0,4.0,1287.2098039215684,2.0
3.0,0.0,8.0,4.0,2435.614509803921,1.0
2.0,8.0,8.0,11.0,2267.582788671024,1.0
3.0,13.0,7.0,17.0,2458.55318627451,1.0
3.0,4.0,8.0,8.0,2236.9852941176473,2.0
2.0,5.0,3.0,8.0,1424.899346405229,2.0
2.0,11.0,3.0,19.0,1388.4441176470584,2.0
7.0,11.0,8.0,18.0,1921.594397759104,2.0
5.0,17.0,7.0,18.0,2154.9039215686275,2.0
3.0,11.0,7.0,13.0,2308.6191176470597,2.0
3.0,17.0,5.0,19.0,2026.66568627451,2.0
2.0,19.0,3.0,20.0,1092.81568627451,2.0
3.0,19.0,7.0,20.0,2455.021568627451,1.0
7.0,18.0,8.0,20.0,2197.717647058824,2.0
5.0,18.0,7.0,19.0,1935.81045751634,2.0
8.0,0.0,9.0,4.0,220.56960784313725,4.0
8.0,4.0,9.0,16.0,147.3143790849673,4.0
8.0,16.0,9.0,20.0,211.41372549019607,4.0
1.0,11.0,2.0,19.0,71.46127450980393,4.0
1.0,4.0,2.0,9.0,48.58627450980392,4.0
2.0,4.0,3.0,5.0,189.14771241830064,4.0
0.0,0.0,1.0,3.0,0.0,5.0
0.0,3.0,1.0,17.0,0.0,5.0
0.0,17.0,1.0,20.0,0.0,5.0
1.0,0.0,2.0,4.0,5.08235294117647,5.0
1.0,9.0,2.0,11.0,5.08235294117647,5.0
1.0,19.0,2.0,20.0,5.08235294117647,5.0
9.0,0.0,10.0,3.0,0.0,5.0
9.0,3.0,10.0,17.0,0.0,5.0
9.0,17.0,10.0,20.0,0.0,5.0
