l_l_m,l_l_n,u_r_m,u_r_n,avg_sal,sal_state
3.0,2.0,7.0,7.0,2415.698235294118,1.0
3.0,11.0,7.0,14.0,2487.575816993464,1.0
2.0,17.0,8.0,20.0,2328.864488017429,1.0
2.0,0.0,7.0,2.0,1989.847450980392,2.0
7.0,0.0,8.0,2.0,1267.6372549019607,2.0
7.0,2.0,8.0,14.0,1849.7127450980395,2.0
7.0,14.0,8.0,17.0,2118.82091503268,2.0
8.0,8.0,9.0,9.0,630.8509803921569,2.0
2.0,9.0,3.0,17.0,1260.3995098039215,2.0
2.0,2.0,3.0,8.0,1580.8699346405228,2.0
1.0,1.0,2.0,2.0,478.49803921568633,2.0
3.0,7.0,7.0,11.0,2197.845098039216,2.0
3.0,14.0,7.0,17.0,2178.7310457516337,2.0
1.0,2.0,2.0,3.0,215.85882352941172,4.0
1.0,3.0,2.0,15.0,173.52450980392155,4.0
1.0,15.0,2.0,16.0,91.33725490196079,4.0
2.0,8.0,3.0,9.0,196.06405228758166,4.0
8.0,9.0,9.0,18.0,30.21016702977488,4.0
8.0,1.0,9.0,8.0,20.705571117335825,4.0
0.0,0.0,1.0,3.0,0.0,5.0
0.0,3.0,1.0,17.0,0.0,5.0
0.0,17.0,1.0,20.0,0.0,5.0
1.0,0.0,2.0,1.0,5.08235294117647,5.0
1.0,16.0,2.0,20.0,5.08235294117647,5.0
8.0,0.0,9.0,1.0,1.1294117647058823,5.0
9.0,0.0,10.0,3.0,0.0,5.0
9.0,3.0,10.0,17.0,2.4789915966386555,5.0
9.0,17.0,10.0,20.0,0.0,5.0
8.0,18.0,9.0,20.0,1.1294117647058823,5.0
