l_l_m,l_l_n,u_r_m,u_r_n,avg_sal,sal_state
3.0,13.0,7.0,19.0,2303.9037581699345,1.0
2.0,2.0,3.0,9.0,1313.673949579832,1.0
3.0,2.0,8.0,10.0,2089.7748039215685,1.0
1.0,0.0,2.0,4.0,1067.3735294117646,2.0
2.0,0.0,7.0,2.0,1861.3525490196077,2.0
8.0,5.0,9.0,11.0,869.024836601307,2.0
8.0,12.0,9.0,14.0,728.7431372549022,2.0
8.0,16.0,9.0,18.0,690.3392156862744,2.0
3.0,19.0,5.0,20.0,1346.6156862745095,2.0
1.0,16.0,2.0,20.0,913.9490196078433,2.0
2.0,10.0,3.0,20.0,1425.1960784313724,2.0
7.0,10.0,8.0,19.0,1630.6710239651413,2.0
3.0,10.0,7.0,13.0,2062.955555555556,2.0
1.0,9.0,2.0,16.0,159.78347338935575,4.0
2.0,9.0,3.0,10.0,146.6339869281046,4.0
7.0,0.0,8.0,2.0,1.2705882352941176,5.0
9.0,0.0,10.0,3.0,0.0,5.0
9.0,3.0,10.0,17.0,36.96778711484594,5.0
9.0,17.0,10.0,20.0,0.0,5.0
5.0,19.0,8.0,20.0,3.8117647058823527,5.0
8.0,5.0,9.0,6.0,0.0,5.0
8.0,6.0,9.0,18.0,112.16372549019607,5.0
8.0,18.0,9.0,20.0,258.9823529411765,5.0
8.0,0.0,9.0,5.0,1.1294117647058823,5.0
0.0,0.0,1.0,3.0,7.091503267973857,5.0
0.0,3.0,1.0,17.0,7.9535014005602225,5.0
0.0,17.0,1.0,20.0,25.73071895424836,5.0
1.0,4.0,2.0,9.0,5.08235294117647,5.0
