l_l_m,l_l_n,u_r_m,u_r_n,avg_sal,sal_state
2.0,0.0,3.0,5.0,1165.9286274509802,2.0
3.0,0.0,8.0,5.0,2233.2906666666668,1.0
4.0,7.0,6.0,13.0,2286.233006535948,1.0
8.0,0.0,9.0,7.0,804.0498599439778,2.0
8.0,15.0,9.0,18.0,924.3568627450979,2.0
7.0,15.0,8.0,17.0,1147.9803921568628,2.0
2.0,6.0,3.0,14.0,1362.5691176470586,2.0
3.0,5.0,4.0,14.0,1826.1477124183007,2.0
4.0,5.0,8.0,7.0,1939.8254901960786,2.0
6.0,7.0,8.0,15.0,1976.970833333333,2.0
4.0,13.0,6.0,14.0,1108.386274509804,2.0
8.0,18.0,9.0,20.0,749.2274509803923,2.0
2.0,17.0,8.0,20.0,2073.182788671024,1.0
6.0,16.0,7.0,17.0,866.1901960784314,2.0
1.0,0.0,2.0,2.0,103.62745098039215,4.0
1.0,2.0,2.0,14.0,389.9326797385621,4.0
1.0,14.0,2.0,16.0,532.0549019607843,4.0
2.0,5.0,3.0,6.0,324.21437908496733,4.0
2.0,14.0,6.0,17.0,602.6106753812635,4.0
6.0,15.0,7.0,16.0,168.35630252100842,4.0
-0.0,12.0,1.0,15.0,292.159477124183,4.0
8.0,7.0,9.0,15.0,85.80588235294118,4.0
9.0,12.0,10.0,19.0,50.50616246498599,4.0
1.0,16.0,2.0,20.0,48.713725490196076,4.0
9.0,0.0,10.0,12.0,1.016470588235294,5.0
0.0,0.0,1.0,12.0,10.16470588235294,5.0
-0.0,15.0,1.0,20.0,10.16470588235294,5.0
9.0,19.0,10.0,20.0,1.016470588235294,5.0
