l_l_m,l_l_n,u_r_m,u_r_n,avg_sal,sal_state
2.0,0.0,3.0,4.0,1281.2519607843135,2.0
2.0,4.0,3.0,16.0,1610.3607843137256,2.0
2.0,16.0,3.0,20.0,1305.0725490196078,2.0
8.0,0.0,9.0,2.0,597.964705882353,2.0
8.0,4.0,9.0,6.0,593.3117647058823,2.0
8.0,12.0,9.0,14.0,771.8529411764706,2.0
8.0,17.0,9.0,18.0,519.1725490196078,2.0
3.0,0.0,8.0,6.0,2174.861176470589,1.0
3.0,6.0,8.0,14.0,2023.6197058823525,1.0
3.0,14.0,8.0,20.0,2220.925359477125,1.0
1.0,2.0,2.0,5.0,385.29150326797384,4.0
1.0,5.0,2.0,17.0,613.6454248366014,4.0
1.0,17.0,2.0,20.0,170.18954248366012,4.0
-0.0,4.0,1.0,11.0,311.88179271708685,4.0
9.0,0.0,10.0,3.0,45.043137254901964,5.0
9.0,3.0,10.0,17.0,53.03305322128852,5.0
9.0,17.0,10.0,20.0,122.66666666666669,5.0
8.0,18.0,9.0,20.0,1.1294117647058823,5.0
8.0,14.0,9.0,17.0,1.1294117647058823,5.0
8.0,6.0,9.0,12.0,1.1294117647058823,5.0
8.0,2.0,9.0,4.0,1.1294117647058823,5.0
-0.0,11.0,1.0,20.0,10.16470588235294,5.0
0.0,0.0,1.0,4.0,10.16470588235294,5.0
1.0,0.0,2.0,2.0,5.08235294117647,5.0
