l_l_m,l_l_n,u_r_m,u_r_n,avg_sal,sal_state
2.0,0.0,3.0,1.0,1267.870588235294,2.0
3.0,0.0,7.0,1.0,1837.843137254902,2.0
7.0,0.0,8.0,1.0,1659.2901960784313,2.0
1.0,1.0,2.0,3.0,340.67058823529413,2.0
2.0,7.0,3.0,11.0,2082.786274509804,1.0
3.0,7.0,7.0,11.0,2334.6330882352945,1.0
7.0,7.0,8.0,11.0,1623.0980392156864,1.0
2.0,3.0,3.0,7.0,1878.8686274509805,1.0
3.0,3.0,7.0,7.0,2456.933578431373,1.0
7.0,3.0,8.0,7.0,1636.829411764706,1.0
2.0,1.0,3.0,3.0,1959.2764705882355,1.0
3.0,1.0,7.0,3.0,2217.699019607843,1.0
7.0,1.0,8.0,3.0,1437.756862745098,1.0
5.0,12.0,7.0,13.0,2293.4,1.0
3.0,13.0,4.0,14.0,2373.392156862745,1.0
5.0,14.0,7.0,19.0,2363.769803921569,1.0
7.0,14.0,8.0,19.0,1720.4619607843138,1.0
2.0,18.0,4.0,20.0,1848.5980392156866,1.0
1.0,10.0,2.0,12.0,357.4921568627451,2.0
2.0,11.0,6.0,12.0,2075.472549019608,2.0
6.0,11.0,7.0,12.0,2092.643137254901,2.0
7.0,11.0,8.0,14.0,1611.9751633986932,2.0
5.0,19.0,7.0,20.0,1973.7470588235294,2.0
7.0,19.0,8.0,20.0,1644.1215686274509,2.0
2.0,12.0,3.0,18.0,1643.154901960784,2.0
4.0,12.0,5.0,16.0,2261.069607843137,2.0
4.0,16.0,5.0,20.0,2060.557843137255,2.0
5.0,13.0,7.0,14.0,2239.072549019608,2.0
3.0,12.0,4.0,13.0,2268.0901960784313,2.0
3.0,14.0,4.0,18.0,2215.6431372549027,2.0
8.0,1.0,9.0,7.0,615.1228758169934,4.0
8.0,0.0,9.0,1.0,655.2705882352941,4.0
8.0,7.0,9.0,13.0,526.2960784313726,4.0
8.0,13.0,9.0,19.0,524.3986928104574,4.0
8.0,19.0,9.0,20.0,602.1764705882354,4.0
9.0,1.0,10.0,3.0,26.329215686274505,4.0
1.0,12.0,2.0,18.0,428.264705882353,4.0
1.0,18.0,2.0,20.0,263.89019607843136,4.0
1.0,4.0,2.0,10.0,269.386274509804,4.0
1.0,3.0,2.0,4.0,296.56862745098044,4.0
0.0,0.0,1.0,6.0,0.0,5.0
0.0,6.0,1.0,14.0,0.0,5.0
0.0,14.0,1.0,20.0,0.031372549019607836,5.0
1.0,0.0,2.0,1.0,5.08235294117647,5.0
9.0,3.0,10.0,7.0,183.47352941176467,5.0
9.0,7.0,10.0,15.0,225.58431372549015,5.0
9.0,15.0,10.0,20.0,178.25176470588238,5.0
9.0,0.0,10.0,1.0,1.016470588235294,5.0
