l_l_m,l_l_n,u_r_m,u_r_n,avg_sal,sal_state
2.0,0.0,3.0,2.0,1594.419607843137,2.0
3.0,0.0,7.0,2.0,2206.467647058824,2.0
7.0,0.0,8.0,2.0,1878.8705882352945,2.0
2.0,12.0,3.0,13.0,1625.3333333333335,2.0
3.0,12.0,7.0,13.0,2291.0049019607845,2.0
7.0,12.0,8.0,13.0,2027.9803921568628,2.0
2.0,13.0,3.0,17.0,1908.3235294117649,1.0
3.0,13.0,7.0,17.0,2485.01544117647,1.0
7.0,13.0,8.0,17.0,1891.9539215686277,1.0
2.0,17.0,3.0,18.0,1857.1490196078432,1.0
3.0,17.0,7.0,18.0,2459.680392156863,1.0
7.0,17.0,8.0,18.0,1792.9960784313728,1.0
2.0,2.0,3.0,4.0,1072.627450980392,1.0
3.0,8.0,7.0,12.0,2519.898284313725,1.0
7.0,8.0,8.0,12.0,1940.4617647058826,1.0
3.0,4.0,7.0,8.0,2341.0448529411765,1.0
7.0,4.0,8.0,8.0,2054.704901960785,1.0
3.0,2.0,7.0,4.0,2366.7877450980395,1.0
7.0,2.0,8.0,4.0,2211.0098039215686,1.0
2.0,7.0,3.0,12.0,1699.72,1.0
2.0,5.0,3.0,6.0,1306.5411764705882,1.0
2.0,18.0,3.0,20.0,1877.0980392156866,2.0
3.0,18.0,7.0,20.0,2433.546078431373,2.0
7.0,18.0,8.0,20.0,1593.0098039215686,2.0
8.0,7.0,9.0,13.0,109.82745098039216,4.0
8.0,1.0,9.0,7.0,212.95816993464055,4.0
8.0,0.0,9.0,1.0,66.70196078431373,4.0
0.0,1.0,2.0,7.0,21.736274509803923,5.0
0.0,0.0,2.0,1.0,45.38235294117648,5.0
0.0,7.0,2.0,13.0,33.12091503267974,5.0
0.0,13.0,2.0,19.0,39.154575163398704,5.0
0.0,19.0,2.0,20.0,62.38039215686275,5.0
2.0,4.0,3.0,5.0,3.388235294117647,5.0
2.0,6.0,3.0,7.0,3.388235294117647,5.0
9.0,0.0,10.0,6.0,0.0,5.0
9.0,6.0,10.0,14.0,0.0,5.0
9.0,14.0,10.0,20.0,0.0,5.0
8.0,13.0,9.0,19.0,31.29150326797385,5.0
8.0,19.0,9.0,20.0,48.784313725490186,5.0
