l_l_m,l_l_n,u_r_m,u_r_n,avg_sal,sal_state
7.0,1.0,8.0,2.0,917.7058823529413,2.0
8.0,2.0,9.0,5.0,355.1202614379085,2.0
2.0,10.0,3.0,12.0,1714.107843137255,2.0
3.0,10.0,7.0,12.0,2129.5686274509812,2.0
7.0,10.0,8.0,12.0,1803.141176470588,2.0
2.0,6.0,3.0,10.0,1788.186274509804,1.0
3.0,6.0,7.0,10.0,2448.056127450981,1.0
7.0,6.0,8.0,10.0,2034.1245098039215,1.0
2.0,2.0,3.0,6.0,1013.1901960784314,1.0
3.0,2.0,7.0,6.0,2299.864705882353,1.0
7.0,2.0,8.0,6.0,2349.787254901961,1.0
2.0,12.0,3.0,16.0,1820.1460784313726,1.0
3.0,12.0,7.0,16.0,2285.628921568628,1.0
7.0,12.0,8.0,16.0,1881.0117647058826,1.0
2.0,16.0,3.0,20.0,2000.3833333333332,1.0
3.0,16.0,7.0,20.0,2446.486274509804,1.0
7.0,16.0,8.0,20.0,1672.7803921568627,1.0
0.0,5.0,1.0,13.0,272.5014705882353,4.0
0.0,0.0,1.0,5.0,593.2776470588235,4.0
1.0,1.0,2.0,7.0,625.5352941176471,4.0
1.0,0.0,2.0,1.0,660.878431372549,4.0
1.0,7.0,2.0,13.0,572.9300653594771,4.0
1.0,13.0,2.0,19.0,462.2535947712419,4.0
1.0,19.0,2.0,20.0,540.6901960784314,4.0
7.0,0.0,8.0,1.0,148.39460784313724,4.0
8.0,0.0,9.0,2.0,49.89302832244008,4.0
2.0,0.0,6.0,2.0,866.7441176470588,4.0
6.0,0.0,7.0,2.0,980.3803921568627,4.0
8.0,5.0,9.0,9.0,207.8823529411765,4.0
8.0,9.0,9.0,15.0,209.01176470588237,4.0
8.0,15.0,9.0,20.0,419.1764705882353,4.0
9.0,0.0,10.0,6.0,0.0,5.0
9.0,6.0,10.0,14.0,0.0,5.0
9.0,14.0,10.0,20.0,1.5555555555555554,5.0
-0.0,13.0,1.0,20.0,10.164705882352944,5.0
