l_l_m,l_l_n,u_r_m,u_r_n,avg_sal,sal_state
2.0,3.0,3.0,4.0,1463.592156862745,2.0
3.0,3.0,7.0,4.0,2271.957843137255,2.0
7.0,3.0,8.0,4.0,1997.7176470588238,2.0
2.0,0.0,3.0,3.0,1698.4431372549022,1.0
3.0,0.0,7.0,3.0,2403.838888888889,1.0
7.0,0.0,8.0,3.0,1867.7424836601306,1.0
2.0,4.0,3.0,8.0,1447.7058823529412,1.0
3.0,4.0,7.0,8.0,2347.9107843137267,1.0
7.0,4.0,8.0,8.0,1851.9656862745096,1.0
2.0,8.0,3.0,12.0,1600.4715686274508,1.0
3.0,8.0,7.0,12.0,2340.207107843137,1.0
7.0,8.0,8.0,12.0,1825.5058823529407,1.0
2.0,12.0,3.0,16.0,1722.342156862745,1.0
3.0,12.0,7.0,16.0,2354.416666666667,1.0
7.0,12.0,8.0,16.0,1658.3098039215686,1.0
2.0,16.0,3.0,17.0,1862.619607843137,1.0
3.0,16.0,7.0,17.0,2417.1205882352947,1.0
7.0,16.0,8.0,17.0,1639.1529411764707,1.0
6.0,18.0,8.0,20.0,2154.6960784313724,1.0
2.0,17.0,6.0,20.0,2218.7937908496733,2.0
6.0,17.0,8.0,18.0,1982.2372549019608,2.0
1.0,1.0,2.0,7.0,168.340522875817,4.0
1.0,0.0,2.0,1.0,139.29411764705878,4.0
1.0,7.0,2.0,13.0,312.10980392156864,4.0
1.0,13.0,2.0,19.0,264.69477124183004,4.0
1.0,19.0,2.0,20.0,129.05882352941177,4.0
-0.0,12.0,1.0,14.0,51.37450980392157,4.0
8.0,1.0,9.0,7.0,205.8856209150326,4.0
8.0,0.0,9.0,1.0,100.61960784313726,4.0
8.0,7.0,9.0,13.0,176.70196078431374,4.0
8.0,13.0,9.0,19.0,221.3993464052288,4.0
8.0,19.0,9.0,20.0,135.77254901960782,4.0
9.0,0.0,10.0,6.0,0.0,5.0
9.0,6.0,10.0,14.0,0.0,5.0
9.0,14.0,10.0,20.0,0.0,5.0
0.0,4.0,1.0,12.0,3.376960784313726,5.0
0.0,0.0,1.0,4.0,0.0,5.0
-0.0,14.0,1.0,20.0,10.16470588235294,5.0
