l_l_m,l_l_n,u_r_m,u_r_n,avg_sal,sal_state
1.0,11.0,2.0,15.0,863.3568627450978,2.0
3.0,5.0,6.0,6.0,1753.5045751633984,1.0
3.0,6.0,6.0,14.0,2230.1606209150327,1.0
3.0,14.0,6.0,15.0,1029.6235294117646,1.0
6.0,5.0,8.0,14.0,1842.522875816993,1.0
2.0,6.0,3.0,15.0,1613.4631808278864,1.0
2.0,0.0,8.0,5.0,1676.420653594771,2.0
8.0,0.0,9.0,7.0,877.8487394957982,2.0
6.0,14.0,8.0,16.0,1531.9049019607846,1.0
2.0,17.0,3.0,19.0,451.9098039215686,1.0
3.0,17.0,4.0,20.0,1710.3908496732024,1.0
4.0,17.0,8.0,20.0,1884.2176470588238,1.0
8.0,17.0,9.0,20.0,1159.0457516339868,1.0
6.0,16.0,8.0,17.0,1187.5352941176473,2.0
8.0,14.0,9.0,17.0,1021.3607843137256,2.0
2.0,15.0,4.0,17.0,1057.8382352941176,2.0
4.0,15.0,6.0,17.0,1224.1686274509805,2.0
8.0,7.0,9.0,14.0,81.94391534391535,4.0
9.0,9.0,10.0,20.0,31.417647058823533,4.0
1.0,1.0,2.0,11.0,253.023137254902,4.0
2.0,5.0,3.0,6.0,281.23921568627446,4.0
0.0,0.0,1.0,3.0,30.479738562091512,5.0
0.0,3.0,1.0,17.0,110.74481792717087,5.0
0.0,17.0,1.0,20.0,0.0,5.0
1.0,0.0,2.0,1.0,5.08235294117647,5.0
1.0,15.0,2.0,20.0,5.08235294117647,5.0
2.0,19.0,3.0,20.0,3.388235294117647,5.0
9.0,0.0,10.0,9.0,1.0164705882352942,5.0
