l_l_m,l_l_n,u_r_m,u_r_n,avg_sal,sal_state
8.0,17.0,9.0,19.0,1174.950980392157,2.0
3.0,1.0,7.0,4.0,2280.594117647059,1.0
3.0,5.0,7.0,11.0,2263.306535947713,1.0
2.0,12.0,7.0,16.0,1921.0915686274511,1.0
2.0,17.0,8.0,20.0,2020.8235294117649,1.0
2.0,0.0,3.0,12.0,1471.201633986928,2.0
7.0,0.0,8.0,11.0,1835.7757575757576,2.0
2.0,16.0,8.0,17.0,1291.0882352941178,2.0
7.0,11.0,9.0,16.0,1376.0082352941174,2.0
3.0,4.0,7.0,5.0,2229.7745098039222,2.0
8.0,0.0,9.0,3.0,781.3764705882353,2.0
3.0,0.0,7.0,1.0,1823.3901960784315,2.0
3.0,11.0,7.0,12.0,2151.788235294118,2.0
0.0,0.0,1.0,1.0,458.843137254902,4.0
0.0,1.0,1.0,15.0,270.1885154061625,4.0
0.0,15.0,1.0,16.0,321.4,4.0
1.0,0.0,2.0,2.0,712.3196078431372,4.0
1.0,2.0,2.0,14.0,689.6954248366012,4.0
1.0,14.0,2.0,17.0,576.067973856209,4.0
8.0,3.0,9.0,11.0,87.20413943355118,4.0
9.0,13.0,10.0,20.0,46.10588235294117,4.0
8.0,19.0,9.0,20.0,104.75119825708063,4.0
8.0,16.0,9.0,17.0,87.02222222222224,4.0
-0.0,16.0,1.0,20.0,362.31274509803933,4.0
9.0,0.0,10.0,13.0,1.016470588235294,5.0
1.0,17.0,2.0,20.0,5.08235294117647,5.0
