l_l_m,l_l_n,u_r_m,u_r_n,avg_sal,sal_state
4.0,2.0,8.0,8.0,2205.8993464052287,1.0
2.0,9.0,8.0,17.0,2125.2102941176468,1.0
2.0,17.0,8.0,18.0,1762.7509803921564,1.0
2.0,0.0,4.0,9.0,1333.3629629629636,2.0
8.0,0.0,9.0,7.0,777.9075630252098,2.0
4.0,8.0,8.0,9.0,1981.895098039216,2.0
8.0,8.0,9.0,13.0,589.5200000000002,2.0
4.0,0.0,8.0,2.0,1784.220588235294,2.0
1.0,15.0,2.0,19.0,528.9117647058823,2.0
2.0,18.0,5.0,19.0,944.2535947712421,2.0
2.0,19.0,5.0,20.0,1212.6888888888886,2.0
5.0,18.0,7.0,20.0,1397.1049019607842,2.0
7.0,18.0,9.0,20.0,1093.518300653595,2.0
8.0,17.0,9.0,18.0,1093.518300653595,2.0
1.0,5.0,2.0,15.0,191.10078431372548,4.0
0.0,0.0,1.0,3.0,0.0,5.0
0.0,3.0,1.0,17.0,16.173949579831937,5.0
0.0,17.0,1.0,20.0,1.610457516339869,5.0
1.0,0.0,2.0,5.0,5.08235294117647,5.0
1.0,19.0,2.0,20.0,5.08235294117647,5.0
9.0,0.0,10.0,3.0,202.94771241830063,5.0
9.0,3.0,10.0,17.0,213.89187675070028,5.0
9.0,17.0,10.0,20.0,327.28366013071894,5.0
8.0,13.0,9.0,17.0,1.1294117647058823,5.0
8.0,7.0,9.0,8.0,1.1294117647058823,5.0
