l_l_m,l_l_n,u_r_m,u_r_n,avg_sal,sal_state
3.0,7.0,7.0,13.0,2336.0606209150324,1.0
1.0,5.0,2.0,8.0,817.4235294117647,2.0
2.0,5.0,3.0,14.0,1489.2762527233115,2.0
3.0,6.0,8.0,7.0,1249.1184313725494,2.0
8.0,5.0,9.0,7.0,906.3392156862744,2.0
8.0,12.0,9.0,16.0,1126.9901960784316,2.0
5.0,13.0,7.0,14.0,967.2960784313724,2.0
7.0,7.0,8.0,15.0,1520.8284313725492,2.0
3.0,13.0,4.0,14.0,665.0235294117648,2.0
1.0,8.0,2.0,16.0,353.09485294117644,4.0
2.0,14.0,4.0,15.0,159.81470588235294,4.0
-0.0,13.0,1.0,15.0,87.6156862745098,4.0
0.0,0.0,1.0,10.0,10.16470588235294,5.0
3.0,0.0,5.0,6.0,4.065882352941176,5.0
1.0,0.0,3.0,5.0,6.776470588235294,5.0
5.0,0.0,8.0,6.0,3.811764705882353,5.0
9.0,0.0,10.0,10.0,1.016470588235294,5.0
8.0,7.0,9.0,10.0,1.1294117647058823,5.0
8.0,0.0,9.0,5.0,1.1294117647058823,5.0
-0.0,10.0,1.0,13.0,10.16470588235294,5.0
4.0,13.0,5.0,20.0,2.0329411764705885,5.0
-0.0,15.0,1.0,20.0,10.16470588235294,5.0
1.0,16.0,2.0,20.0,5.08235294117647,5.0
2.0,15.0,4.0,20.0,5.08235294117647,5.0
8.0,10.0,9.0,12.0,1.1294117647058823,5.0
9.0,10.0,10.0,20.0,1.016470588235294,5.0
5.0,14.0,7.0,20.0,2.9042016806722684,5.0
7.0,15.0,8.0,20.0,1.2705882352941176,5.0
8.0,16.0,9.0,20.0,1.1294117647058823,5.0
