l_l_m,l_l_n,u_r_m,u_r_n,avg_sal,sal_state
2.0,0.0,8.0,2.0,1146.4434640522875,2.0
1.0,9.0,2.0,19.0,716.8647058823531,2.0
2.0,16.0,8.0,20.0,1334.8276143790852,2.0
2.0,2.0,8.0,5.0,1499.5183006535945,2.0
2.0,5.0,8.0,13.0,1838.514379084968,2.0
2.0,13.0,8.0,16.0,1974.6407407407407,2.0
8.0,0.0,9.0,4.0,1041.608823529412,2.0
8.0,4.0,9.0,16.0,928.9251633986928,2.0
8.0,16.0,9.0,20.0,1340.4598039215684,2.0
9.0,0.0,10.0,3.0,399.77124183006543,4.0
9.0,3.0,10.0,17.0,326.2288515406163,4.0
9.0,17.0,10.0,20.0,492.1647058823529,4.0
1.0,3.0,2.0,9.0,84.57875816993463,4.0
1.0,19.0,2.0,20.0,194.55686274509804,4.0
-0.0,8.0,1.0,20.0,244.3866013071896,4.0
0.0,0.0,1.0,8.0,10.16470588235294,5.0
1.0,0.0,2.0,3.0,5.08235294117647,5.0
