l_l_m,l_l_n,u_r_m,u_r_n,avg_sal,sal_state
3.0,7.0,7.0,13.0,2451.886928104575,1.0
2.0,5.0,3.0,13.0,1754.3303921568631,2.0
3.0,5.0,6.0,7.0,953.4464052287584,2.0
6.0,6.0,7.0,7.0,1292.7725490196076,2.0
7.0,7.0,8.0,13.0,1714.8555555555558,2.0
8.0,13.0,9.0,15.0,558.1294117647059,2.0
6.0,13.0,8.0,14.0,1281.6019607843134,2.0
6.0,5.0,7.0,6.0,21.78655462184874,4.0
8.0,5.0,9.0,13.0,39.18921568627452,4.0
7.0,5.0,8.0,7.0,60.98259803921569,4.0
1.0,5.0,2.0,14.0,121.24989106753813,4.0
2.0,13.0,6.0,14.0,219.60980392156864,4.0
0.0,0.0,1.0,10.0,10.16470588235294,5.0
1.0,0.0,5.0,5.0,0.0,5.0
5.0,0.0,9.0,5.0,0.0,5.0
9.0,0.0,10.0,10.0,1.016470588235294,5.0
-0.0,10.0,1.0,20.0,10.16470588235294,5.0
1.0,14.0,5.0,20.0,0.0,5.0
9.0,10.0,10.0,20.0,1.016470588235294,5.0
5.0,14.0,8.0,20.0,3.811764705882353,5.0
8.0,15.0,9.0,20.0,1.1294117647058823,5.0
