l_l_m,l_l_n,u_r_m,u_r_n,avg_sal,sal_state
8.0,10.0,9.0,14.0,930.5392156862746,2.0
1.0,17.0,2.0,18.0,518.6941176470588,2.0
2.0,0.0,8.0,1.0,1662.7738562091504,1.0
3.0,5.0,8.0,8.0,1977.9377777777775,1.0
3.0,8.0,8.0,16.0,2019.8397058823525,1.0
3.0,16.0,8.0,20.0,2048.106862745098,1.0
2.0,12.0,3.0,20.0,1967.3593137254904,1.0
8.0,0.0,9.0,7.0,885.9333333333334,2.0
1.0,11.0,2.0,16.0,837.4329411764705,2.0
2.0,2.0,3.0,12.0,1188.7317647058826,2.0
3.0,1.0,8.0,5.0,1428.5388235294117,2.0
9.0,0.0,10.0,3.0,322.321568627451,4.0
9.0,3.0,10.0,17.0,211.7921568627451,4.0
9.0,17.0,10.0,20.0,386.7594771241831,4.0
8.0,14.0,9.0,20.0,79.93725490196078,4.0
8.0,7.0,9.0,10.0,68.13333333333333,4.0
1.0,2.0,2.0,11.0,121.87450980392158,4.0
-0.0,11.0,1.0,17.0,96.17254901960787,4.0
1.0,16.0,2.0,17.0,296.30196078431374,4.0
0.0,0.0,1.0,11.0,10.16470588235294,5.0
1.0,0.0,2.0,2.0,5.08235294117647,5.0
2.0,1.0,3.0,2.0,3.388235294117647,5.0
-0.0,17.0,1.0,20.0,10.16470588235294,5.0
1.0,18.0,2.0,20.0,5.08235294117647,5.0
