l_l_m,l_l_n,u_r_m,u_r_n,avg_sal,sal_state
8.0,0.0,9.0,2.0,879.4274509803923,2.0
1.0,5.0,2.0,6.0,355.79215686274506,2.0
1.0,11.0,2.0,12.0,337.70588235294116,2.0
3.0,0.0,8.0,2.0,2182.3184313725496,1.0
2.0,5.0,8.0,6.0,1913.7169934640524,1.0
2.0,6.0,8.0,14.0,1930.363480392157,1.0
2.0,14.0,8.0,15.0,1702.7882352941174,1.0
2.0,0.0,3.0,5.0,1348.5333333333333,2.0
3.0,2.0,8.0,5.0,1780.4779084967315,2.0
8.0,3.0,9.0,4.0,837.0549019607843,2.0
8.0,11.0,9.0,20.0,965.4082788671024,2.0
2.0,15.0,8.0,20.0,1712.4840522875816,2.0
9.0,0.0,10.0,3.0,232.47320261437903,4.0
9.0,3.0,10.0,17.0,210.29579831932773,4.0
9.0,17.0,10.0,20.0,314.6104575163398,4.0
8.0,4.0,9.0,11.0,64.13513849984439,4.0
8.0,2.0,9.0,3.0,68.16339869281046,4.0
1.0,12.0,2.0,20.0,107.28210784313728,4.0
1.0,6.0,2.0,11.0,162.1043137254902,4.0
1.0,0.0,2.0,5.0,72.30352941176471,4.0
0.0,0.0,1.0,10.0,10.16470588235294,5.0
-0.0,10.0,1.0,20.0,10.16470588235294,5.0
