l_l_m,l_l_n,u_r_m,u_r_n,avg_sal,sal_state
8.0,0.0,9.0,1.0,549.5686274509803,2.0
2.0,4.0,3.0,11.0,1603.6806722689075,2.0
2.0,0.0,8.0,4.0,2143.8279411764706,1.0
2.0,11.0,3.0,16.0,1221.1192156862746,1.0
3.0,4.0,7.0,6.0,2248.2274509803924,1.0
3.0,6.0,7.0,14.0,2227.251348039216,1.0
3.0,14.0,7.0,16.0,2259.080882352941,1.0
8.0,11.0,9.0,17.0,781.5019607843138,2.0
2.0,16.0,6.0,17.0,1411.8852941176474,2.0
2.0,17.0,8.0,20.0,2072.116557734205,1.0
7.0,4.0,8.0,16.0,1897.2238562091504,2.0
7.0,16.0,8.0,17.0,1686.5607843137257,2.0
6.0,16.0,7.0,17.0,1495.3124183006535,2.0
1.0,1.0,2.0,4.0,730.8901960784311,4.0
1.0,4.0,2.0,16.0,744.2689542483657,4.0
1.0,16.0,2.0,20.0,744.3372549019607,4.0
-0.0,13.0,1.0,15.0,434.0078431372549,4.0
8.0,1.0,9.0,11.0,79.72854030501091,4.0
8.0,17.0,9.0,20.0,100.86695715323164,4.0
9.0,18.0,10.0,20.0,49.02509803921569,4.0
9.0,0.0,10.0,2.0,315.3960784313725,5.0
9.0,2.0,10.0,16.0,236.6621848739496,5.0
9.0,16.0,10.0,18.0,487.03137254901964,5.0
0.0,0.0,1.0,13.0,10.16470588235294,5.0
1.0,0.0,2.0,1.0,5.08235294117647,5.0
-0.0,15.0,1.0,20.0,10.16470588235294,5.0
