l_l_m,l_l_n,u_r_m,u_r_n,avg_sal,sal_state
1.0,6.0,2.0,14.0,599.9617647058824,2.0
8.0,17.0,9.0,20.0,1102.3751633986928,2.0
6.0,1.0,8.0,2.0,2168.435294117648,1.0
3.0,3.0,7.0,5.0,2173.8196078431374,1.0
2.0,5.0,3.0,17.0,1846.6754901960787,1.0
2.0,17.0,3.0,18.0,1381.3372549019607,1.0
3.0,5.0,8.0,8.0,2018.0282352941174,1.0
3.0,8.0,8.0,16.0,2108.04568627451,1.0
3.0,16.0,8.0,20.0,2003.0935294117648,1.0
2.0,0.0,3.0,5.0,1182.3733333333334,2.0
8.0,0.0,9.0,5.0,911.7858823529413,2.0
3.0,0.0,6.0,3.0,2002.7324618736386,2.0
7.0,2.0,8.0,5.0,2031.014379084968,2.0
6.0,0.0,8.0,1.0,2040.9333333333327,2.0
6.0,2.0,7.0,3.0,2083.211764705882,2.0
8.0,5.0,9.0,17.0,601.5849673202615,4.0
9.0,13.0,10.0,20.0,32.034789915966385,4.0
1.0,0.0,2.0,6.0,217.67189542483658,4.0
1.0,14.0,2.0,19.0,95.73450980392157,4.0
2.0,18.0,3.0,20.0,221.70065359477118,4.0
0.0,0.0,1.0,3.0,0.0,5.0
0.0,3.0,1.0,17.0,96.60280112044819,5.0
0.0,17.0,1.0,20.0,0.0,5.0
1.0,19.0,2.0,20.0,5.08235294117647,5.0
9.0,0.0,10.0,13.0,1.016470588235294,5.0
