l_l_m,l_l_n,u_r_m,u_r_n,avg_sal,sal_state
4.0,6.0,5.0,7.0,724.8666666666666,1.0
5.0,6.0,7.0,7.0,1125.3098039215688,1.0
7.0,6.0,8.0,7.0,1776.8156862745102,1.0
4.0,7.0,5.0,13.0,2063.667320261439,1.0
5.0,7.0,7.0,13.0,2183.8316993464055,1.0
7.0,7.0,8.0,13.0,1755.1202614379085,1.0
4.0,13.0,5.0,15.0,2090.694117647059,1.0
5.0,13.0,7.0,15.0,1733.2441176470588,1.0
7.0,13.0,8.0,15.0,1516.7039215686277,1.0
2.0,7.0,3.0,9.0,1108.8882352941175,1.0
2.0,9.0,3.0,15.0,1626.856862745098,1.0
2.0,15.0,3.0,17.0,1683.470588235294,1.0
3.0,7.0,4.0,8.0,952.3607843137254,1.0
3.0,8.0,4.0,14.0,1910.2058823529408,1.0
3.0,14.0,4.0,15.0,1771.4627450980392,1.0
3.0,0.0,6.0,2.0,1007.8555555555556,2.0
8.0,0.0,10.0,6.0,957.9163398692807,2.0
8.0,6.0,10.0,14.0,785.8056372549019,2.0
8.0,14.0,10.0,20.0,896.2003267973855,2.0
1.0,6.0,2.0,9.0,948.1555555555556,2.0
1.0,9.0,2.0,15.0,1086.6830065359475,2.0
1.0,15.0,2.0,19.0,1270.6911764705885,2.0
2.0,17.0,3.0,18.0,358.9294117647059,2.0
3.0,15.0,7.0,19.0,910.5549019607843,2.0
7.0,15.0,8.0,19.0,1278.2931372549021,2.0
3.0,19.0,7.0,20.0,1246.5098039215684,2.0
7.0,19.0,8.0,20.0,1166.8705882352942,2.0
6.0,0.0,7.0,5.0,952.9592156862744,2.0
7.0,0.0,8.0,6.0,1101.4150326797387,2.0
0.0,0.0,1.0,6.0,197.5516339869281,4.0
0.0,6.0,1.0,14.0,292.4887254901961,4.0
0.0,14.0,1.0,20.0,392.82745098039214,4.0
1.0,0.0,3.0,6.0,719.9333333333334,4.0
3.0,2.0,6.0,6.0,708.7454248366013,4.0
6.0,5.0,7.0,6.0,74.07731092436974,4.0
2.0,6.0,4.0,7.0,972.1607843137256,4.0
1.0,19.0,2.0,20.0,68.87647058823529,4.0
2.0,18.0,3.0,20.0,194.95098039215682,4.0
