l_l_m,l_l_n,u_r_m,u_r_n,avg_sal,sal_state
1.0,6.0,2.0,11.0,680.2407843137255,2.0
1.0,12.0,2.0,15.0,525.9241830065358,2.0
2.0,4.0,3.0,7.0,1326.7882352941174,1.0
3.0,4.0,7.0,7.0,1828.175816993464,1.0
7.0,4.0,8.0,7.0,1936.9071895424836,1.0
2.0,7.0,3.0,11.0,1628.3313725490195,1.0
3.0,7.0,7.0,11.0,2018.5151960784315,1.0
7.0,7.0,8.0,11.0,1759.3980392156861,1.0
2.0,11.0,3.0,15.0,1057.2941176470588,1.0
3.0,11.0,7.0,15.0,1725.3453431372545,1.0
7.0,11.0,8.0,15.0,1818.5372549019608,1.0
5.0,0.0,7.0,4.0,1057.2485294117646,2.0
7.0,0.0,8.0,4.0,1020.0235294117647,2.0
8.0,0.0,10.0,6.0,946.1983660130718,2.0
8.0,6.0,10.0,14.0,830.067892156863,2.0
8.0,14.0,10.0,20.0,1011.6941176470588,2.0
4.0,15.0,5.0,16.0,399.956862745098,2.0
7.0,15.0,8.0,20.0,1268.7694117647054,2.0
2.0,3.0,4.0,4.0,1074.2294117647057,2.0
4.0,1.0,5.0,4.0,1098.2993464052288,2.0
5.0,15.0,7.0,17.0,1040.406862745098,2.0
2.0,0.0,4.0,3.0,475.77647058823516,4.0
4.0,0.0,5.0,1.0,27.505098039215692,4.0
1.0,11.0,2.0,12.0,322.121568627451,4.0
1.0,15.0,3.0,17.0,314.1490196078431,4.0
3.0,15.0,4.0,16.0,7.1764705882352935,4.0
1.0,17.0,2.0,18.0,14.088235294117649,4.0
0.0,5.0,1.0,7.0,130.24117647058821,4.0
0.0,7.0,1.0,15.0,153.88823529411764,4.0
0.0,15.0,1.0,17.0,145.04509803921567,4.0
1.0,2.0,2.0,6.0,173.32598039215682,4.0
4.0,16.0,5.0,19.0,32.003137254901965,4.0
5.0,17.0,6.0,19.0,60.50588235294117,4.0
6.0,17.0,7.0,20.0,53.998692810457534,4.0
3.0,16.0,4.0,20.0,2.541176470588235,5.0
4.0,19.0,6.0,20.0,3.388235294117647,5.0
-0.0,17.0,1.0,20.0,10.16470588235294,5.0
1.0,18.0,2.0,20.0,5.08235294117647,5.0
2.0,17.0,3.0,20.0,3.388235294117647,5.0
0.0,0.0,1.0,5.0,10.16470588235294,5.0
1.0,0.0,2.0,2.0,5.08235294117647,5.0
