l_l_m,l_l_n,u_r_m,u_r_n,avg_sal,sal_state
-0.0,8.0,1.0,13.0,254.07215686274517,2.0
1.0,16.0,3.0,17.0,738.1568627450981,2.0
2.0,7.0,4.0,8.0,794.9372549019607,1.0
1.0,7.0,2.0,8.0,1405.8549019607847,1.0
2.0,8.0,4.0,14.0,2062.4392156862746,1.0
1.0,8.0,2.0,14.0,1427.2823529411764,1.0
2.0,14.0,4.0,16.0,1337.1803921568626,1.0
1.0,14.0,2.0,16.0,1433.4725490196079,1.0
4.0,8.0,7.0,10.0,1285.4287581699346,1.0
4.0,10.0,7.0,14.0,1984.6519607843134,1.0
4.0,14.0,7.0,16.0,824.8934640522874,1.0
1.0,5.0,2.0,7.0,792.7607843137255,2.0
2.0,6.0,3.0,7.0,335.16078431372546,2.0
7.0,12.0,8.0,16.0,713.4931372549022,2.0
8.0,14.0,9.0,16.0,658.5490196078431,2.0
4.0,16.0,5.0,17.0,221.40392156862742,2.0
6.0,16.0,8.0,20.0,957.6196078431373,2.0
8.0,16.0,10.0,20.0,999.8818627450979,2.0
5.0,16.0,6.0,18.0,718.3803921568627,2.0
7.0,1.0,9.0,7.0,1368.0294117647054,2.0
9.0,1.0,10.0,7.0,631.3183006535947,2.0
7.0,0.0,9.0,1.0,1210.7627450980392,2.0
9.0,0.0,10.0,1.0,621.8470588235293,2.0
6.0,7.0,8.0,8.0,712.621568627451,2.0
8.0,7.0,9.0,8.0,700.443137254902,2.0
3.0,3.0,4.0,4.0,191.30196078431374,2.0
4.0,2.0,5.0,5.0,731.7555555555556,2.0
5.0,3.0,6.0,7.0,855.678431372549,2.0
5.0,2.0,6.0,3.0,801.7294117647058,2.0
6.0,1.0,7.0,7.0,1080.5143790849672,2.0
9.0,7.0,10.0,15.0,366.56519607843137,4.0
9.0,15.0,10.0,16.0,477.2509803921569,4.0
7.0,8.0,8.0,12.0,134.18884803921569,4.0
8.0,8.0,9.0,14.0,873.9562091503267,4.0
3.0,0.0,7.0,1.0,716.5774509803923,4.0
4.0,1.0,6.0,2.0,252.06078431372555,4.0
3.0,4.0,4.0,7.0,72.3843137254902,4.0
4.0,5.0,5.0,7.0,166.00509803921568,4.0
4.0,7.0,6.0,8.0,173.30196078431374,4.0
-0.0,13.0,1.0,18.0,361.59372549019616,4.0
1.0,17.0,3.0,19.0,422.4941176470588,4.0
5.0,18.0,6.0,20.0,91.44901960784313,4.0
4.0,19.0,5.0,20.0,60.67999999999999,4.0
0.0,0.0,1.0,8.0,233.83725490196082,5.0
2.0,0.0,3.0,6.0,19.44313725490196,5.0
3.0,1.0,4.0,3.0,2.541176470588235,5.0
1.0,0.0,2.0,5.0,5.08235294117647,5.0
3.0,16.0,4.0,19.0,2.541176470588235,5.0
4.0,17.0,5.0,19.0,2.032941176470588,5.0
-0.0,18.0,1.0,20.0,10.16470588235294,5.0
2.0,19.0,4.0,20.0,1.6725490196078432,5.0
1.0,19.0,2.0,20.0,27.63921568627451,5.0
