l_l_m,l_l_n,u_r_m,u_r_n,avg_sal,sal_state
4.0,7.0,5.0,8.0,463.38823529411764,1.0
5.0,7.0,7.0,8.0,1018.7901960784314,1.0
7.0,7.0,9.0,8.0,1661.8627450980393,1.0
4.0,8.0,5.0,14.0,1471.8483660130719,1.0
5.0,8.0,7.0,14.0,2209.2869281045755,1.0
7.0,8.0,9.0,14.0,1336.793790849673,1.0
4.0,14.0,5.0,16.0,995.8372549019607,1.0
5.0,14.0,7.0,16.0,1395.6882352941175,1.0
7.0,14.0,9.0,16.0,1614.7323529411765,1.0
6.0,0.0,7.0,1.0,202.01568627450985,2.0
9.0,0.0,10.0,6.0,706.5633986928103,2.0
9.0,6.0,10.0,14.0,417.5406862745098,2.0
9.0,14.0,10.0,20.0,680.0274509803922,2.0
4.0,16.0,5.0,19.0,630.6274509803923,2.0
5.0,16.0,7.0,20.0,929.3818627450979,2.0
7.0,16.0,9.0,20.0,1309.5348039215687,2.0
6.0,6.0,7.0,7.0,619.650980392157,2.0
7.0,1.0,9.0,7.0,1131.292156862745,2.0
7.0,0.0,9.0,1.0,1088.8411764705884,2.0
1.0,7.0,3.0,8.0,358.2705882352941,2.0
1.0,8.0,3.0,14.0,797.6303921568627,2.0
1.0,14.0,3.0,16.0,665.5166666666668,2.0
3.0,8.0,4.0,9.0,863.9450980392157,2.0
3.0,9.0,4.0,15.0,1226.7973856209153,2.0
3.0,15.0,4.0,16.0,491.2666666666667,2.0
6.0,3.0,7.0,6.0,60.361531279178344,4.0
3.0,4.0,4.0,8.0,57.625245098039215,4.0
4.0,4.0,6.0,7.0,135.3657952069717,4.0
1.0,16.0,2.0,17.0,45.4,4.0
2.0,16.0,4.0,18.0,336.5745098039216,4.0
0.0,2.0,1.0,10.0,1.2558823529411762,5.0
0.0,0.0,1.0,2.0,0.0,5.0
1.0,1.0,3.0,7.0,3.0271241830065363,5.0
1.0,0.0,3.0,1.0,0.0,5.0
3.0,0.0,5.0,4.0,0.0,5.0
5.0,0.0,6.0,4.0,0.8470588235294118,5.0
6.0,1.0,7.0,3.0,1.4521008403361344,5.0
0.0,10.0,1.0,18.0,11.333823529411767,5.0
0.0,18.0,1.0,20.0,0.0,5.0
1.0,17.0,2.0,20.0,5.08235294117647,5.0
2.0,18.0,4.0,20.0,4.965686274509802,5.0
4.0,19.0,5.0,20.0,2.032941176470588,5.0
