l_l_m,l_l_n,u_r_m,u_r_n,avg_sal,sal_state
4.0,6.0,5.0,7.0,654.721568627451,1.0
5.0,6.0,7.0,7.0,1197.894117647059,1.0
7.0,6.0,8.0,7.0,1893.878431372549,1.0
4.0,7.0,5.0,13.0,1759.0666666666666,1.0
5.0,7.0,7.0,13.0,2207.895098039216,1.0
7.0,7.0,8.0,13.0,1921.4183006535948,1.0
4.0,13.0,5.0,14.0,1617.9490196078434,1.0
5.0,13.0,7.0,14.0,1531.5862745098038,1.0
7.0,13.0,8.0,14.0,1872.5058823529412,1.0
6.0,0.0,7.0,1.0,711.6196078431373,2.0
8.0,0.0,10.0,6.0,1066.5722222222225,2.0
8.0,6.0,10.0,14.0,799.1539215686273,2.0
8.0,14.0,10.0,20.0,988.6447712418301,2.0
4.0,17.0,5.0,19.0,765.9725490196079,2.0
1.0,12.0,2.0,16.0,718.2686274509804,2.0
1.0,7.0,2.0,8.0,655.4039215686274,2.0
2.0,7.0,4.0,8.0,771.586274509804,2.0
2.0,8.0,4.0,14.0,1467.4140522875814,2.0
2.0,14.0,4.0,16.0,856.0098039215686,2.0
4.0,14.0,5.0,15.0,720.0039215686273,2.0
5.0,14.0,7.0,20.0,1179.8281045751635,2.0
7.0,14.0,8.0,20.0,1502.3784313725491,2.0
6.0,5.0,7.0,6.0,711.2313725490196,2.0
7.0,0.0,8.0,6.0,955.9117647058824,2.0
4.0,15.0,5.0,17.0,147.95803921568628,4.0
4.0,19.0,5.0,20.0,190.42039215686282,4.0
2.0,16.0,4.0,20.0,505.94264705882347,4.0
0.0,7.0,1.0,9.0,231.84901960784316,4.0
0.0,9.0,1.0,17.0,272.3161764705883,4.0
0.0,17.0,1.0,19.0,313.6980392156863,4.0
1.0,8.0,2.0,12.0,410.06176470588235,4.0
1.0,16.0,2.0,19.0,275.9928104575163,4.0
2.0,0.0,6.0,1.0,691.2352941176473,4.0
5.0,1.0,7.0,2.0,181.10392156862744,4.0
6.0,3.0,7.0,5.0,42.47086834733893,4.0
4.0,5.0,6.0,6.0,167.63790849673202,4.0
5.0,4.0,6.0,5.0,6.493464052287582,4.0
1.0,5.0,2.0,7.0,287.4166666666667,4.0
2.0,6.0,3.0,7.0,156.09281045751632,4.0
0.0,0.0,1.0,7.0,10.164705882352944,5.0
1.0,0.0,2.0,5.0,5.08235294117647,5.0
3.0,1.0,5.0,5.0,5.191176470588236,5.0
2.0,1.0,3.0,5.0,0.0196078431372549,5.0
5.0,2.0,6.0,4.0,1.6941176470588235,5.0
6.0,2.0,7.0,3.0,1.4521008403361344,5.0
2.0,5.0,3.0,6.0,3.388235294117647,5.0
3.0,5.0,4.0,7.0,2.541176470588235,5.0
0.0,19.0,2.0,20.0,77.82745098039216,5.0
