l_l_m,l_l_n,u_r_m,u_r_n,avg_sal,sal_state
5.0,10.0,6.0,11.0,2580.3725490196075,1.0
8.0,4.0,9.0,7.0,1044.0901960784313,2.0
8.0,13.0,9.0,15.0,1246.0764705882352,2.0
3.0,6.0,5.0,12.0,2092.5173202614387,2.0
2.0,6.0,3.0,12.0,1388.9960784313723,2.0
3.0,12.0,5.0,13.0,1876.6019607843134,2.0
2.0,12.0,3.0,13.0,1494.7450980392155,2.0
6.0,6.0,7.0,7.0,1282.7529411764706,2.0
6.0,7.0,7.0,13.0,2479.015032679739,2.0
6.0,13.0,7.0,14.0,1195.6156862745095,2.0
7.0,5.0,8.0,7.0,1341.7490196078434,2.0
7.0,7.0,8.0,13.0,1954.0895424836608,2.0
7.0,13.0,8.0,15.0,1358.1156862745095,2.0
5.0,6.0,6.0,10.0,2119.8176470588237,2.0
5.0,11.0,6.0,13.0,2324.207843137255,2.0
2.0,16.0,3.0,17.0,1171.2627450980397,2.0
3.0,16.0,7.0,17.0,822.9558823529413,2.0
7.0,16.0,8.0,17.0,402.6980392156863,2.0
2.0,17.0,3.0,20.0,2439.648366013072,1.0
3.0,17.0,7.0,20.0,2570.8062091503266,1.0
7.0,17.0,8.0,20.0,1421.3542483660128,1.0
2.0,2.0,3.0,3.0,957.278431372549,2.0
3.0,2.0,7.0,3.0,604.1882352941177,2.0
7.0,2.0,8.0,3.0,155.66274509803918,2.0
2.0,0.0,3.0,2.0,2441.574509803921,1.0
3.0,0.0,7.0,2.0,2583.1107843137256,1.0
7.0,0.0,8.0,2.0,1437.5019607843133,1.0
9.0,0.0,10.0,6.0,457.56797385620916,4.0
9.0,6.0,10.0,14.0,243.77303921568625,4.0
9.0,14.0,10.0,20.0,559.564705882353,4.0
7.0,15.0,8.0,16.0,68.63872549019607,4.0
8.0,15.0,9.0,18.0,100.6108932461874,4.0
8.0,4.0,9.0,6.0,0.0,4.0
8.0,6.0,9.0,12.0,456.4509803921569,4.0
8.0,12.0,9.0,15.0,205.4,4.0
7.0,3.0,8.0,5.0,11.345343137254904,4.0
8.0,3.0,9.0,4.0,31.479302832244,4.0
0.0,1.0,2.0,7.0,27.032352941176466,5.0
0.0,0.0,2.0,1.0,99.06078431372549,5.0
0.0,7.0,2.0,13.0,98.93660130718956,5.0
0.0,13.0,2.0,19.0,50.40653594771242,5.0
0.0,19.0,2.0,20.0,102.7764705882353,5.0
2.0,3.0,6.0,6.0,17.681045751633988,5.0
6.0,3.0,7.0,6.0,84.61960784313726,5.0
2.0,13.0,6.0,16.0,215.993137254902,5.0
6.0,14.0,7.0,16.0,1.4521008403361344,5.0
8.0,0.0,9.0,3.0,1.1294117647058823,5.0
8.0,18.0,9.0,20.0,1.1294117647058823,5.0
