l_l_m,l_l_n,u_r_m,u_r_n,avg_sal,sal_state
4.0,7.0,7.0,11.0,2427.580718954249,1.0
4.0,11.0,7.0,12.0,2477.762091503268,1.0
4.0,15.0,7.0,19.0,2308.182026143791,1.0
4.0,19.0,7.0,20.0,2383.186928104576,1.0
2.0,6.0,4.0,10.0,1796.1764705882354,2.0
2.0,10.0,4.0,16.0,1743.6679738562093,2.0
2.0,16.0,4.0,20.0,1920.3029411764705,2.0
4.0,6.0,5.0,7.0,465.11372549019615,2.0
5.0,6.0,7.0,7.0,840.1333333333333,2.0
7.0,6.0,9.0,7.0,1355.0254901960784,2.0
8.0,14.0,9.0,15.0,1128.007843137255,2.0
7.0,7.0,8.0,10.0,1854.865359477124,2.0
7.0,10.0,8.0,16.0,1773.7215686274508,2.0
7.0,16.0,8.0,20.0,1293.301960784314,2.0
4.0,12.0,7.0,15.0,1539.9246187363833,2.0
2.0,0.0,4.0,1.0,2253.435294117647,1.0
5.0,0.0,6.0,1.0,2278.5137254901965,1.0
2.0,2.0,3.0,5.0,2047.62614379085,1.0
3.0,2.0,7.0,5.0,2476.438235294117,1.0
7.0,2.0,8.0,5.0,1821.643137254902,1.0
3.0,5.0,7.0,6.0,1298.6558823529413,2.0
7.0,5.0,8.0,6.0,1410.4392156862743,2.0
4.0,0.0,5.0,1.0,2334.6352941176474,2.0
2.0,5.0,3.0,6.0,1665.1254901960785,2.0
1.0,4.0,3.0,8.0,343.99607843137255,4.0
3.0,4.0,7.0,8.0,0.0,4.0
7.0,4.0,9.0,8.0,263.8137254901961,4.0
1.0,0.0,3.0,4.0,369.82696078431366,4.0
3.0,0.0,7.0,4.0,537.6374999999998,4.0
7.0,0.0,9.0,4.0,673.6627450980393,4.0
1.0,8.0,3.0,12.0,177.42499999999995,4.0
3.0,8.0,7.0,12.0,0.0,4.0
7.0,8.0,9.0,12.0,197.30196078431374,4.0
1.0,12.0,3.0,16.0,324.29019607843134,4.0
3.0,12.0,7.0,16.0,0.0,4.0
7.0,12.0,9.0,16.0,300.3941176470588,4.0
1.0,16.0,3.0,20.0,337.42401960784315,4.0
3.0,16.0,7.0,20.0,0.0,4.0
7.0,16.0,9.0,20.0,271.7583333333333,4.0
9.0,1.0,10.0,5.0,416.6950980392157,4.0
9.0,5.0,10.0,13.0,240.18382352941174,4.0
9.0,13.0,10.0,17.0,510.8833333333334,4.0
-0.0,5.0,1.0,8.0,151.4,4.0
0.0,8.0,1.0,16.0,61.0720588235294,5.0
0.0,16.0,1.0,20.0,13.14313725490196,5.0
0.0,0.0,1.0,5.0,10.16470588235294,5.0
9.0,17.0,10.0,20.0,1.016470588235294,5.0
9.0,0.0,10.0,1.0,1.016470588235294,5.0
