l_l_m,l_l_n,u_r_m,u_r_n,avg_sal,sal_state
4.0,7.0,5.0,13.0,2317.3346405228767,1.0
5.0,7.0,7.0,13.0,2433.8640522875817,1.0
7.0,7.0,8.0,13.0,1864.735294117647,1.0
7.0,4.0,9.0,7.0,1214.1901960784317,2.0
2.0,6.0,3.0,7.0,759.8980392156861,2.0
2.0,7.0,3.0,13.0,1640.7908496732027,2.0
2.0,13.0,3.0,14.0,1031.8784313725494,2.0
3.0,6.0,4.0,12.0,2059.4673202614385,2.0
3.0,12.0,4.0,13.0,2033.019607843137,2.0
6.0,5.0,7.0,7.0,1476.5588235294117,2.0
4.0,6.0,6.0,7.0,1480.670588235294,2.0
5.0,13.0,6.0,14.0,1462.0274509803921,2.0
6.0,13.0,8.0,16.0,1750.9503267973855,2.0
2.0,16.0,6.0,17.0,1654.9362745098038,2.0
6.0,16.0,7.0,17.0,1783.949019607843,2.0
4.0,15.0,6.0,16.0,1174.135294117647,2.0
2.0,19.0,3.0,20.0,271.443137254902,2.0
3.0,18.0,7.0,20.0,2246.024019607843,1.0
7.0,18.0,8.0,20.0,2121.6431372549027,1.0
2.0,0.0,3.0,1.0,369.1098039215686,2.0
8.0,0.0,9.0,2.0,765.1058823529411,2.0
3.0,0.0,4.0,1.0,2160.745098039216,1.0
4.0,0.0,5.0,2.0,1369.7117647058826,1.0
5.0,0.0,7.0,2.0,1726.0882352941173,1.0
7.0,0.0,8.0,2.0,2120.723529411765,1.0
8.0,19.0,9.0,20.0,1255.58431372549,2.0
7.0,16.0,9.0,18.0,1321.494117647059,2.0
8.0,18.0,9.0,19.0,1426.3372549019607,2.0
9.0,0.0,10.0,6.0,523.7431372549021,4.0
9.0,6.0,10.0,14.0,213.68921568627448,4.0
9.0,14.0,10.0,20.0,449.76535947712426,4.0
8.0,7.0,9.0,8.0,493.10196078431375,4.0
8.0,8.0,9.0,14.0,541.7908496732026,4.0
8.0,14.0,9.0,16.0,1015.0333333333333,4.0
7.0,3.0,8.0,4.0,4.756372549019608,4.0
8.0,2.0,9.0,4.0,47.31938997821351,4.0
1.0,6.0,2.0,8.0,70.22549019607844,4.0
1.0,8.0,2.0,14.0,108.50980392156865,4.0
1.0,14.0,2.0,17.0,47.59215686274509,4.0
2.0,14.0,4.0,16.0,1053.3911764705883,4.0
4.0,14.0,6.0,15.0,425.2928104575164,4.0
3.0,13.0,5.0,14.0,444.5239215686275,4.0
2.0,4.0,6.0,6.0,584.8431372549019,4.0
6.0,4.0,7.0,5.0,76.08627450980393,4.0
2.0,17.0,3.0,19.0,61.653594771241856,4.0
3.0,17.0,7.0,18.0,1300.9588235294118,4.0
0.0,2.0,1.0,10.0,0.0,5.0
0.0,0.0,1.0,2.0,0.0,5.0
1.0,0.0,2.0,6.0,1.045098039215686,5.0
2.0,1.0,4.0,4.0,11.455555555555556,5.0
4.0,2.0,5.0,4.0,2.032941176470588,5.0
5.0,2.0,7.0,4.0,0.0,5.0
7.0,2.0,8.0,3.0,1.2705882352941176,5.0
0.0,10.0,1.0,18.0,0.0,5.0
0.0,18.0,1.0,20.0,0.0,5.0
1.0,17.0,2.0,20.0,5.08235294117647,5.0
