l_l_m,l_l_n,u_r_m,u_r_n,avg_sal,sal_state
2.0,17.0,3.0,20.0,1017.4980392156862,2.0
2.0,6.0,6.0,7.0,1683.9343137254905,1.0
6.0,6.0,7.0,7.0,2345.752941176471,1.0
2.0,7.0,6.0,11.0,2256.089215686275,1.0
6.0,7.0,7.0,11.0,2413.129411764706,1.0
2.0,11.0,6.0,13.0,2305.0936274509813,1.0
6.0,11.0,7.0,13.0,2395.5843137254897,1.0
3.0,16.0,6.0,20.0,2268.45522875817,1.0
8.0,3.0,9.0,7.0,974.9558823529413,2.0
7.0,17.0,8.0,20.0,1592.9032679738557,2.0
8.0,17.0,9.0,18.0,709.156862745098,2.0
6.0,16.0,7.0,20.0,1576.2000000000005,2.0
1.0,15.0,2.0,16.0,1280.4705882352941,2.0
2.0,15.0,6.0,16.0,1556.6323529411764,2.0
6.0,15.0,7.0,16.0,1261.7647058823532,2.0
7.0,15.0,9.0,16.0,1581.670588235294,2.0
2.0,13.0,6.0,15.0,1782.2397058823528,2.0
6.0,13.0,7.0,15.0,1516.5862745098038,2.0
3.0,5.0,6.0,6.0,1257.5686274509806,2.0
6.0,4.0,7.0,6.0,1484.2686274509806,2.0
7.0,4.0,8.0,6.0,1763.4725490196079,2.0
7.0,6.0,8.0,12.0,1689.5339869281045,2.0
7.0,12.0,8.0,15.0,1328.632679738562,2.0
8.0,2.0,9.0,3.0,488.9450980392157,2.0
3.0,0.0,7.0,3.0,2016.469281045752,1.0
7.0,0.0,8.0,3.0,1953.0026143790851,1.0
2.0,0.0,3.0,4.0,1222.3519607843134,2.0
3.0,3.0,7.0,4.0,1541.2774509803921,2.0
7.0,3.0,8.0,4.0,1457.9490196078434,2.0
1.0,6.0,2.0,7.0,152.34509803921569,4.0
1.0,7.0,2.0,13.0,369.981045751634,4.0
1.0,13.0,2.0,15.0,674.1999999999998,4.0
1.0,16.0,2.0,20.0,319.21911764705885,4.0
2.0,16.0,3.0,17.0,324.78562091503267,4.0
-0.0,13.0,1.0,20.0,345.1546218487396,4.0
9.0,3.0,10.0,4.0,23.415686274509802,4.0
9.0,4.0,10.0,12.0,153.6857843137255,4.0
9.0,12.0,10.0,14.0,80.19803921568626,4.0
8.0,7.0,9.0,8.0,533.443137254902,4.0
8.0,8.0,9.0,14.0,346.2771241830066,4.0
8.0,14.0,9.0,15.0,413.2705882352941,4.0
0.0,0.0,1.0,4.0,267.77647058823527,4.0
1.0,0.0,2.0,5.0,256.28117647058826,4.0
2.0,4.0,3.0,6.0,205.8915032679739,4.0
3.0,4.0,6.0,5.0,465.50784313725495,4.0
7.0,16.0,9.0,17.0,932.1666666666665,4.0
9.0,16.0,10.0,20.0,4.327450980392157,4.0
8.0,18.0,9.0,20.0,78.54139433551197,4.0
0.0,4.0,1.0,12.0,0.5872549019607843,5.0
0.0,12.0,1.0,13.0,32.34901960784314,5.0
1.0,5.0,2.0,6.0,5.08235294117647,5.0
8.0,0.0,9.0,2.0,1.1294117647058823,5.0
9.0,0.0,10.0,3.0,1.016470588235294,5.0
9.0,14.0,10.0,16.0,1.016470588235294,5.0
