l_l_m,l_l_n,u_r_m,u_r_n,avg_sal,sal_state
4.0,5.0,6.0,8.0,1306.4477124183004,1.0
4.0,8.0,6.0,12.0,1982.9181372549021,1.0
4.0,12.0,6.0,16.0,1842.7637254901958,1.0
6.0,5.0,8.0,6.0,1631.7117647058822,1.0
6.0,6.0,8.0,12.0,1825.727124183007,1.0
6.0,12.0,8.0,14.0,993.6460784313726,1.0
2.0,7.0,4.0,8.0,821.0999999999998,1.0
2.0,8.0,4.0,14.0,1897.2385620915038,1.0
2.0,14.0,4.0,16.0,2162.916666666667,1.0
7.0,0.0,8.0,5.0,929.2996078431372,2.0
8.0,1.0,9.0,4.0,1119.8915032679738,2.0
8.0,4.0,9.0,10.0,1052.2575163398694,2.0
8.0,10.0,9.0,14.0,555.9950980392157,2.0
9.0,2.0,10.0,7.0,544.2823529411763,2.0
4.0,3.0,6.0,5.0,541.8990196078431,2.0
6.0,2.0,7.0,5.0,905.027450980392,2.0
1.0,7.0,2.0,10.0,1150.832679738562,2.0
1.0,10.0,2.0,16.0,1160.1522875816993,2.0
1.0,16.0,2.0,20.0,1476.593137254902,2.0
2.0,16.0,3.0,20.0,960.6627450980393,2.0
3.0,16.0,4.0,18.0,730.349019607843,2.0
0.0,8.0,1.0,16.0,439.6426470588236,2.0
0.0,16.0,1.0,19.0,591.8718954248367,2.0
4.0,16.0,5.0,17.0,551.5882352941177,2.0
0.0,0.0,1.0,8.0,739.7617647058822,4.0
1.0,1.0,2.0,7.0,544.7562091503269,4.0
1.0,0.0,2.0,1.0,981.41568627451,4.0
2.0,4.0,3.0,7.0,268.10718954248364,4.0
3.0,5.0,4.0,7.0,237.78382352941173,4.0
2.0,0.0,3.0,1.0,7.635294117647059,4.0
9.0,7.0,10.0,15.0,275.803431372549,4.0
9.0,15.0,10.0,16.0,201.1647058823529,4.0
7.0,16.0,8.0,17.0,6.394117647058822,4.0
8.0,16.0,9.0,18.0,26.87843137254902,4.0
6.0,14.0,8.0,16.0,370.0294117647058,4.0
8.0,14.0,9.0,16.0,466.54117647058825,4.0
8.0,0.0,9.0,1.0,98.16732026143794,4.0
9.0,0.0,10.0,2.0,62.138627450980394,4.0
9.0,16.0,10.0,20.0,22.021764705882354,4.0
7.0,18.0,9.0,20.0,191.70588235294116,4.0
3.0,0.0,4.0,5.0,2.541176470588235,5.0
4.0,0.0,6.0,3.0,3.388235294117647,5.0
2.0,1.0,3.0,4.0,3.388235294117647,5.0
6.0,0.0,7.0,2.0,1.4521008403361344,5.0
5.0,16.0,7.0,17.0,115.1450980392157,5.0
3.0,18.0,7.0,20.0,0.7446078431372549,5.0
4.0,17.0,5.0,18.0,36.8235294117647,5.0
5.0,17.0,7.0,18.0,0.0,5.0
7.0,17.0,8.0,18.0,5.572549019607843,5.0
-0.0,19.0,1.0,20.0,10.16470588235294,5.0
