l_l_m,l_l_n,u_r_m,u_r_n,avg_sal,sal_state
1.0,5.0,3.0,7.0,554.1578431372549,2.0
7.0,13.0,8.0,15.0,681.870588235294,2.0
2.0,7.0,4.0,8.0,841.221568627451,1.0
1.0,7.0,2.0,8.0,1402.9254901960785,1.0
2.0,8.0,4.0,14.0,2053.587254901961,1.0
1.0,8.0,2.0,14.0,1452.4039215686273,1.0
2.0,14.0,4.0,16.0,1340.0039215686274,1.0
1.0,14.0,2.0,16.0,1517.8529411764707,1.0
4.0,8.0,6.0,10.0,1383.0882352941173,1.0
4.0,10.0,6.0,14.0,2291.38137254902,1.0
4.0,14.0,6.0,16.0,795.55,1.0
6.0,8.0,7.0,14.0,1123.0921568627452,1.0
6.0,14.0,7.0,15.0,777.2745098039215,1.0
0.0,8.0,1.0,16.0,277.57107843137254,2.0
0.0,16.0,1.0,17.0,206.66274509803918,2.0
1.0,16.0,3.0,18.0,609.6392156862745,2.0
7.0,2.0,9.0,8.0,1316.2421568627447,2.0
9.0,2.0,10.0,8.0,591.5071895424836,2.0
7.0,0.0,9.0,2.0,1194.9754901960782,2.0
9.0,0.0,10.0,2.0,599.7980392156862,2.0
7.0,8.0,9.0,9.0,598.4666666666667,2.0
3.0,3.0,4.0,5.0,292.88823529411764,2.0
4.0,2.0,5.0,5.0,786.8679738562091,2.0
5.0,3.0,6.0,7.0,969.4215686274507,2.0
5.0,2.0,6.0,3.0,908.9137254901963,2.0
6.0,2.0,7.0,8.0,1207.6836601307186,2.0
6.0,1.0,7.0,2.0,556.3058823529411,2.0
6.0,15.0,8.0,16.0,694.2392156862745,2.0
8.0,15.0,9.0,16.0,673.1607843137255,2.0
5.0,16.0,6.0,18.0,544.5882352941177,2.0
6.0,16.0,8.0,20.0,855.2049019607844,2.0
8.0,16.0,10.0,20.0,956.495588235294,2.0
9.0,8.0,10.0,16.0,351.843137254902,4.0
7.0,9.0,8.0,13.0,125.04816176470592,4.0
8.0,9.0,9.0,15.0,851.3705882352942,4.0
3.0,5.0,5.0,7.0,248.21568627450986,4.0
4.0,7.0,6.0,8.0,184.8091503267974,4.0
3.0,0.0,7.0,1.0,676.5372549019608,4.0
4.0,1.0,6.0,2.0,233.8366013071896,4.0
-0.0,3.0,1.0,8.0,316.086274509804,4.0
1.0,4.0,3.0,5.0,107.66274509803922,4.0
-0.0,17.0,1.0,20.0,229.2549019607843,4.0
1.0,18.0,3.0,19.0,166.51764705882354,4.0
4.0,16.0,5.0,19.0,31.529411764705877,4.0
5.0,18.0,6.0,19.0,39.83137254901961,4.0
1.0,0.0,3.0,3.0,0.0,5.0
0.0,0.0,1.0,3.0,106.74640522875818,5.0
3.0,1.0,4.0,3.0,2.541176470588235,5.0
1.0,3.0,3.0,4.0,0.09803921568627452,5.0
3.0,16.0,4.0,19.0,2.541176470588235,5.0
4.0,19.0,6.0,20.0,281.8745098039216,5.0
2.0,19.0,4.0,20.0,0.0,5.0
1.0,19.0,2.0,20.0,2.176470588235294,5.0
