l_l_m,l_l_n,u_r_m,u_r_n,avg_sal,sal_state
5.0,5.0,7.0,7.0,1339.600980392157,1.0
5.0,7.0,7.0,13.0,2081.711764705882,1.0
5.0,13.0,7.0,16.0,1068.7522875816994,1.0
7.0,5.0,8.0,7.0,1885.9607843137253,1.0
7.0,7.0,8.0,13.0,1728.6908496732026,1.0
7.0,13.0,8.0,15.0,596.3745098039217,1.0
2.0,7.0,4.0,8.0,747.570588235294,1.0
2.0,8.0,4.0,14.0,1818.7516339869285,1.0
2.0,14.0,4.0,16.0,2192.1127450980393,1.0
4.0,6.0,5.0,9.0,1267.6522875816993,1.0
4.0,9.0,5.0,13.0,2224.2745098039222,1.0
4.0,13.0,5.0,16.0,2312.269281045752,1.0
8.0,0.0,9.0,4.0,1175.136274509804,2.0
8.0,4.0,9.0,10.0,1182.345751633987,2.0
8.0,10.0,9.0,15.0,789.5254901960783,2.0
9.0,0.0,10.0,7.0,464.3574229691877,2.0
6.0,4.0,7.0,5.0,582.6627450980393,2.0
1.0,7.0,2.0,10.0,953.4039215686273,2.0
1.0,10.0,2.0,16.0,1261.1124183006536,2.0
1.0,16.0,2.0,20.0,1386.4980392156867,2.0
2.0,16.0,3.0,20.0,998.3823529411766,2.0
3.0,16.0,4.0,18.0,1044.8,2.0
0.0,9.0,1.0,17.0,436.30931372549003,2.0
0.0,17.0,1.0,19.0,415.3647058823529,2.0
4.0,16.0,6.0,17.0,665.5607843137255,2.0
1.0,0.0,2.0,2.0,357.25882352941176,2.0
2.0,0.0,6.0,2.0,940.2284313725489,2.0
6.0,0.0,8.0,2.0,499.1294117647059,2.0
2.0,2.0,6.0,4.0,807.8230392156862,2.0
6.0,2.0,7.0,4.0,799.8627450980392,2.0
7.0,2.0,8.0,5.0,805.9225490196077,2.0
1.0,2.0,2.0,6.0,227.361274509804,4.0
3.0,4.0,5.0,6.0,984.0352941176469,4.0
2.0,4.0,3.0,6.0,1027.2901960784313,4.0
5.0,4.0,6.0,5.0,138.75490196078428,4.0
-0.0,6.0,1.0,9.0,325.1516339869281,4.0
2.0,6.0,4.0,7.0,881.4666666666666,4.0
1.0,6.0,2.0,7.0,509.3411764705882,4.0
9.0,7.0,10.0,9.0,505.44313725490196,4.0
9.0,9.0,10.0,17.0,382.5357843137255,4.0
9.0,17.0,10.0,20.0,408.63006535947716,4.0
7.0,15.0,8.0,18.0,27.98464052287581,4.0
8.0,15.0,9.0,20.0,55.50823529411764,4.0
6.0,16.0,7.0,18.0,40.73305322128852,4.0
4.0,17.0,6.0,18.0,102.39411764705879,4.0
0.0,0.0,1.0,4.0,176.9598039215686,4.0
3.0,18.0,7.0,20.0,8.656372549019608,5.0
7.0,18.0,8.0,20.0,0.0,5.0
-0.0,4.0,1.0,6.0,10.16470588235294,5.0
-0.0,19.0,1.0,20.0,10.16470588235294,5.0
