l_l_m,l_l_n,u_r_m,u_r_n,avg_sal,sal_state
6.0,0.0,8.0,1.0,2118.570588235294,2.0
2.0,2.0,4.0,4.0,1175.198039215686,2.0
8.0,3.0,9.0,4.0,921.2117647058824,2.0
1.0,16.0,2.0,17.0,827.9725490196079,2.0
4.0,8.0,5.0,13.0,2372.1215686274513,1.0
5.0,8.0,7.0,13.0,2450.802352941177,1.0
7.0,8.0,8.0,13.0,1928.8776470588239,1.0
2.0,14.0,6.0,18.0,2092.629656862745,1.0
6.0,14.0,7.0,18.0,1612.5460784313723,1.0
2.0,18.0,6.0,20.0,2214.0696078431374,1.0
6.0,18.0,7.0,20.0,1964.4901960784314,1.0
2.0,0.0,4.0,2.0,1886.507843137255,1.0
4.0,0.0,6.0,4.0,2075.4637254901963,1.0
6.0,1.0,8.0,4.0,2259.2751633986927,1.0
4.0,4.0,5.0,8.0,1322.1245098039215,2.0
5.0,4.0,7.0,8.0,1988.4637254901959,2.0
7.0,4.0,8.0,8.0,1961.6176470588236,2.0
4.0,13.0,7.0,14.0,2086.639215686275,2.0
7.0,13.0,8.0,19.0,1405.5823529411764,2.0
7.0,19.0,8.0,20.0,1977.2235294117645,2.0
2.0,7.0,4.0,13.0,1842.917973856209,2.0
2.0,13.0,4.0,14.0,1684.8862745098038,2.0
2.0,4.0,4.0,7.0,788.6359477124182,4.0
1.0,17.0,2.0,20.0,314.2117647058824,4.0
-0.0,13.0,1.0,19.0,232.20457516339872,4.0
1.0,6.0,2.0,8.0,75.52549019607844,4.0
1.0,8.0,2.0,14.0,247.78431372549014,4.0
1.0,14.0,2.0,16.0,837.5098039215686,4.0
8.0,0.0,9.0,3.0,71.82570806100217,4.0
9.0,2.0,10.0,4.0,385.64313725490194,4.0
9.0,4.0,10.0,12.0,297.98921568627446,4.0
9.0,12.0,10.0,15.0,238.5921568627451,4.0
8.0,4.0,9.0,7.0,898.9228758169936,4.0
8.0,7.0,9.0,13.0,514.583660130719,4.0
8.0,13.0,9.0,16.0,413.2130718954249,4.0
1.0,0.0,2.0,4.0,208.2696078431373,4.0
8.0,16.0,9.0,20.0,44.840740740740735,4.0
9.0,18.0,10.0,19.0,32.21411764705882,4.0
0.0,5.0,1.0,13.0,0.0,5.0
0.0,0.0,1.0,5.0,61.05725490196079,5.0
1.0,4.0,2.0,6.0,5.08235294117647,5.0
9.0,15.0,10.0,18.0,1.016470588235294,5.0
9.0,0.0,10.0,2.0,1.016470588235294,5.0
9.0,19.0,10.0,20.0,1.016470588235294,5.0
-0.0,19.0,1.0,20.0,10.16470588235294,5.0
