l_l_m,l_l_n,u_r_m,u_r_n,avg_sal,sal_state
3.0,3.0,7.0,4.0,818.1647058823529,2.0
7.0,3.0,8.0,4.0,1678.5686274509806,2.0
7.0,14.0,8.0,17.0,1331.870588235294,2.0
7.0,19.0,8.0,20.0,1458.0784313725492,2.0
2.0,7.0,3.0,11.0,1947.7323529411765,1.0
3.0,7.0,7.0,11.0,2518.710294117647,1.0
7.0,7.0,8.0,11.0,1824.8745098039215,1.0
2.0,4.0,3.0,7.0,1586.3450980392154,1.0
3.0,4.0,7.0,7.0,2451.2261437908496,1.0
7.0,4.0,8.0,7.0,2071.8928104575166,1.0
3.0,13.0,7.0,17.0,2432.8063725490197,1.0
3.0,17.0,7.0,18.0,2111.121568627451,1.0
2.0,19.0,6.0,20.0,2372.917647058824,1.0
6.0,19.0,7.0,20.0,2450.737254901961,1.0
2.0,11.0,3.0,17.0,2055.8026143790853,2.0
2.0,17.0,3.0,19.0,2150.3803921568624,2.0
3.0,11.0,7.0,13.0,2361.971568627451,2.0
7.0,11.0,8.0,13.0,1667.8529411764707,2.0
3.0,18.0,5.0,19.0,1955.733333333333,2.0
1.0,0.0,2.0,2.0,339.2313725490196,2.0
2.0,0.0,3.0,2.0,2271.4117647058824,1.0
3.0,0.0,7.0,2.0,2040.6980392156865,1.0
7.0,0.0,8.0,2.0,827.4098039215686,1.0
1.0,5.0,2.0,9.0,112.57058823529414,4.0
1.0,9.0,2.0,15.0,262.340522875817,4.0
1.0,15.0,2.0,20.0,392.7372549019609,4.0
-0.0,13.0,1.0,16.0,49.25228758169934,4.0
7.0,17.0,8.0,19.0,69.38897058823528,4.0
5.0,18.0,7.0,19.0,828.0254901960783,4.0
8.0,3.0,9.0,6.0,155.80915032679738,4.0
8.0,6.0,9.0,12.0,93.20718954248365,4.0
8.0,12.0,9.0,15.0,40.74640522875817,4.0
7.0,13.0,8.0,14.0,88.52058823529413,4.0
0.0,5.0,1.0,13.0,0.6397058823529411,5.0
0.0,0.0,1.0,5.0,0.0,5.0
1.0,0.0,2.0,5.0,3.0494117647058823,5.0
8.0,15.0,9.0,20.0,1.1294117647058823,5.0
3.0,0.0,5.0,3.0,5.350980392156862,5.0
5.0,0.0,7.0,3.0,0.015686274509803918,5.0
7.0,0.0,9.0,3.0,2.7758169934640526,5.0
9.0,0.0,10.0,6.0,0.0,5.0
9.0,6.0,10.0,14.0,0.0,5.0
9.0,14.0,10.0,20.0,0.0,5.0
2.0,0.0,3.0,4.0,1.6941176470588235,5.0
-0.0,16.0,1.0,20.0,10.16470588235294,5.0
