l_l_m,l_l_n,u_r_m,u_r_n,avg_sal,sal_state
1.0,12.0,2.0,14.0,785.7843137254903,2.0
2.0,7.0,6.0,8.0,2306.239215686275,1.0
6.0,7.0,7.0,8.0,2162.83137254902,1.0
2.0,8.0,6.0,12.0,2356.861274509804,1.0
6.0,8.0,7.0,12.0,2363.954901960785,1.0
2.0,12.0,6.0,14.0,1949.488725490196,1.0
6.0,12.0,7.0,14.0,1763.3901960784315,1.0
3.0,16.0,6.0,20.0,2155.851633986928,1.0
2.0,6.0,6.0,7.0,1320.5049019607845,2.0
6.0,6.0,7.0,7.0,1287.7450980392155,2.0
7.0,6.0,8.0,9.0,1501.1738562091505,2.0
7.0,9.0,8.0,15.0,1442.0281045751635,2.0
7.0,15.0,8.0,18.0,1281.5660130718954,2.0
2.0,14.0,3.0,20.0,1852.6581699346405,2.0
6.0,14.0,7.0,18.0,1638.9372549019608,2.0
3.0,14.0,6.0,16.0,1597.579738562091,2.0
3.0,0.0,6.0,2.0,1971.077777777777,1.0
2.0,0.0,3.0,4.0,1496.1627450980395,2.0
3.0,2.0,4.0,3.0,1108.4980392156863,2.0
1.0,1.0,2.0,4.0,1305.4078431372548,2.0
6.0,0.0,7.0,2.0,1354.8529411764707,2.0
7.0,1.0,8.0,2.0,1256.6078431372548,2.0
0.0,0.0,1.0,7.0,553.6526610644256,4.0
1.0,0.0,2.0,1.0,434.2686274509804,4.0
1.0,6.0,2.0,12.0,576.1104575163399,4.0
1.0,4.0,2.0,6.0,1380.6823529411765,4.0
2.0,4.0,3.0,6.0,311.92875816993467,4.0
3.0,5.0,5.0,6.0,178.14039215686276,4.0
7.0,0.0,9.0,1.0,828.813725490196,4.0
9.0,1.0,10.0,5.0,24.132941176470588,4.0
4.0,2.0,6.0,3.0,177.29999999999995,4.0
7.0,2.0,8.0,5.0,75.32892156862745,4.0
8.0,1.0,9.0,5.0,89.34248366013071,4.0
6.0,2.0,7.0,4.0,64.49243697478992,4.0
-0.0,13.0,1.0,20.0,451.2067226890757,4.0
1.0,14.0,2.0,20.0,881.2679738562092,4.0
8.0,14.0,9.0,20.0,545.881045751634,4.0
9.0,15.0,10.0,17.0,18.173921568627453,4.0
6.0,18.0,8.0,20.0,1322.5823529411764,4.0
3.0,3.0,6.0,5.0,5.08235294117647,5.0
6.0,4.0,7.0,5.0,1.4521008403361344,5.0
9.0,5.0,10.0,6.0,0.0,5.0
9.0,6.0,10.0,14.0,0.0,5.0
9.0,14.0,10.0,15.0,25.890196078431373,5.0
5.0,5.0,7.0,6.0,8.192156862745097,5.0
7.0,5.0,8.0,6.0,150.77254901960785,5.0
8.0,5.0,9.0,6.0,192.078431372549,5.0
8.0,6.0,9.0,12.0,256.36078431372556,5.0
8.0,12.0,9.0,14.0,172.99803921568628,5.0
-0.0,7.0,1.0,13.0,10.16470588235294,5.0
9.0,17.0,10.0,20.0,1.016470588235294,5.0
9.0,0.0,10.0,1.0,1.016470588235294,5.0
