l_l_m,l_l_n,u_r_m,u_r_n,avg_sal,sal_state
4.0,8.0,6.0,12.0,2555.1343137254903,1.0
4.0,12.0,6.0,13.0,2303.3411764705884,1.0
7.0,6.0,8.0,7.0,1641.976470588235,2.0
7.0,7.0,8.0,13.0,1847.2150326797391,2.0
7.0,13.0,8.0,14.0,1807.9058823529413,2.0
8.0,13.0,9.0,14.0,1179.6666666666665,2.0
2.0,7.0,4.0,13.0,1884.912418300654,2.0
6.0,7.0,7.0,13.0,2451.9915032679737,2.0
6.0,13.0,7.0,14.0,857.149019607843,2.0
4.0,7.0,6.0,8.0,2067.535294117647,2.0
3.0,16.0,7.0,20.0,2457.322303921569,1.0
1.0,15.0,3.0,20.0,1674.834117647059,2.0
3.0,15.0,5.0,16.0,819.2607843137255,2.0
3.0,0.0,7.0,1.0,2496.141176470589,1.0
1.0,0.0,3.0,3.0,1210.743137254902,2.0
3.0,1.0,7.0,2.0,892.5941176470589,2.0
3.0,3.0,4.0,5.0,969.3392156862744,2.0
4.0,3.0,6.0,5.0,1462.9392156862743,1.0
7.0,2.0,9.0,5.0,1142.8196078431372,2.0
6.0,3.0,7.0,5.0,1887.4725490196079,2.0
2.0,3.0,3.0,6.0,23.42614379084967,4.0
3.0,5.0,7.0,6.0,827.8411764705883,4.0
7.0,5.0,8.0,6.0,875.6196078431373,4.0
9.0,5.0,10.0,6.0,79.09411764705881,4.0
9.0,6.0,10.0,14.0,167.71470588235297,4.0
9.0,14.0,10.0,15.0,118.65098039215685,4.0
7.0,14.0,9.0,16.0,507.74313725490197,4.0
2.0,13.0,6.0,14.0,353.80980392156863,4.0
1.0,6.0,2.0,7.0,139.21960784313723,4.0
1.0,7.0,2.0,13.0,228.3535947712418,4.0
1.0,13.0,2.0,14.0,278.25882352941176,4.0
2.0,6.0,6.0,7.0,606.2470588235294,4.0
6.0,6.0,7.0,7.0,846.7411764705882,4.0
8.0,5.0,9.0,6.0,1017.8392156862744,4.0
8.0,6.0,9.0,12.0,570.8496732026142,4.0
8.0,12.0,9.0,13.0,493.0274509803921,4.0
0.0,0.0,1.0,6.0,0.0,5.0
0.0,6.0,1.0,14.0,0.0,5.0
0.0,14.0,1.0,20.0,0.07516339869281045,5.0
1.0,3.0,2.0,6.0,5.08235294117647,5.0
3.0,14.0,5.0,15.0,0.0,5.0
1.0,14.0,3.0,15.0,72.96274509803922,5.0
5.0,14.0,7.0,16.0,48.658823529411755,5.0
9.0,15.0,10.0,20.0,1.016470588235294,5.0
7.0,16.0,9.0,20.0,52.772058823529406,5.0
7.0,0.0,9.0,2.0,49.75490196078432,5.0
9.0,0.0,10.0,5.0,1.016470588235294,5.0
3.0,2.0,7.0,3.0,15.26372549019608,5.0
