l_l_m,l_l_n,u_r_m,u_r_n,avg_sal,sal_state
5.0,4.0,6.0,5.0,1378.764705882353,2.0
3.0,5.0,5.0,9.0,2333.812254901961,1.0
3.0,4.0,5.0,5.0,2311.801960784314,1.0
3.0,10.0,7.0,14.0,2455.234068627451,1.0
7.0,10.0,8.0,14.0,1857.5578431372548,1.0
3.0,14.0,7.0,18.0,2393.62181372549,1.0
7.0,14.0,8.0,18.0,1497.506862745098,1.0
3.0,18.0,7.0,20.0,2529.550980392157,1.0
7.0,18.0,8.0,20.0,1626.2882352941174,1.0
2.0,14.0,3.0,20.0,2214.479738562092,1.0
2.0,0.0,3.0,4.0,2028.4794117647061,2.0
2.0,4.0,3.0,10.0,1852.7529411764706,2.0
2.0,10.0,3.0,14.0,1841.2705882352946,2.0
3.0,0.0,4.0,4.0,1826.2068627450974,2.0
4.0,3.0,5.0,4.0,1027.9960784313728,2.0
3.0,9.0,5.0,10.0,2349.866666666667,2.0
5.0,6.0,7.0,10.0,2098.795098039216,2.0
7.0,7.0,8.0,10.0,1582.1777777777775,2.0
4.0,0.0,5.0,2.0,2069.411764705882,2.0
5.0,0.0,7.0,2.0,2035.0294117647063,2.0
7.0,0.0,8.0,2.0,1267.3274509803925,2.0
4.0,2.0,5.0,3.0,192.643137254902,4.0
6.0,2.0,8.0,5.0,754.6307189542482,4.0
8.0,5.0,9.0,7.0,201.77843137254902,4.0
8.0,7.0,9.0,13.0,324.97124183006537,4.0
8.0,13.0,9.0,15.0,164.62352941176468,4.0
5.0,5.0,7.0,6.0,1136.6392156862746,4.0
7.0,5.0,8.0,7.0,103.33088235294115,4.0
5.0,2.0,6.0,4.0,147.53627450980392,4.0
1.0,1.0,2.0,7.0,750.9150326797385,4.0
1.0,0.0,2.0,1.0,515.364705882353,4.0
1.0,7.0,2.0,13.0,469.58039215686284,4.0
1.0,13.0,2.0,19.0,384.9627450980392,4.0
1.0,19.0,2.0,20.0,557.7803921568627,4.0
-0.0,2.0,1.0,7.0,358.716862745098,4.0
8.0,0.0,9.0,5.0,1.1294117647058823,5.0
9.0,0.0,10.0,6.0,0.0,5.0
9.0,6.0,10.0,14.0,0.0,5.0
9.0,14.0,10.0,20.0,0.0,5.0
8.0,15.0,9.0,20.0,1.1294117647058823,5.0
0.0,7.0,1.0,9.0,150.04117647058825,5.0
0.0,9.0,1.0,17.0,218.35931372549015,5.0
0.0,17.0,1.0,20.0,270.03137254901964,5.0
0.0,0.0,1.0,2.0,10.16470588235294,5.0
