l_l_m,l_l_n,u_r_m,u_r_n,avg_sal,sal_state
4.0,6.0,5.0,7.0,1599.2117647058822,2.0
1.0,13.0,2.0,14.0,927.4196078431372,2.0
1.0,16.0,2.0,17.0,555.6156862745098,2.0
2.0,7.0,6.0,9.0,2152.9926470588234,1.0
2.0,9.0,6.0,13.0,2232.452696078432,1.0
2.0,13.0,6.0,15.0,2064.6269607843133,1.0
2.0,16.0,3.0,20.0,1826.6147058823528,1.0
3.0,16.0,7.0,20.0,2350.3193627450987,1.0
7.0,16.0,8.0,20.0,1697.3215686274511,1.0
2.0,5.0,3.0,7.0,1430.7705882352939,2.0
1.0,6.0,2.0,7.0,950.2117647058824,2.0
6.0,6.0,8.0,8.0,1277.4470588235295,2.0
6.0,8.0,8.0,14.0,1744.3627450980393,2.0
6.0,14.0,8.0,16.0,1532.8000000000004,2.0
2.0,15.0,6.0,16.0,1875.7117647058826,2.0
3.0,0.0,7.0,3.0,2351.314705882353,1.0
7.0,0.0,8.0,3.0,1810.9555555555555,1.0
2.0,0.0,3.0,4.0,1518.4696078431373,2.0
3.0,3.0,7.0,4.0,1748.314705882353,2.0
7.0,3.0,8.0,4.0,1693.5450980392154,2.0
4.0,4.0,6.0,5.0,538.3745098039217,2.0
1.0,0.0,2.0,6.0,789.6039215686275,4.0
2.0,4.0,4.0,5.0,762.0686274509802,4.0
4.0,5.0,5.0,6.0,120.66196078431372,4.0
5.0,5.0,6.0,7.0,85.88725490196079,4.0
3.0,5.0,4.0,7.0,287.38088235294117,4.0
1.0,7.0,2.0,13.0,541.9235294117647,4.0
1.0,14.0,2.0,16.0,401.30882352941177,4.0
0.0,2.0,1.0,5.0,564.0614379084968,4.0
0.0,5.0,1.0,13.0,285.4049019607843,4.0
0.0,13.0,1.0,17.0,405.36666666666673,4.0
8.0,0.0,9.0,4.0,697.7705882352942,4.0
8.0,4.0,9.0,10.0,402.75751633986926,4.0
8.0,10.0,9.0,14.0,114.37941176470586,4.0
9.0,2.0,10.0,5.0,17.549019607843142,4.0
6.0,4.0,8.0,6.0,724.700980392157,4.0
8.0,15.0,9.0,20.0,33.60644880174292,4.0
1.0,17.0,2.0,20.0,181.03725490196084,4.0
2.0,5.0,3.0,6.0,250.90490196078431,4.0
9.0,5.0,10.0,8.0,5.478431372549019,5.0
9.0,8.0,10.0,16.0,0.0,5.0
9.0,16.0,10.0,20.0,17.230392156862745,5.0
8.0,14.0,9.0,15.0,1.1294117647058823,5.0
-0.0,17.0,1.0,20.0,10.16470588235294,5.0
9.0,0.0,10.0,2.0,1.016470588235294,5.0
0.0,0.0,1.0,2.0,10.16470588235294,5.0
