l_l_m,l_l_n,u_r_m,u_r_n,avg_sal,sal_state
3.0,8.0,6.0,12.0,2564.7983660130717,1.0
3.0,12.0,6.0,13.0,2447.9359477124185,1.0
2.0,6.0,4.0,7.0,638.3843137254903,2.0
1.0,6.0,2.0,7.0,796.4156862745098,2.0
6.0,7.0,8.0,13.0,2070.550653594772,2.0
6.0,13.0,8.0,14.0,1557.519607843137,2.0
2.0,7.0,3.0,13.0,1841.2228758169933,2.0
2.0,13.0,3.0,14.0,1722.3098039215686,2.0
3.0,7.0,6.0,8.0,2191.0653594771247,2.0
3.0,13.0,6.0,14.0,1357.0993464052287,2.0
4.0,6.0,5.0,7.0,317.8235294117647,4.0
5.0,6.0,7.0,7.0,409.94901960784307,4.0
7.0,6.0,8.0,7.0,610.2313725490196,4.0
8.0,6.0,9.0,7.0,122.07450980392157,4.0
8.0,7.0,9.0,13.0,213.4921568627451,4.0
8.0,13.0,9.0,14.0,199.9882352941177,4.0
0.0,2.0,1.0,10.0,2.8544117647058824,5.0
0.0,0.0,1.0,2.0,0.0,5.0
3.0,0.0,5.0,6.0,0.0,5.0
1.0,0.0,3.0,6.0,12.701960784313727,5.0
1.0,7.0,2.0,10.0,5.08235294117647,5.0
5.0,0.0,7.0,6.0,0.0,5.0
7.0,0.0,9.0,6.0,0.0,5.0
9.0,2.0,10.0,10.0,0.0,5.0
9.0,0.0,10.0,2.0,0.0,5.0
0.0,10.0,2.0,16.0,171.28790849673203,5.0
0.0,16.0,2.0,20.0,0.0,5.0
3.0,14.0,5.0,20.0,11.764379084967318,5.0
2.0,14.0,3.0,20.0,30.507843137254905,5.0
9.0,10.0,10.0,18.0,0.0,5.0
9.0,18.0,10.0,20.0,0.0,5.0
5.0,14.0,7.0,20.0,23.61797385620915,5.0
7.0,14.0,9.0,20.0,19.32418300653595,5.0
