l_l_m,l_l_n,u_r_m,u_r_n,avg_sal,sal_state
3.0,9.0,6.0,13.0,2480.927777777779,1.0
2.0,14.0,4.0,20.0,2207.000980392157,1.0
4.0,15.0,5.0,20.0,2394.032941176471,1.0
5.0,15.0,7.0,20.0,2373.4658823529417,1.0
7.0,15.0,8.0,20.0,1530.134117647059,1.0
6.0,6.0,8.0,7.0,1784.2215686274508,2.0
6.0,7.0,8.0,13.0,2102.478431372549,2.0
6.0,13.0,8.0,15.0,2118.809803921569,2.0
2.0,7.0,3.0,13.0,1681.4888888888888,2.0
2.0,13.0,3.0,14.0,1710.580392156863,2.0
2.0,0.0,3.0,4.0,2061.355882352941,1.0
3.0,0.0,7.0,4.0,2470.911029411765,1.0
7.0,0.0,8.0,4.0,1728.8166666666666,1.0
3.0,5.0,6.0,6.0,2434.312418300654,1.0
2.0,4.0,3.0,7.0,1993.1764705882351,2.0
6.0,4.0,8.0,6.0,1683.9941176470588,2.0
3.0,6.0,5.0,7.0,1828.8901960784315,2.0
3.0,4.0,6.0,5.0,2075.4745098039216,2.0
5.0,6.0,6.0,9.0,241.75185185185188,4.0
3.0,7.0,5.0,9.0,524.1917647058823,4.0
8.0,0.0,10.0,6.0,63.258496732026146,5.0
8.0,6.0,10.0,14.0,197.9904411764706,5.0
8.0,14.0,10.0,20.0,36.93986928104575,5.0
0.0,1.0,2.0,7.0,89.37745098039215,5.0
0.0,0.0,2.0,1.0,31.482352941176465,5.0
0.0,7.0,2.0,13.0,100.48562091503271,5.0
0.0,13.0,2.0,19.0,85.47418300653594,5.0
0.0,19.0,2.0,20.0,29.42156862745098,5.0
3.0,13.0,4.0,14.0,2.541176470588235,5.0
4.0,13.0,6.0,15.0,3.388235294117647,5.0
