l_l_m,l_l_n,u_r_m,u_r_n,avg_sal,sal_state
8.0,1.0,9.0,5.0,994.5519607843137,2.0
8.0,0.0,9.0,1.0,1159.9137254901962,2.0
1.0,1.0,2.0,5.0,854.4960784313727,2.0
1.0,6.0,2.0,8.0,592.8960784313726,2.0
2.0,4.0,4.0,6.0,1621.2470588235294,1.0
4.0,4.0,6.0,6.0,1788.1715686274508,1.0
6.0,4.0,8.0,6.0,1944.795098039216,1.0
2.0,2.0,4.0,4.0,1671.577450980392,1.0
4.0,2.0,6.0,4.0,2298.5480392156865,1.0
6.0,2.0,8.0,4.0,2105.5176470588235,1.0
2.0,0.0,4.0,2.0,1100.4607843137255,1.0
4.0,0.0,6.0,2.0,1923.0274509803921,1.0
6.0,0.0,8.0,2.0,1810.6764705882354,1.0
2.0,6.0,4.0,8.0,2052.3676470588234,1.0
4.0,6.0,6.0,8.0,2385.077450980393,1.0
6.0,6.0,8.0,8.0,1974.273529411765,1.0
2.0,8.0,4.0,10.0,1950.4892156862747,1.0
4.0,8.0,6.0,10.0,2326.868627450981,1.0
6.0,8.0,8.0,10.0,2079.507843137255,1.0
2.0,10.0,4.0,12.0,1975.1137254901964,1.0
4.0,10.0,6.0,12.0,2235.8901960784315,1.0
6.0,10.0,8.0,12.0,2073.773529411765,1.0
2.0,12.0,4.0,14.0,1916.9039215686275,1.0
4.0,12.0,6.0,14.0,2162.9196078431382,1.0
6.0,12.0,8.0,14.0,1825.0901960784313,1.0
1.0,13.0,2.0,17.0,1266.0588235294115,2.0
1.0,17.0,2.0,20.0,1401.5882352941178,2.0
2.0,14.0,3.0,18.0,1348.7068627450979,2.0
2.0,18.0,3.0,19.0,1096.4274509803922,2.0
3.0,14.0,4.0,16.0,1011.9784313725487,2.0
8.0,13.0,9.0,17.0,1118.7039215686277,2.0
4.0,14.0,6.0,15.0,1305.407843137255,2.0
6.0,14.0,8.0,16.0,1201.7539215686274,2.0
3.0,18.0,4.0,20.0,1168.9980392156865,2.0
4.0,18.0,6.0,20.0,1347.9519607843135,2.0
6.0,18.0,7.0,20.0,1335.6607843137253,2.0
9.0,4.0,10.0,8.0,219.07352941176467,4.0
9.0,0.0,10.0,4.0,494.163725490196,4.0
9.0,8.0,10.0,12.0,153.84313725490196,4.0
9.0,12.0,10.0,16.0,230.9617647058824,4.0
9.0,16.0,10.0,20.0,535.6382352941176,4.0
3.0,16.0,4.0,18.0,926.350980392157,4.0
4.0,16.0,6.0,18.0,960.522549019608,4.0
6.0,16.0,7.0,18.0,473.65098039215684,4.0
4.0,15.0,6.0,16.0,891.0156862745098,4.0
7.0,16.0,8.0,20.0,698.1196078431373,4.0
8.0,17.0,9.0,20.0,97.00769789397239,4.0
8.0,5.0,9.0,7.0,727.1941176470589,4.0
8.0,7.0,9.0,11.0,695.3980392156864,4.0
8.0,11.0,9.0,13.0,842.8666666666666,4.0
0.0,4.0,1.0,8.0,249.30098039215687,4.0
0.0,0.0,1.0,4.0,343.4117647058824,4.0
0.0,8.0,1.0,12.0,182.171568627451,4.0
0.0,12.0,1.0,16.0,360.3352941176471,4.0
0.0,16.0,1.0,20.0,520.3990196078431,4.0
1.0,0.0,2.0,1.0,621.4882352941178,4.0
1.0,5.0,2.0,6.0,340.80392156862746,4.0
1.0,8.0,2.0,12.0,533.0019607843136,4.0
1.0,12.0,2.0,13.0,609.3803921568629,4.0
2.0,19.0,3.0,20.0,3.388235294117647,5.0
