l_l_m,l_l_n,u_r_m,u_r_n,avg_sal,sal_state
1.0,7.0,3.0,9.0,1442.1480392156866,2.0
3.0,7.0,5.0,9.0,2170.242156862745,2.0
5.0,7.0,7.0,9.0,1802.274509803921,2.0
7.0,7.0,8.0,9.0,1220.6549019607844,2.0
1.0,5.0,3.0,7.0,1637.8058823529416,2.0
3.0,5.0,5.0,7.0,2302.3990196078435,2.0
5.0,5.0,7.0,7.0,1937.2676470588235,2.0
7.0,5.0,8.0,7.0,1189.0901960784313,2.0
1.0,3.0,3.0,5.0,1537.9137254901962,2.0
3.0,3.0,5.0,5.0,1801.0245098039218,2.0
5.0,3.0,7.0,5.0,1558.8098039215686,2.0
7.0,3.0,8.0,5.0,1319.6039215686276,2.0
1.0,1.0,3.0,3.0,1303.0627450980392,2.0
3.0,1.0,5.0,3.0,758.0558823529411,2.0
5.0,1.0,7.0,3.0,770.592156862745,2.0
7.0,1.0,8.0,3.0,1122.6372549019611,2.0
1.0,0.0,3.0,1.0,1103.772549019608,2.0
3.0,0.0,5.0,1.0,675.6980392156862,2.0
5.0,0.0,7.0,1.0,827.2333333333332,2.0
7.0,0.0,8.0,1.0,1191.0901960784315,2.0
1.0,9.0,3.0,11.0,1438.080392156863,2.0
3.0,9.0,5.0,11.0,1897.1607843137253,2.0
5.0,9.0,7.0,11.0,1680.5627450980387,2.0
7.0,9.0,8.0,11.0,1260.9960784313726,2.0
1.0,11.0,3.0,13.0,1544.649019607843,2.0
3.0,11.0,5.0,13.0,2032.3823529411764,2.0
5.0,11.0,7.0,13.0,1803.203921568628,2.0
7.0,11.0,8.0,13.0,1213.8803921568629,2.0
1.0,13.0,3.0,15.0,1591.2225490196079,2.0
3.0,13.0,5.0,15.0,2083.7705882352943,2.0
5.0,13.0,7.0,15.0,2016.8627450980396,2.0
7.0,13.0,8.0,15.0,1285.4254901960785,2.0
1.0,15.0,3.0,17.0,1540.2392156862745,2.0
3.0,15.0,5.0,17.0,1906.7862745098041,2.0
5.0,15.0,7.0,17.0,1666.5529411764705,2.0
7.0,15.0,8.0,17.0,954.8509803921567,2.0
1.0,17.0,3.0,19.0,1429.8196078431372,2.0
3.0,17.0,5.0,19.0,1555.1519607843134,2.0
5.0,17.0,7.0,19.0,1534.5735294117649,2.0
7.0,17.0,8.0,19.0,1176.2666666666667,2.0
1.0,19.0,3.0,20.0,966.1549019607843,2.0
3.0,19.0,5.0,20.0,345.9921568627451,2.0
5.0,19.0,7.0,20.0,1020.5254901960783,2.0
7.0,19.0,8.0,20.0,1159.886274509804,2.0
8.0,0.0,9.0,3.0,963.7202614379083,2.0
-0.0,18.0,1.0,20.0,599.0254901960783,2.0
9.0,4.0,10.0,8.0,151.84019607843138,4.0
9.0,0.0,10.0,4.0,281.1911764705882,4.0
9.0,8.0,10.0,12.0,79.00098039215686,4.0
9.0,12.0,10.0,16.0,207.4852941176471,4.0
9.0,16.0,10.0,20.0,386.65980392156877,4.0
8.0,5.0,9.0,9.0,517.2068627450981,4.0
8.0,3.0,9.0,5.0,692.1274509803923,4.0
8.0,9.0,9.0,13.0,457.6656862745097,4.0
8.0,13.0,9.0,17.0,599.778431372549,4.0
8.0,17.0,9.0,20.0,568.562091503268,4.0
0.0,3.0,1.0,7.0,438.5784313725489,4.0
0.0,0.0,1.0,3.0,631.6496732026144,4.0
0.0,7.0,1.0,11.0,298.47352941176473,4.0
0.0,11.0,1.0,15.0,335.80294117647065,4.0
0.0,15.0,1.0,18.0,572.6065359477125,4.0
