l_l_m,l_l_n,u_r_m,u_r_n,avg_sal,sal_state
4.0,6.0,5.0,8.0,791.592156862745,1.0
5.0,6.0,7.0,8.0,1477.3676470588236,1.0
7.0,6.0,8.0,8.0,1962.9372549019608,1.0
4.0,8.0,5.0,12.0,1927.428431372549,1.0
5.0,8.0,7.0,12.0,2339.6406862745107,1.0
7.0,8.0,8.0,12.0,1882.519607843137,1.0
4.0,12.0,5.0,14.0,1767.086274509804,1.0
5.0,12.0,7.0,14.0,1831.7764705882355,1.0
7.0,12.0,8.0,14.0,1919.470588235294,1.0
6.0,0.0,7.0,1.0,711.6196078431373,2.0
8.0,4.0,10.0,8.0,988.5852941176472,2.0
8.0,0.0,10.0,4.0,1058.825,2.0
8.0,8.0,10.0,12.0,683.4269607843138,2.0
8.0,12.0,10.0,16.0,960.4529411764703,2.0
8.0,16.0,10.0,20.0,989.843137254902,2.0
4.0,17.0,5.0,19.0,765.9725490196079,2.0
1.0,12.0,2.0,16.0,718.2686274509804,2.0
1.0,7.0,2.0,8.0,655.4039215686274,2.0
2.0,7.0,4.0,9.0,1082.1598039215685,2.0
2.0,9.0,4.0,13.0,1483.7127450980392,2.0
2.0,13.0,4.0,16.0,1062.973202614379,2.0
4.0,14.0,5.0,15.0,720.0039215686273,2.0
5.0,14.0,7.0,18.0,1106.539705882353,2.0
7.0,14.0,8.0,18.0,1501.2117647058826,2.0
5.0,18.0,7.0,20.0,1326.4049019607844,2.0
7.0,18.0,8.0,20.0,1504.7117647058822,2.0
6.0,5.0,7.0,6.0,711.2313725490196,2.0
7.0,2.0,8.0,6.0,899.878431372549,2.0
7.0,0.0,8.0,2.0,1067.978431372549,2.0
4.0,15.0,5.0,17.0,739.7901960784314,4.0
4.0,19.0,5.0,20.0,190.42039215686282,4.0
2.0,16.0,4.0,20.0,505.94264705882347,4.0
0.0,7.0,1.0,11.0,226.49607843137252,4.0
0.0,11.0,1.0,15.0,284.9343137254902,4.0
0.0,15.0,1.0,19.0,305.97549019607845,4.0
1.0,8.0,2.0,12.0,820.1235294117647,4.0
1.0,16.0,2.0,19.0,275.9928104575163,4.0
4.0,0.0,6.0,1.0,910.0745098039216,4.0
2.0,0.0,4.0,1.0,472.39607843137253,4.0
5.0,1.0,7.0,2.0,181.10392156862744,4.0
6.0,3.0,7.0,5.0,42.47086834733893,4.0
4.0,5.0,6.0,6.0,502.913725490196,4.0
5.0,4.0,6.0,5.0,6.493464052287582,4.0
1.0,5.0,2.0,7.0,287.4166666666667,4.0
2.0,6.0,3.0,7.0,156.09281045751632,4.0
0.0,3.0,1.0,7.0,195.49019607843132,5.0
0.0,0.0,1.0,3.0,81.23006535947712,5.0
1.0,1.0,2.0,5.0,2.2392156862745094,5.0
1.0,0.0,2.0,1.0,0.0,5.0
3.0,1.0,5.0,5.0,5.191176470588236,5.0
2.0,1.0,3.0,5.0,0.0196078431372549,5.0
5.0,2.0,6.0,4.0,0.0,5.0
6.0,2.0,7.0,3.0,1.4521008403361344,5.0
2.0,5.0,3.0,6.0,3.388235294117647,5.0
3.0,5.0,4.0,7.0,2.541176470588235,5.0
0.0,19.0,2.0,20.0,77.82745098039216,5.0
