l_l_m,l_l_n,u_r_m,u_r_n,avg_sal,sal_state
1.0,16.0,3.0,18.0,698.5333333333333,2.0
4.0,8.0,6.0,10.0,1661.3754901960785,1.0
2.0,8.0,4.0,10.0,1829.3921568627447,1.0
1.0,8.0,2.0,10.0,1375.978431372549,1.0
4.0,10.0,6.0,14.0,2342.712254901961,1.0
2.0,10.0,4.0,14.0,2066.4328431372546,1.0
1.0,10.0,2.0,14.0,1266.4117647058822,1.0
4.0,14.0,6.0,16.0,1062.81568627451,1.0
2.0,14.0,4.0,16.0,1670.2421568627453,1.0
1.0,14.0,2.0,16.0,1493.0725490196078,1.0
6.0,8.0,7.0,9.0,1463.9764705882349,1.0
6.0,9.0,7.0,13.0,1625.6480392156866,1.0
6.0,13.0,7.0,15.0,1062.3039215686274,1.0
5.0,0.0,7.0,1.0,856.0196078431372,2.0
7.0,3.0,9.0,7.0,1383.8803921568629,2.0
9.0,3.0,10.0,7.0,490.72352941176473,2.0
7.0,0.0,9.0,3.0,1283.867320261438,2.0
9.0,0.0,10.0,3.0,504.3359477124183,2.0
1.0,6.0,3.0,8.0,767.6637254901963,2.0
3.0,7.0,4.0,8.0,543.2078431372548,2.0
4.0,7.0,6.0,8.0,916.9411764705884,2.0
6.0,7.0,7.0,8.0,1348.0,2.0
8.0,7.0,9.0,10.0,736.9320261437912,2.0
5.0,3.0,7.0,7.0,742.5269607843138,2.0
5.0,1.0,7.0,3.0,701.9862745098039,2.0
7.0,7.0,8.0,8.0,1336.7215686274512,2.0
7.0,8.0,8.0,12.0,884.6078431372548,2.0
7.0,12.0,8.0,13.0,757.2823529411763,2.0
7.0,13.0,9.0,16.0,734.3307189542484,2.0
3.0,19.0,4.0,20.0,376.98823529411766,2.0
4.0,16.0,6.0,20.0,764.2872549019609,2.0
6.0,16.0,8.0,20.0,1061.5230392156864,2.0
8.0,16.0,10.0,20.0,859.7019607843138,2.0
0.0,6.0,1.0,10.0,324.8235294117647,4.0
0.0,4.0,1.0,6.0,193.06666666666663,4.0
0.0,10.0,1.0,14.0,375.29411764705884,4.0
0.0,14.0,1.0,18.0,392.4107843137255,4.0
0.0,18.0,1.0,20.0,245.04117647058825,4.0
1.0,5.0,3.0,6.0,170.10588235294114,4.0
1.0,18.0,2.0,20.0,176.2,4.0
2.0,18.0,3.0,19.0,15.432679738562095,4.0
9.0,7.0,10.0,9.0,455.35882352941184,4.0
9.0,9.0,10.0,13.0,319.2137254901961,4.0
9.0,13.0,10.0,16.0,350.1516339869281,4.0
8.0,10.0,9.0,13.0,96.47654320987655,4.0
3.0,0.0,4.0,4.0,349.89411764705886,4.0
4.0,3.0,5.0,5.0,531.1392156862745,4.0
4.0,1.0,5.0,3.0,1129.2490196078434,4.0
4.0,0.0,5.0,1.0,998.121568627451,4.0
3.0,5.0,4.0,7.0,10.894117647058824,4.0
3.0,16.0,4.0,19.0,91.96307189542485,4.0
4.0,5.0,5.0,7.0,616.3862745098038,4.0
1.0,0.0,3.0,4.0,0.0,5.0
0.0,0.0,1.0,4.0,110.80686274509804,5.0
2.0,4.0,4.0,5.0,0.007843137254901959,5.0
1.0,4.0,2.0,5.0,0.06274509803921569,5.0
2.0,19.0,3.0,20.0,3.388235294117647,5.0
6.0,15.0,7.0,16.0,1.4521008403361344,5.0
