l_l_m,l_l_n,u_r_m,u_r_n,avg_sal,sal_state
5.0,3.0,7.0,5.0,1514.8235294117649,1.0
7.0,3.0,8.0,5.0,1950.7333333333331,1.0
3.0,6.0,7.0,7.0,1836.9686274509804,1.0
3.0,7.0,7.0,11.0,2322.519362745098,1.0
3.0,11.0,7.0,12.0,2168.4558823529414,1.0
8.0,0.0,9.0,6.0,1104.5640522875817,2.0
1.0,11.0,2.0,15.0,966.2882352941176,2.0
1.0,3.0,2.0,7.0,1172.7068627450979,2.0
2.0,4.0,3.0,6.0,1142.4176470588236,2.0
2.0,6.0,3.0,12.0,1873.940522875817,2.0
2.0,12.0,3.0,14.0,1699.3764705882352,2.0
3.0,18.0,4.0,19.0,551.7921568627452,2.0
4.0,18.0,7.0,20.0,1571.4607843137255,1.0
3.0,14.0,4.0,16.0,569.1843137254903,1.0
4.0,14.0,7.0,17.0,1884.6261437908497,1.0
5.0,13.0,7.0,14.0,1001.6607843137252,2.0
7.0,13.0,8.0,14.0,974.529411764706,2.0
4.0,17.0,7.0,18.0,1275.1333333333334,2.0
7.0,14.0,9.0,20.0,1625.6686274509805,2.0
2.0,3.0,3.0,4.0,76.82614379084968,4.0
3.0,3.0,5.0,6.0,409.8339869281045,4.0
5.0,5.0,7.0,6.0,1628.0098039215686,4.0
7.0,5.0,8.0,6.0,1679.8156862745095,4.0
9.0,13.0,10.0,20.0,36.458095238095225,4.0
8.0,13.0,9.0,14.0,76.36775599128539,4.0
3.0,12.0,5.0,14.0,519.9399999999998,4.0
5.0,12.0,7.0,13.0,1334.0235294117647,4.0
7.0,6.0,9.0,12.0,885.8774509803923,4.0
7.0,12.0,9.0,13.0,744.6039215686274,4.0
0.0,3.0,1.0,5.0,490.30980392156863,4.0
0.0,5.0,1.0,13.0,306.7710784313725,4.0
0.0,13.0,1.0,16.0,301.34901960784316,4.0
1.0,7.0,2.0,11.0,394.5240196078432,4.0
1.0,15.0,2.0,16.0,133.29803921568632,4.0
0.0,0.0,2.0,3.0,27.392156862745093,5.0
2.0,0.0,6.0,3.0,0.04084967320261438,5.0
6.0,0.0,8.0,3.0,479.5196078431373,5.0
2.0,14.0,3.0,16.0,3.388235294117647,5.0
3.0,16.0,4.0,18.0,2.541176470588235,5.0
3.0,19.0,4.0,20.0,2.541176470588235,5.0
1.0,16.0,3.0,20.0,0.0,5.0
0.0,16.0,1.0,20.0,15.940196078431372,5.0
9.0,5.0,10.0,13.0,121.91862745098041,5.0
9.0,0.0,10.0,5.0,221.241568627451,5.0
