l_l_m,l_l_n,u_r_m,u_r_n,avg_sal,sal_state
2.0,0.0,3.0,1.0,1630.7529411764706,2.0
3.0,1.0,7.0,5.0,2235.0088235294115,1.0
3.0,0.0,7.0,1.0,2490.052941176471,1.0
2.0,6.0,6.0,7.0,2351.0352941176475,1.0
6.0,6.0,7.0,7.0,2244.9843137254898,1.0
2.0,8.0,3.0,12.0,1898.492156862745,1.0
3.0,8.0,7.0,12.0,2435.44705882353,1.0
7.0,8.0,8.0,12.0,1743.9009803921567,1.0
3.0,14.0,7.0,18.0,2314.473284313726,1.0
3.0,18.0,7.0,19.0,2277.714705882353,1.0
7.0,2.0,8.0,8.0,1596.2098039215682,2.0
7.0,0.0,8.0,2.0,1529.5039215686277,2.0
2.0,7.0,6.0,8.0,2174.3774509803925,2.0
6.0,7.0,7.0,8.0,2431.850980392157,2.0
2.0,2.0,3.0,6.0,1483.7156862745098,2.0
3.0,5.0,7.0,6.0,2174.9098039215687,2.0
2.0,12.0,3.0,18.0,1927.1607843137256,2.0
2.0,18.0,3.0,20.0,2148.245098039216,2.0
3.0,12.0,7.0,14.0,2328.302450980393,2.0
7.0,12.0,8.0,14.0,1628.7745098039218,2.0
3.0,19.0,7.0,20.0,2292.5068627450987,2.0
7.0,17.0,8.0,20.0,1291.0013071895426,2.0
1.0,18.0,2.0,20.0,807.0078431372549,2.0
8.0,1.0,9.0,7.0,414.10065359477136,4.0
8.0,0.0,9.0,1.0,402.86666666666673,4.0
8.0,7.0,9.0,13.0,152.77516339869283,4.0
8.0,13.0,9.0,19.0,293.46339869281053,4.0
8.0,19.0,9.0,20.0,425.1764705882353,4.0
7.0,14.0,8.0,17.0,84.6140522875817,4.0
1.0,0.0,2.0,6.0,385.9993464052288,4.0
1.0,6.0,2.0,12.0,286.36274509803917,4.0
1.0,12.0,2.0,18.0,520.0686274509803,4.0
2.0,1.0,3.0,2.0,283.483660130719,4.0
9.0,0.0,10.0,6.0,19.644444444444442,5.0
9.0,6.0,10.0,14.0,0.030882352941176475,5.0
9.0,14.0,10.0,20.0,2.4196078431372547,5.0
0.0,0.0,1.0,6.0,0.1823529411764706,5.0
0.0,6.0,1.0,14.0,20.510294117647053,5.0
0.0,14.0,1.0,20.0,43.4470588235294,5.0
