l_l_m,l_l_n,u_r_m,u_r_n,avg_sal,sal_state
6.0,7.0,8.0,13.0,1756.967973856209,2.0
2.0,13.0,4.0,14.0,1065.221568627451,2.0
1.0,13.0,2.0,14.0,819.8745098039217,2.0
2.0,7.0,6.0,8.0,2187.002941176471,1.0
2.0,8.0,6.0,12.0,2422.882107843137,1.0
2.0,12.0,6.0,13.0,2120.0588235294117,1.0
1.0,3.0,2.0,8.0,981.2117647058824,2.0
2.0,4.0,3.0,7.0,988.8196078431372,2.0
3.0,6.0,4.0,7.0,1047.3686274509803,2.0
5.0,5.0,7.0,7.0,592.3166666666667,4.0
7.0,5.0,9.0,7.0,389.7352941176471,4.0
4.0,6.0,5.0,7.0,196.31686274509804,4.0
8.0,12.0,9.0,15.0,21.329557007988384,4.0
4.0,13.0,6.0,14.0,379.65882352941185,4.0
6.0,13.0,8.0,15.0,785.1823529411763,4.0
-0.0,13.0,1.0,17.0,641.7225490196079,4.0
1.0,14.0,2.0,17.0,485.1980392156863,4.0
2.0,14.0,3.0,16.0,113.30522875816992,4.0
1.0,8.0,2.0,13.0,362.983137254902,4.0
-0.0,3.0,1.0,7.0,725.2980392156862,4.0
-0.0,7.0,1.0,13.0,10.16470588235294,5.0
