l_l_m,l_l_n,u_r_m,u_r_n,avg_sal,sal_state
2.0,0.0,3.0,1.0,1915.8352941176474,1.0
3.0,0.0,7.0,1.0,2557.211764705882,1.0
7.0,0.0,8.0,1.0,1697.9568627450979,1.0
4.0,4.0,7.0,6.0,2274.2568627450987,1.0
6.0,8.0,7.0,9.0,2426.066666666667,1.0
2.0,11.0,3.0,15.0,1290.0196078431372,1.0
3.0,11.0,7.0,15.0,2289.3629901960794,1.0
7.0,11.0,8.0,15.0,2044.7745098039215,1.0
2.0,15.0,3.0,19.0,1499.021568627451,1.0
3.0,15.0,7.0,19.0,2466.7240196078437,1.0
7.0,15.0,8.0,19.0,2005.916666666667,1.0
2.0,19.0,3.0,20.0,1593.1372549019607,1.0
3.0,19.0,7.0,20.0,2310.4539215686277,1.0
7.0,19.0,8.0,20.0,1801.6156862745095,1.0
2.0,1.0,6.0,2.0,2027.295098039216,2.0
7.0,3.0,9.0,9.0,1564.6820261437908,2.0
7.0,1.0,9.0,3.0,1338.3970588235293,2.0
2.0,7.0,3.0,11.0,1069.1284313725494,2.0
3.0,5.0,4.0,11.0,1616.9084967320264,2.0
6.0,9.0,8.0,11.0,2238.5166666666673,2.0
4.0,7.0,6.0,11.0,1697.7426470588232,4.0
4.0,6.0,6.0,7.0,1453.3549019607847,4.0
6.0,6.0,7.0,8.0,265.0436974789916,4.0
1.0,0.0,2.0,4.0,88.2049019607843,4.0
2.0,2.0,6.0,4.0,792.2848039215686,4.0
6.0,1.0,7.0,4.0,205.1893557422969,4.0
3.0,4.0,4.0,5.0,141.8245098039216,4.0
0.0,0.0,1.0,6.0,0.0,5.0
0.0,6.0,1.0,14.0,0.0,5.0
0.0,14.0,1.0,20.0,0.0,5.0
1.0,4.0,2.0,9.0,9.138039215686273,5.0
1.0,9.0,2.0,15.0,49.479738562091505,5.0
1.0,15.0,2.0,20.0,115.91529411764705,5.0
2.0,4.0,3.0,7.0,3.388235294117647,5.0
8.0,0.0,9.0,1.0,1.1294117647058823,5.0
9.0,0.0,10.0,6.0,292.97450980392165,5.0
9.0,6.0,10.0,14.0,143.37598039215686,5.0
9.0,14.0,10.0,20.0,7.8921568627450975,5.0
8.0,9.0,9.0,15.0,463.9411764705882,5.0
8.0,15.0,9.0,20.0,309.9803921568628,5.0
