l_l_m,l_l_n,u_r_m,u_r_n,avg_sal,sal_state
2.0,2.0,3.0,3.0,267.73333333333335,2.0
3.0,2.0,7.0,3.0,467.0098039215686,2.0
7.0,2.0,8.0,3.0,761.9960784313727,2.0
2.0,3.0,3.0,4.0,1867.6705882352944,1.0
3.0,3.0,7.0,4.0,2554.830392156863,1.0
7.0,3.0,8.0,4.0,2095.9803921568628,1.0
4.0,5.0,6.0,6.0,2220.3882352941173,1.0
3.0,8.0,7.0,12.0,2467.7916666666665,1.0
3.0,12.0,7.0,13.0,2206.0470588235294,1.0
3.0,14.0,7.0,18.0,2439.750980392157,1.0
3.0,18.0,7.0,19.0,1893.0480392156867,1.0
2.0,4.0,4.0,6.0,1358.7911764705882,2.0
4.0,4.0,5.0,5.0,1568.6470588235293,2.0
5.0,4.0,7.0,5.0,1826.1803921568626,2.0
7.0,4.0,8.0,5.0,2094.250980392157,2.0
3.0,19.0,4.0,20.0,1848.5686274509808,2.0
1.0,18.0,2.0,20.0,389.32745098039214,2.0
1.0,13.0,2.0,15.0,500.8313725490197,2.0
3.0,6.0,6.0,8.0,1545.1294117647062,2.0
2.0,6.0,3.0,10.0,865.8490196078433,2.0
2.0,10.0,3.0,16.0,1504.632679738562,2.0
2.0,16.0,3.0,20.0,1214.830392156863,2.0
7.0,8.0,8.0,14.0,1895.396732026144,2.0
7.0,14.0,8.0,19.0,1388.0596078431374,2.0
6.0,5.0,8.0,8.0,2100.2274509803924,2.0
8.0,5.0,9.0,8.0,737.5660130718956,2.0
3.0,13.0,7.0,14.0,2204.1784313725493,2.0
2.0,0.0,3.0,1.0,207.04705882352943,2.0
3.0,0.0,7.0,2.0,1738.8730392156867,1.0
7.0,0.0,9.0,2.0,1675.1872549019608,2.0
8.0,2.0,9.0,3.0,1289.0104575163398,2.0
8.0,8.0,9.0,14.0,420.41372549019616,4.0
8.0,14.0,9.0,20.0,406.02222222222224,4.0
4.0,19.0,5.0,20.0,1441.6745098039214,4.0
5.0,19.0,7.0,20.0,1430.764705882353,4.0
7.0,19.0,8.0,20.0,1327.4352941176473,4.0
1.0,6.0,2.0,12.0,139.8627450980392,4.0
1.0,12.0,2.0,13.0,205.76078431372548,4.0
1.0,15.0,2.0,18.0,168.1137254901961,4.0
0.0,0.0,1.0,6.0,0.0,5.0
0.0,6.0,1.0,14.0,0.0,5.0
0.0,14.0,1.0,20.0,0.0,5.0
1.0,0.0,2.0,6.0,1.5143790849673202,5.0
2.0,1.0,3.0,2.0,3.388235294117647,5.0
9.0,0.0,10.0,6.0,0.0,5.0
9.0,6.0,10.0,14.0,7.10343137254902,5.0
9.0,14.0,10.0,20.0,0.0,5.0
8.0,3.0,9.0,5.0,1.1294117647058823,5.0
