l_l_m,l_l_n,u_r_m,u_r_n,avg_sal,sal_state
3.0,3.0,7.0,7.0,2495.8686274509805,1.0
3.0,2.0,7.0,3.0,1555.9009803921567,1.0
5.0,10.0,6.0,11.0,2500.592156862745,1.0
3.0,12.0,7.0,14.0,2445.790196078432,1.0
3.0,17.0,7.0,20.0,2351.249019607844,1.0
7.0,17.0,8.0,20.0,1919.113725490196,1.0
2.0,2.0,3.0,8.0,1646.8359477124186,2.0
3.0,7.0,5.0,11.0,2095.1593137254904,2.0
3.0,11.0,5.0,12.0,2367.2647058823527,2.0
6.0,7.0,7.0,12.0,2404.508235294118,2.0
7.0,2.0,8.0,6.0,1781.771568627451,2.0
7.0,6.0,8.0,12.0,1897.9529411764706,2.0
7.0,12.0,8.0,17.0,2058.8486274509805,2.0
2.0,10.0,3.0,16.0,1294.860130718954,2.0
2.0,16.0,3.0,20.0,1636.7725490196078,2.0
3.0,14.0,7.0,17.0,2305.0464052287584,2.0
5.0,7.0,6.0,10.0,2247.398692810458,2.0
5.0,11.0,6.0,12.0,2467.137254901961,2.0
2.0,0.0,3.0,2.0,2374.845098039216,1.0
3.0,0.0,7.0,2.0,2199.2539215686274,1.0
7.0,0.0,8.0,2.0,1129.7254901960785,1.0
1.0,2.0,2.0,3.0,1222.1137254901962,2.0
8.0,1.0,9.0,7.0,196.68954248366012,4.0
8.0,7.0,9.0,13.0,399.5209150326797,4.0
8.0,13.0,9.0,19.0,248.00130718954247,4.0
8.0,19.0,9.0,20.0,150.34117647058824,4.0
9.0,8.0,10.0,10.0,7.229215686274508,4.0
1.0,3.0,2.0,8.0,213.35607843137254,4.0
1.0,8.0,2.0,14.0,114.40065359477123,4.0
1.0,14.0,2.0,20.0,83.06666666666666,4.0
2.0,8.0,3.0,10.0,211.82941176470592,4.0
0.0,0.0,1.0,6.0,0.0,5.0
0.0,6.0,1.0,14.0,0.0,5.0
0.0,14.0,1.0,20.0,0.0,5.0
1.0,0.0,2.0,2.0,5.08235294117647,5.0
9.0,10.0,10.0,18.0,22.904411764705877,5.0
9.0,18.0,10.0,20.0,0.0,5.0
8.0,0.0,9.0,1.0,1.1294117647058823,5.0
9.0,0.0,10.0,8.0,3.2921568627450983,5.0
