l_l_m,l_l_n,u_r_m,u_r_n,avg_sal,sal_state
2.0,8.0,6.0,12.0,1951.4448529411768,1.0
6.0,8.0,7.0,12.0,2344.950980392157,1.0
2.0,4.0,6.0,8.0,1959.5735294117649,1.0
6.0,4.0,7.0,8.0,1949.6705882352944,1.0
2.0,1.0,6.0,4.0,2111.209150326798,1.0
6.0,1.0,7.0,4.0,1646.0627450980392,1.0
7.0,6.0,8.0,12.0,2021.9699346405234,1.0
7.0,2.0,8.0,6.0,1143.5372549019608,1.0
1.0,0.0,2.0,6.0,893.9797385620915,2.0
2.0,0.0,6.0,1.0,1748.035294117647,2.0
6.0,0.0,7.0,1.0,1475.4431372549013,2.0
8.0,5.0,9.0,6.0,874.5882352941176,2.0
8.0,6.0,9.0,12.0,758.4457516339868,2.0
8.0,12.0,9.0,14.0,674.8470588235293,2.0
8.0,15.0,9.0,16.0,639.4666666666667,2.0
8.0,18.0,9.0,19.0,498.0392156862745,2.0
1.0,15.0,2.0,19.0,840.9725490196079,2.0
2.0,15.0,6.0,19.0,2126.5254901960784,2.0
6.0,15.0,8.0,19.0,1719.1627450980393,2.0
1.0,19.0,2.0,20.0,1001.7882352941176,2.0
2.0,19.0,6.0,20.0,1529.9725490196079,2.0
6.0,19.0,8.0,20.0,932.4372549019607,2.0
2.0,12.0,3.0,15.0,1261.5464052287582,2.0
3.0,12.0,7.0,15.0,2268.5738562091506,2.0
7.0,12.0,8.0,15.0,1674.7973856209146,2.0
1.0,8.0,2.0,14.0,485.21176470588233,4.0
1.0,14.0,2.0,15.0,598.1333333333333,4.0
7.0,0.0,8.0,2.0,1.2705882352941176,5.0
9.0,0.0,10.0,6.0,49.37450980392157,5.0
9.0,6.0,10.0,14.0,90.59950980392156,5.0
9.0,14.0,10.0,20.0,0.0,5.0
8.0,19.0,9.0,20.0,1.1294117647058823,5.0
8.0,16.0,9.0,18.0,1.1294117647058823,5.0
8.0,14.0,9.0,15.0,1.1294117647058823,5.0
8.0,0.0,9.0,5.0,1.1294117647058823,5.0
0.0,0.0,1.0,6.0,257.7888888888889,5.0
0.0,6.0,1.0,14.0,130.69411764705882,5.0
0.0,14.0,1.0,20.0,76.25032679738563,5.0
1.0,6.0,2.0,8.0,5.08235294117647,5.0
