l_l_m,l_l_n,u_r_m,u_r_n,avg_sal,sal_state
3.0,0.0,7.0,3.0,2439.7450980392155,1.0
5.0,4.0,7.0,6.0,2385.859803921569,1.0
3.0,8.0,7.0,10.0,2438.592647058824,1.0
3.0,13.0,7.0,17.0,2408.4767156862745,1.0
7.0,13.0,8.0,17.0,2355.894117647059,1.0
5.0,17.0,7.0,20.0,2138.0869281045752,2.0
7.0,17.0,8.0,20.0,2201.5581699346412,2.0
3.0,18.0,5.0,20.0,1898.953921568628,2.0
7.0,7.0,8.0,13.0,2144.5196078431377,2.0
7.0,1.0,8.0,7.0,2220.5385620915035,2.0
7.0,0.0,8.0,1.0,2290.2039215686277,2.0
2.0,6.0,3.0,8.0,1380.1647058823526,2.0
2.0,8.0,3.0,14.0,1345.354248366013,2.0
2.0,14.0,3.0,17.0,1014.6156862745096,2.0
5.0,6.0,7.0,8.0,2401.4196078431382,2.0
3.0,4.0,5.0,8.0,2239.2980392156865,2.0
3.0,3.0,5.0,4.0,1815.878431372549,2.0
5.0,3.0,7.0,4.0,2152.105882352941,2.0
3.0,10.0,7.0,13.0,2318.3709150326804,2.0
8.0,1.0,9.0,7.0,305.8228758169935,4.0
8.0,0.0,9.0,1.0,379.83137254901965,4.0
8.0,7.0,9.0,13.0,112.41045751633987,4.0
8.0,13.0,9.0,19.0,254.124183006536,4.0
8.0,19.0,9.0,20.0,345.0588235294117,4.0
2.0,0.0,3.0,6.0,454.1549019607843,4.0
2.0,17.0,3.0,20.0,147.27755991285403,4.0
3.0,17.0,5.0,18.0,299.441568627451,4.0
0.0,1.0,2.0,7.0,11.902941176470584,5.0
0.0,0.0,2.0,1.0,5.8960784313725485,5.0
0.0,7.0,2.0,13.0,6.489869281045753,5.0
0.0,13.0,2.0,19.0,1.6127450980392155,5.0
0.0,19.0,2.0,20.0,6.241176470588236,5.0
9.0,0.0,10.0,6.0,3.384967320261438,5.0
9.0,6.0,10.0,14.0,0.0,5.0
9.0,14.0,10.0,20.0,2.052287581699346,5.0
