l_l_m,l_l_n,u_r_m,u_r_n,avg_sal,sal_state
3.0,8.0,4.0,10.0,2519.63137254902,1.0
4.0,8.0,6.0,10.0,2556.6186274509805,1.0
6.0,8.0,8.0,10.0,2393.242156862745,1.0
2.0,14.0,4.0,16.0,2477.978431372549,1.0
4.0,14.0,6.0,16.0,2549.396078431372,1.0
6.0,14.0,8.0,16.0,2026.8264705882352,1.0
2.0,16.0,4.0,18.0,2232.478431372549,1.0
4.0,16.0,6.0,18.0,2352.2539215686274,1.0
6.0,16.0,8.0,18.0,1938.8852941176472,1.0
2.0,18.0,4.0,20.0,2156.0147058823527,1.0
4.0,18.0,6.0,20.0,2497.222549019608,1.0
6.0,18.0,8.0,20.0,1971.2843137254897,1.0
5.0,4.0,7.0,6.0,1985.4176470588238,2.0
7.0,4.0,9.0,6.0,1443.5617647058825,2.0
3.0,10.0,4.0,12.0,2453.939215686274,2.0
4.0,10.0,6.0,12.0,2483.1225490196075,2.0
6.0,10.0,8.0,12.0,2343.8745098039217,2.0
3.0,12.0,4.0,14.0,2012.7019607843133,2.0
4.0,12.0,6.0,14.0,2129.5921568627455,2.0
6.0,12.0,8.0,14.0,2159.2892156862745,2.0
2.0,6.0,3.0,8.0,1310.678431372549,2.0
2.0,8.0,3.0,12.0,1568.6980392156865,2.0
2.0,12.0,3.0,14.0,1516.492156862745,2.0
3.0,6.0,4.0,8.0,2325.71568627451,2.0
4.0,6.0,6.0,8.0,2386.3205882352945,2.0
6.0,6.0,8.0,8.0,2306.7264705882353,2.0
3.0,5.0,5.0,6.0,2136.68431372549,2.0
2.0,0.0,3.0,2.0,1638.7529411764706,2.0
7.0,0.0,8.0,2.0,1625.1078431372546,2.0
3.0,0.0,4.0,2.0,2456.2333333333336,1.0
4.0,0.0,6.0,2.0,2523.954901960785,1.0
6.0,0.0,7.0,2.0,2486.666666666667,1.0
2.0,1.0,4.0,3.0,218.0,4.0
1.0,1.0,2.0,3.0,148.79607843137256,4.0
4.0,1.0,6.0,3.0,74.81372549019608,4.0
6.0,1.0,8.0,3.0,177.80882352941174,4.0
8.0,1.0,9.0,3.0,129.58823529411765,4.0
2.0,0.0,4.0,1.0,0.0,4.0
1.0,0.0,2.0,1.0,200.60392156862744,4.0
4.0,0.0,6.0,1.0,0.0,4.0
6.0,0.0,8.0,1.0,0.0,4.0
8.0,0.0,9.0,1.0,188.07058823529408,4.0
0.0,6.0,1.0,10.0,0.0,5.0
0.0,2.0,1.0,6.0,0.0,5.0
0.0,0.0,1.0,2.0,0.0,5.0
1.0,6.0,2.0,10.0,18.958823529411767,5.0
1.0,3.0,2.0,6.0,0.052287581699346414,5.0
2.0,3.0,3.0,6.0,3.388235294117647,5.0
3.0,3.0,5.0,5.0,179.41666666666663,5.0
9.0,6.0,10.0,10.0,0.0,5.0
9.0,2.0,10.0,6.0,0.0,5.0
9.0,0.0,10.0,2.0,0.0,5.0
8.0,6.0,9.0,10.0,167.5205882352941,5.0
5.0,3.0,7.0,4.0,61.72549019607843,5.0
7.0,3.0,9.0,4.0,273.9980392156863,5.0
0.0,10.0,2.0,14.0,17.095098039215685,5.0
0.0,14.0,2.0,18.0,52.2607843137255,5.0
0.0,18.0,2.0,20.0,90.86960784313726,5.0
8.0,10.0,10.0,14.0,55.65490196078432,5.0
8.0,14.0,10.0,18.0,30.904901960784308,5.0
8.0,18.0,10.0,20.0,83.74901960784314,5.0
