l_l_m,l_l_n,u_r_m,u_r_n,avg_sal,sal_state
1.0,17.0,2.0,20.0,765.5777777777779,2.0
3.0,7.0,5.0,9.0,1982.4774509803922,1.0
2.0,10.0,3.0,12.0,1526.9,1.0
3.0,10.0,5.0,12.0,2426.6696078431382,1.0
5.0,10.0,7.0,12.0,2517.901960784314,1.0
2.0,12.0,3.0,14.0,1461.1823529411768,1.0
3.0,12.0,5.0,14.0,2537.2156862745096,1.0
5.0,12.0,7.0,14.0,2492.938235294117,1.0
2.0,16.0,3.0,18.0,1697.2705882352939,1.0
3.0,16.0,5.0,18.0,2129.439215686274,1.0
5.0,16.0,7.0,18.0,2377.201960784314,1.0
2.0,18.0,3.0,20.0,2441.0039215686274,1.0
3.0,18.0,5.0,20.0,2531.8215686274507,1.0
5.0,18.0,7.0,20.0,2378.268627450981,1.0
1.0,6.0,3.0,9.0,1229.7790849673202,2.0
3.0,6.0,4.0,7.0,915.1960784313727,2.0
5.0,8.0,6.0,10.0,2332.421568627451,2.0
5.0,7.0,6.0,8.0,1350.592156862745,2.0
6.0,8.0,7.0,10.0,2284.960784313725,2.0
7.0,8.0,8.0,12.0,1722.3460784313725,2.0
7.0,12.0,8.0,16.0,2142.0774509803923,2.0
7.0,16.0,8.0,20.0,980.8088235294116,2.0
2.0,14.0,3.0,16.0,1395.670588235294,2.0
3.0,14.0,5.0,16.0,2407.632352941177,2.0
5.0,14.0,7.0,16.0,2439.9941176470597,2.0
3.0,9.0,5.0,10.0,2290.427450980392,2.0
2.0,9.0,3.0,10.0,1713.5137254901958,2.0
3.0,0.0,5.0,2.0,552.163725490196,4.0
1.0,0.0,3.0,2.0,662.1980392156862,4.0
5.0,0.0,7.0,1.0,459.01372549019607,4.0
7.0,0.0,8.0,1.0,50.149019607843144,4.0
8.0,8.0,9.0,12.0,115.38039215686274,4.0
8.0,12.0,9.0,16.0,201.71764705882356,4.0
8.0,16.0,9.0,18.0,116.38039215686277,4.0
1.0,9.0,2.0,13.0,186.44901960784318,4.0
1.0,13.0,2.0,17.0,166.0921568627451,4.0
4.0,6.0,6.0,7.0,254.0549019607843,4.0
6.0,6.0,8.0,8.0,252.7176470588236,4.0
0.0,6.0,1.0,10.0,0.0,5.0
0.0,2.0,1.0,6.0,0.0,5.0
0.0,0.0,1.0,2.0,0.0,5.0
3.0,2.0,5.0,6.0,0.0,5.0
1.0,2.0,3.0,6.0,0.8411764705882352,5.0
8.0,4.0,9.0,8.0,0.0,5.0
8.0,0.0,9.0,4.0,0.0,5.0
9.0,6.0,10.0,10.0,0.0,5.0
9.0,2.0,10.0,6.0,0.0,5.0
9.0,0.0,10.0,2.0,0.0,5.0
5.0,2.0,7.0,6.0,0.0,5.0
7.0,2.0,8.0,6.0,0.0,5.0
5.0,1.0,7.0,2.0,0.39607843137254894,5.0
7.0,1.0,8.0,2.0,0.0,5.0
0.0,10.0,1.0,14.0,0.0,5.0
0.0,14.0,1.0,18.0,0.0,5.0
0.0,18.0,1.0,20.0,0.0,5.0
9.0,10.0,10.0,14.0,0.0,5.0
9.0,14.0,10.0,18.0,0.0,5.0
9.0,18.0,10.0,20.0,0.0,5.0
8.0,18.0,9.0,20.0,1.1294117647058823,5.0
