l_l_m,l_l_n,u_r_m,u_r_n,avg_sal,sal_state
6.0,13.0,8.0,14.0,872.7901960784312,2.0
3.0,8.0,4.0,9.0,2570.6627450980395,1.0
4.0,8.0,6.0,9.0,2581.201960784313,1.0
6.0,8.0,8.0,9.0,2257.792156862745,1.0
3.0,9.0,4.0,11.0,2571.986274509804,1.0
4.0,9.0,6.0,11.0,2584.3764705882354,1.0
6.0,9.0,8.0,11.0,2253.2607843137257,1.0
3.0,11.0,4.0,13.0,2454.160784313725,1.0
4.0,11.0,6.0,13.0,2478.722549019608,1.0
6.0,11.0,8.0,13.0,2209.4656862745096,1.0
2.0,7.0,3.0,8.0,1801.0470588235294,2.0
2.0,8.0,3.0,12.0,1916.4421568627454,2.0
2.0,12.0,3.0,13.0,1862.592156862745,2.0
3.0,7.0,4.0,8.0,2259.137254901961,2.0
4.0,7.0,6.0,8.0,2286.813725490196,2.0
6.0,7.0,8.0,8.0,2067.8588235294114,2.0
1.0,6.0,2.0,8.0,39.496078431372545,4.0
1.0,8.0,2.0,12.0,66.60098039215686,4.0
1.0,12.0,2.0,14.0,37.53921568627451,4.0
8.0,6.0,9.0,8.0,90.978431372549,4.0
8.0,8.0,9.0,12.0,103.66274509803922,4.0
8.0,12.0,9.0,14.0,54.37647058823529,4.0
4.0,13.0,6.0,14.0,529.8666666666668,4.0
2.0,13.0,4.0,14.0,568.1372549019608,4.0
2.0,6.0,4.0,7.0,170.9941176470588,4.0
4.0,6.0,6.0,7.0,175.70392156862744,4.0
6.0,6.0,8.0,7.0,415.55686274509804,4.0
0.0,6.0,1.0,10.0,0.0,5.0
0.0,2.0,1.0,6.0,0.0,5.0
0.0,0.0,1.0,2.0,0.0,5.0
3.0,2.0,5.0,6.0,0.0,5.0
1.0,2.0,3.0,6.0,0.0,5.0
3.0,0.0,5.0,2.0,0.0,5.0
1.0,0.0,3.0,2.0,0.0,5.0
5.0,2.0,7.0,6.0,0.0,5.0
7.0,2.0,9.0,6.0,0.0,5.0
5.0,0.0,7.0,2.0,0.0,5.0
7.0,0.0,9.0,2.0,0.0,5.0
9.0,6.0,10.0,10.0,0.0,5.0
9.0,2.0,10.0,6.0,0.0,5.0
9.0,0.0,10.0,2.0,0.0,5.0
0.0,10.0,1.0,14.0,0.0,5.0
0.0,14.0,1.0,18.0,0.0,5.0
0.0,18.0,1.0,20.0,0.0,5.0
3.0,14.0,5.0,18.0,0.0,5.0
1.0,14.0,3.0,18.0,0.0,5.0
3.0,18.0,5.0,20.0,0.0,5.0
1.0,18.0,3.0,20.0,0.0,5.0
9.0,10.0,10.0,14.0,0.0,5.0
9.0,14.0,10.0,18.0,0.0,5.0
9.0,18.0,10.0,20.0,0.0,5.0
5.0,14.0,7.0,18.0,0.0,5.0
7.0,14.0,9.0,18.0,0.0,5.0
5.0,18.0,7.0,20.0,0.0,5.0
7.0,18.0,9.0,20.0,0.0,5.0
