l_l_m,l_l_n,u_r_m,u_r_n,avg_sal,sal_state
4.0,11.0,6.0,12.0,2582.537254901961,1.0
3.0,11.0,4.0,12.0,2577.5176470588235,1.0
4.0,16.0,6.0,18.0,2513.654901960785,1.0
6.0,16.0,7.0,18.0,2427.396078431373,1.0
2.0,8.0,3.0,12.0,1634.988235294118,2.0
2.0,12.0,3.0,16.0,1596.0892156862742,2.0
2.0,16.0,3.0,20.0,1833.7245098039216,2.0
7.0,8.0,8.0,12.0,2047.079411764706,2.0
7.0,12.0,8.0,16.0,2018.9480392156865,2.0
7.0,16.0,8.0,20.0,1250.3970588235293,2.0
1.0,19.0,2.0,20.0,694.9333333333334,2.0
4.0,9.0,6.0,11.0,2419.757843137255,2.0
3.0,9.0,4.0,11.0,2346.472549019608,2.0
4.0,8.0,6.0,9.0,2203.4392156862746,2.0
3.0,8.0,4.0,9.0,2191.0,2.0
6.0,8.0,7.0,10.0,2324.9117647058824,2.0
6.0,10.0,7.0,14.0,2549.606862745098,2.0
6.0,14.0,7.0,16.0,2367.6176470588234,2.0
3.0,12.0,4.0,16.0,2371.008823529412,2.0
3.0,16.0,4.0,20.0,2319.803921568628,2.0
4.0,12.0,6.0,14.0,2513.3607843137256,2.0
4.0,14.0,6.0,16.0,2289.502941176471,2.0
4.0,18.0,6.0,20.0,2214.1303921568633,2.0
6.0,18.0,7.0,20.0,2345.103921568628,2.0
6.0,6.0,8.0,7.0,377.6980392156863,2.0
2.0,4.0,4.0,6.0,2210.859803921569,1.0
4.0,4.0,6.0,6.0,2567.563725490196,1.0
6.0,4.0,8.0,6.0,2340.6176470588234,1.0
2.0,2.0,4.0,4.0,2227.5235294117647,1.0
4.0,2.0,6.0,4.0,2587.447058823529,1.0
6.0,2.0,8.0,4.0,2362.411764705882,1.0
1.0,0.0,2.0,1.0,549.4745098039217,2.0
2.0,0.0,4.0,2.0,2267.185294117647,2.0
4.0,0.0,6.0,2.0,2226.6127450980393,2.0
6.0,0.0,8.0,2.0,1622.6970588235295,2.0
2.0,7.0,4.0,8.0,161.84509803921569,4.0
4.0,7.0,6.0,8.0,271.9156862745098,4.0
6.0,7.0,8.0,8.0,395.1647058823529,4.0
8.0,7.0,9.0,11.0,85.61568627450981,4.0
8.0,11.0,9.0,15.0,158.00882352941176,4.0
8.0,15.0,9.0,19.0,177.05392156862746,4.0
8.0,19.0,9.0,20.0,105.63921568627451,4.0
1.0,8.0,2.0,12.0,71.35686274509804,4.0
1.0,12.0,2.0,16.0,113.89019607843136,4.0
1.0,16.0,2.0,19.0,235.1830065359477,4.0
4.0,6.0,6.0,7.0,188.36666666666667,4.0
2.0,6.0,4.0,7.0,141.83137254901962,4.0
8.0,3.0,9.0,7.0,16.515686274509804,5.0
8.0,0.0,9.0,3.0,13.89673202614379,5.0
9.0,4.0,10.0,8.0,0.0,5.0
9.0,0.0,10.0,4.0,0.0,5.0
9.0,8.0,10.0,12.0,0.0,5.0
9.0,12.0,10.0,16.0,0.0,5.0
9.0,16.0,10.0,20.0,0.0,5.0
0.0,4.0,1.0,8.0,0.0,5.0
0.0,0.0,1.0,4.0,0.0,5.0
0.0,8.0,1.0,12.0,0.0,5.0
0.0,12.0,1.0,16.0,0.0,5.0
0.0,16.0,1.0,20.0,0.0,5.0
1.0,4.0,2.0,8.0,3.3460784313725487,5.0
1.0,1.0,2.0,4.0,55.64444444444445,5.0
