l_l_m,l_l_n,u_r_m,u_r_n,avg_sal,sal_state
3.0,8.0,4.0,10.0,2327.570588235294,1.0
4.0,8.0,6.0,10.0,2093.9666666666667,1.0
6.0,8.0,7.0,10.0,1710.2313725490194,1.0
3.0,11.0,5.0,12.0,2431.041176470588,1.0
3.0,13.0,4.0,14.0,2485.509803921568,1.0
4.0,14.0,6.0,16.0,2527.0882352941176,1.0
6.0,14.0,7.0,16.0,2490.486274509804,1.0
4.0,16.0,6.0,18.0,2388.2833333333333,1.0
6.0,16.0,7.0,18.0,2360.219607843137,1.0
2.0,7.0,4.0,8.0,1001.6901960784312,2.0
1.0,7.0,2.0,8.0,682.2392156862745,2.0
3.0,10.0,5.0,11.0,2193.1470588235293,2.0
5.0,10.0,7.0,12.0,2088.789215686275,2.0
7.0,12.0,8.0,16.0,1309.9735294117647,2.0
7.0,16.0,8.0,20.0,1710.7470588235294,2.0
1.0,9.0,2.0,11.0,765.6882352941177,2.0
2.0,8.0,3.0,12.0,2292.0715686274507,2.0
2.0,12.0,3.0,16.0,2098.11568627451,2.0
2.0,16.0,3.0,20.0,1768.8794117647062,2.0
3.0,12.0,4.0,13.0,2393.5058823529416,2.0
4.0,18.0,6.0,20.0,1896.008823529412,2.0
6.0,18.0,7.0,20.0,2155.123529411765,2.0
8.0,3.0,9.0,5.0,517.4294117647058,2.0
2.0,0.0,3.0,4.0,1362.9029411764704,1.0
3.0,3.0,4.0,5.0,1316.9039215686275,1.0
4.0,3.0,6.0,5.0,1586.5843137254903,1.0
6.0,3.0,8.0,5.0,1978.5823529411764,1.0
3.0,1.0,4.0,3.0,2572.301960784314,1.0
4.0,1.0,6.0,3.0,2542.708823529412,1.0
6.0,1.0,8.0,3.0,2173.737254901961,1.0
3.0,0.0,4.0,1.0,2403.9254901960785,1.0
4.0,0.0,6.0,1.0,2405.6470588235293,1.0
6.0,0.0,8.0,1.0,2211.4058823529413,1.0
3.0,14.0,4.0,18.0,1877.7058823529412,4.0
3.0,18.0,4.0,20.0,1280.3470588235296,4.0
4.0,12.0,6.0,14.0,2013.16568627451,5.0
6.0,12.0,7.0,14.0,1925.764705882353,5.0
