l_l_m,l_l_n,u_r_m,u_r_n,avg_sal,sal_state
3.0,6.0,6.0,10.0,2440.183333333334,1.0
3.0,5.0,6.0,6.0,2226.201307189543,1.0
2.0,14.0,3.0,18.0,1823.0303921568632,1.0
3.0,14.0,7.0,18.0,2395.3063725490188,1.0
7.0,14.0,8.0,18.0,1882.0107843137255,1.0
2.0,18.0,3.0,20.0,2020.2803921568632,1.0
3.0,18.0,7.0,20.0,2506.272549019608,1.0
7.0,18.0,8.0,20.0,1788.6705882352942,1.0
1.0,4.0,2.0,6.0,942.086274509804,2.0
2.0,4.0,3.0,6.0,1692.256862745098,2.0
2.0,6.0,3.0,12.0,1832.021568627451,2.0
2.0,12.0,3.0,14.0,1907.2745098039215,2.0
3.0,10.0,6.0,14.0,2086.9464052287585,2.0
6.0,5.0,8.0,6.0,1678.4980392156867,2.0
6.0,6.0,8.0,12.0,1791.4035947712418,2.0
6.0,12.0,8.0,14.0,1643.1715686274508,2.0
3.0,4.0,4.0,5.0,924.3176470588237,2.0
2.0,0.0,3.0,2.0,2036.113725490196,1.0
3.0,0.0,7.0,2.0,2550.3323529411764,1.0
7.0,0.0,8.0,2.0,1909.6980392156865,1.0
2.0,2.0,6.0,3.0,1377.7078431372552,2.0
6.0,2.0,8.0,4.0,1434.2980392156867,2.0
2.0,0.0,4.0,4.0,243.5583333333333,4.0
1.0,0.0,2.0,4.0,375.90098039215684,4.0
4.0,0.0,6.0,5.0,331.42705882352936,4.0
6.0,0.0,8.0,5.0,192.835294117647,4.0
8.0,0.0,10.0,5.0,564.7356862745097,4.0
8.0,5.0,9.0,6.0,587.5411764705882,4.0
8.0,6.0,9.0,12.0,538.3326797385621,4.0
8.0,12.0,9.0,13.0,403.23921568627446,4.0
-0.0,3.0,1.0,6.0,220.98431372549013,4.0
1.0,6.0,2.0,8.0,651.5627450980393,4.0
1.0,8.0,2.0,14.0,643.5307189542483,4.0
1.0,14.0,2.0,16.0,621.3470588235293,4.0
-0.0,11.0,1.0,16.0,305.2823529411765,4.0
9.0,5.0,10.0,8.0,169.18039215686278,5.0
9.0,8.0,10.0,16.0,123.528431372549,5.0
9.0,16.0,10.0,20.0,34.80098039215686,5.0
8.0,13.0,9.0,19.0,39.767973856209146,5.0
8.0,19.0,9.0,20.0,84.31764705882352,5.0
0.0,16.0,2.0,20.0,36.53627450980392,5.0
-0.0,6.0,1.0,11.0,10.16470588235294,5.0
0.0,0.0,1.0,3.0,10.16470588235294,5.0
