l_l_m,l_l_n,u_r_m,u_r_n,avg_sal,sal_state
2.0,0.0,3.0,2.0,1642.2019607843133,2.0
3.0,0.0,7.0,2.0,1957.7985294117645,2.0
7.0,0.0,8.0,2.0,1802.301960784314,2.0
2.0,16.0,3.0,20.0,1217.9852941176468,2.0
3.0,16.0,7.0,20.0,1788.5289215686273,2.0
7.0,16.0,8.0,20.0,1917.145098039216,2.0
5.0,2.0,7.0,4.0,2127.459803921569,1.0
2.0,5.0,3.0,8.0,1746.9385620915036,1.0
3.0,5.0,7.0,8.0,2461.8607843137256,1.0
7.0,5.0,8.0,8.0,1953.355555555556,1.0
2.0,8.0,3.0,12.0,1844.4696078431373,1.0
3.0,8.0,7.0,12.0,2482.0051470588237,1.0
7.0,8.0,8.0,12.0,1895.0549019607847,1.0
2.0,12.0,3.0,16.0,1886.1470588235293,1.0
3.0,12.0,7.0,16.0,2397.8401960784313,1.0
7.0,12.0,8.0,16.0,1985.948039215686,1.0
4.0,3.0,5.0,4.0,1662.7686274509806,2.0
7.0,3.0,9.0,5.0,1173.641176470588,2.0
2.0,4.0,6.0,5.0,1523.8715686274509,2.0
6.0,4.0,7.0,5.0,2029.6666666666665,2.0
1.0,0.0,2.0,4.0,726.2254901960782,4.0
1.0,4.0,2.0,10.0,341.78562091503267,4.0
1.0,10.0,2.0,15.0,106.68470588235296,4.0
2.0,2.0,4.0,4.0,973.4098039215686,4.0
4.0,2.0,5.0,3.0,196.4933333333333,4.0
-0.0,1.0,1.0,5.0,125.32549019607842,4.0
8.0,12.0,9.0,18.0,496.86993464052284,4.0
8.0,18.0,9.0,20.0,608.3843137254903,4.0
9.0,12.0,10.0,17.0,39.559058823529405,4.0
8.0,0.0,9.0,3.0,75.62047930283224,4.0
9.0,0.0,10.0,4.0,34.58588235294118,4.0
7.0,2.0,8.0,3.0,119.00490196078432,4.0
8.0,6.0,9.0,12.0,358.4993464052288,4.0
8.0,5.0,9.0,6.0,472.4784313725489,4.0
0.0,5.0,1.0,8.0,24.967320261437912,5.0
0.0,8.0,1.0,16.0,0.0,5.0
0.0,16.0,1.0,20.0,0.0,5.0
1.0,15.0,2.0,20.0,5.08235294117647,5.0
9.0,4.0,10.0,12.0,135.00196078431372,5.0
9.0,17.0,10.0,20.0,1.016470588235294,5.0
0.0,0.0,1.0,1.0,10.16470588235294,5.0
