l_l_m,l_l_n,u_r_m,u_r_n,avg_sal,sal_state
2.0,17.0,3.0,18.0,2034.0352941176475,1.0
4.0,3.0,5.0,7.0,1589.6343137254905,1.0
5.0,3.0,7.0,7.0,2134.749019607844,1.0
7.0,3.0,8.0,7.0,2065.2480392156867,1.0
4.0,7.0,5.0,13.0,2401.092156862745,1.0
5.0,7.0,7.0,13.0,2291.653594771242,1.0
7.0,7.0,8.0,13.0,1562.6176470588236,1.0
4.0,13.0,5.0,17.0,2312.351960784314,1.0
5.0,13.0,7.0,17.0,2055.0593137254905,1.0
7.0,13.0,8.0,17.0,1189.9490196078434,1.0
3.0,5.0,4.0,8.0,2085.507189542484,1.0
3.0,8.0,4.0,14.0,2328.4111111111115,1.0
3.0,14.0,4.0,17.0,2324.02614379085,1.0
7.0,0.0,8.0,3.0,1332.5777777777778,2.0
8.0,0.0,9.0,6.0,985.5352941176469,2.0
5.0,2.0,7.0,3.0,794.086274509804,2.0
2.0,5.0,3.0,8.0,1475.4209150326794,2.0
2.0,8.0,3.0,14.0,1794.8555555555558,2.0
2.0,14.0,3.0,17.0,1824.107189542484,2.0
3.0,17.0,7.0,18.0,1530.7009803921567,2.0
7.0,17.0,8.0,18.0,1104.1294117647058,2.0
1.0,12.0,2.0,18.0,928.3,2.0
1.0,18.0,2.0,20.0,491.9117647058823,2.0
2.0,18.0,4.0,19.0,851.3666666666666,2.0
8.0,6.0,9.0,9.0,617.8823529411766,4.0
8.0,9.0,9.0,15.0,676.4398692810457,4.0
8.0,15.0,9.0,18.0,426.8993464052288,4.0
9.0,12.0,10.0,15.0,29.755294117647058,4.0
9.0,16.0,10.0,20.0,56.01852941176471,4.0
1.0,6.0,2.0,12.0,643.6464052287582,4.0
1.0,5.0,2.0,6.0,185.68235294117645,4.0
2.0,2.0,4.0,5.0,633.3758169934641,4.0
4.0,2.0,5.0,3.0,93.75764705882357,4.0
9.0,0.0,10.0,6.0,52.56006535947713,4.0
-0.0,12.0,1.0,18.0,344.96862745098036,4.0
4.0,18.0,5.0,19.0,522.0823529411764,4.0
5.0,18.0,7.0,19.0,375.45294117647063,4.0
7.0,18.0,8.0,19.0,240.65490196078431,4.0
8.0,18.0,9.0,20.0,89.61423384168482,4.0
7.0,19.0,8.0,20.0,40.85490196078431,4.0
0.0,4.0,1.0,12.0,96.85,5.0
0.0,0.0,1.0,4.0,0.0,5.0
1.0,0.0,2.0,5.0,5.08235294117647,5.0
2.0,0.0,6.0,2.0,0.0,5.0
6.0,0.0,7.0,2.0,16.262745098039215,5.0
9.0,6.0,10.0,12.0,1.016470588235294,5.0
2.0,19.0,6.0,20.0,2.2774509803921568,5.0
6.0,19.0,7.0,20.0,0.0,5.0
-0.0,18.0,1.0,20.0,10.16470588235294,5.0
9.0,15.0,10.0,16.0,1.016470588235294,5.0
