l_l_m,l_l_n,u_r_m,u_r_n,avg_sal,sal_state
3.0,6.0,7.0,7.0,2110.2117647058826,1.0
3.0,7.0,7.0,11.0,2472.9887254901964,1.0
3.0,11.0,7.0,12.0,2380.668627450981,1.0
2.0,16.0,6.0,20.0,2356.7223039215687,1.0
6.0,16.0,7.0,20.0,2335.851960784314,1.0
7.0,5.0,8.0,9.0,2025.9401960784314,2.0
7.0,9.0,8.0,15.0,1877.8915032679736,2.0
7.0,15.0,8.0,20.0,1126.8964705882354,2.0
2.0,7.0,3.0,8.0,1320.2901960784316,2.0
2.0,8.0,3.0,14.0,1594.5575163398694,2.0
2.0,14.0,3.0,16.0,2038.4568627450979,2.0
3.0,12.0,7.0,16.0,2144.8561274509807,2.0
2.0,1.0,3.0,5.0,1895.9578431372552,1.0
3.0,1.0,7.0,5.0,2292.609068627451,1.0
7.0,1.0,8.0,5.0,1730.6372549019607,1.0
2.0,0.0,3.0,1.0,2094.074509803921,1.0
3.0,0.0,7.0,1.0,2580.0735294117653,1.0
7.0,0.0,8.0,1.0,1527.580392156863,1.0
6.0,5.0,7.0,6.0,1421.1843137254905,2.0
1.0,5.0,2.0,9.0,75.15588235294119,4.0
1.0,9.0,2.0,15.0,115.03398692810457,4.0
1.0,15.0,2.0,20.0,230.18901960784316,4.0
2.0,5.0,3.0,7.0,129.6183006535948,4.0
3.0,5.0,6.0,6.0,173.9542483660131,4.0
8.0,0.0,10.0,6.0,67.52222222222223,5.0
8.0,6.0,10.0,14.0,148.70392156862746,5.0
8.0,14.0,10.0,20.0,13.30686274509804,5.0
0.0,0.0,1.0,6.0,0.0,5.0
0.0,6.0,1.0,14.0,0.0,5.0
0.0,14.0,1.0,20.0,0.0,5.0
1.0,0.0,2.0,5.0,5.08235294117647,5.0
