l_l_m,l_l_n,u_r_m,u_r_n,avg_sal,sal_state
8.0,18.0,9.0,20.0,170.88235294117646,2.0
2.0,0.0,3.0,3.0,1702.0457516339868,1.0
3.0,0.0,7.0,3.0,2466.8130718954253,1.0
7.0,0.0,8.0,3.0,2068.81568627451,1.0
3.0,6.0,6.0,10.0,2464.215032679739,1.0
3.0,13.0,7.0,16.0,2381.909150326797,1.0
2.0,17.0,3.0,20.0,1845.6928104575165,1.0
3.0,17.0,7.0,20.0,2224.57614379085,1.0
7.0,17.0,8.0,20.0,1704.2601307189545,1.0
8.0,2.0,9.0,4.0,268.6843137254902,2.0
2.0,3.0,3.0,7.0,1713.2882352941178,2.0
2.0,7.0,3.0,13.0,1789.3477124183012,2.0
2.0,13.0,3.0,17.0,1675.6401960784315,2.0
7.0,3.0,8.0,7.0,1737.4539215686277,2.0
7.0,7.0,8.0,13.0,1690.785620915033,2.0
7.0,13.0,8.0,17.0,1476.9274509803922,2.0
3.0,10.0,6.0,13.0,2149.7464052287587,2.0
3.0,3.0,6.0,6.0,2161.3882352941173,2.0
6.0,3.0,7.0,5.0,2094.6960784313724,2.0
6.0,5.0,7.0,11.0,2251.3052287581704,2.0
6.0,11.0,7.0,13.0,2096.356862745098,2.0
3.0,16.0,7.0,17.0,1900.7725490196078,2.0
0.0,0.0,1.0,4.0,357.06274509803916,4.0
0.0,4.0,1.0,12.0,154.94509803921568,4.0
0.0,12.0,1.0,16.0,289.1009803921569,4.0
1.0,1.0,2.0,7.0,642.1745098039215,4.0
1.0,0.0,2.0,1.0,138.37254901960785,4.0
1.0,7.0,2.0,13.0,538.9300653594771,4.0
1.0,13.0,2.0,19.0,426.3222222222223,4.0
1.0,19.0,2.0,20.0,68.46274509803922,4.0
8.0,4.0,9.0,8.0,395.80196078431374,4.0
8.0,8.0,9.0,14.0,515.4379084967321,4.0
8.0,14.0,9.0,18.0,688.7294117647058,4.0
9.0,11.0,10.0,18.0,15.521064425770307,4.0
8.0,0.0,9.0,2.0,1.1294117647058823,5.0
9.0,3.0,10.0,11.0,9.112254901960783,5.0
9.0,0.0,10.0,3.0,0.0,5.0
-0.0,16.0,1.0,20.0,10.16470588235294,5.0
9.0,18.0,10.0,20.0,1.016470588235294,5.0
