l_l_m,l_l_n,u_r_m,u_r_n,avg_sal,sal_state
3.0,7.0,7.0,11.0,2457.8774509803925,1.0
3.0,14.0,5.0,15.0,2237.1294117647053,1.0
2.0,4.0,3.0,7.0,1833.298039215686,2.0
2.0,7.0,3.0,13.0,2065.824836601307,2.0
2.0,13.0,3.0,16.0,1853.60522875817,2.0
3.0,5.0,7.0,7.0,2002.0862745098043,2.0
7.0,6.0,8.0,12.0,1348.643137254902,2.0
7.0,5.0,8.0,6.0,1089.721568627451,2.0
1.0,12.0,2.0,14.0,754.0607843137254,2.0
3.0,11.0,5.0,14.0,2122.750980392157,2.0
5.0,11.0,7.0,15.0,1911.2480392156867,2.0
2.0,16.0,3.0,20.0,1355.4186274509807,1.0
3.0,16.0,7.0,20.0,2478.783823529412,1.0
7.0,16.0,8.0,20.0,2242.1627450980395,1.0
2.0,0.0,3.0,4.0,1685.7107843137255,1.0
3.0,0.0,7.0,4.0,2296.600980392157,1.0
7.0,0.0,8.0,4.0,1885.540196078432,1.0
3.0,15.0,6.0,16.0,1890.1254901960785,2.0
3.0,4.0,7.0,5.0,1749.5901960784313,2.0
7.0,4.0,8.0,5.0,1233.4549019607844,2.0
6.0,15.0,8.0,16.0,2215.0666666666666,2.0
7.0,14.0,8.0,15.0,1836.1068627450986,2.0
1.0,6.0,2.0,12.0,259.68823529411765,4.0
1.0,4.0,2.0,6.0,239.62941176470588,4.0
8.0,0.0,10.0,6.0,21.314705882352943,5.0
8.0,6.0,10.0,14.0,13.041421568627449,5.0
8.0,14.0,10.0,20.0,56.65392156862745,5.0
7.0,12.0,8.0,14.0,1.2705882352941176,5.0
0.0,0.0,1.0,6.0,0.0,5.0
0.0,6.0,1.0,14.0,2.3210784313725488,5.0
0.0,14.0,1.0,20.0,0.0039215686274509795,5.0
1.0,0.0,2.0,4.0,5.08235294117647,5.0
1.0,14.0,2.0,20.0,107.63398692810455,5.0
