l_l_m,l_l_n,u_r_m,u_r_n,avg_sal,sal_state
3.0,8.0,4.0,10.0,2425.545098039216,1.0
4.0,8.0,6.0,10.0,2519.277450980393,1.0
6.0,8.0,7.0,10.0,2486.3274509803923,1.0
3.0,6.0,4.0,8.0,2430.550980392157,1.0
4.0,6.0,6.0,8.0,2455.830392156863,1.0
6.0,6.0,7.0,8.0,2303.3529411764707,1.0
3.0,12.0,4.0,14.0,2467.656862745098,1.0
4.0,12.0,6.0,14.0,2499.499019607844,1.0
6.0,12.0,7.0,14.0,2524.786274509804,1.0
2.0,18.0,3.0,20.0,627.4980392156863,1.0
3.0,18.0,5.0,20.0,2113.25,1.0
5.0,18.0,7.0,20.0,2419.513725490196,1.0
2.0,5.0,3.0,9.0,1531.0725490196078,2.0
2.0,9.0,3.0,13.0,1565.8647058823528,2.0
2.0,13.0,3.0,17.0,1640.2539215686277,2.0
2.0,17.0,3.0,18.0,522.8941176470588,2.0
4.0,5.0,6.0,6.0,1792.5509803921566,2.0
3.0,5.0,4.0,6.0,1727.8823529411764,2.0
3.0,10.0,4.0,12.0,2380.576470588236,2.0
4.0,10.0,6.0,12.0,2398.240196078432,2.0
6.0,10.0,7.0,12.0,2372.772549019608,2.0
7.0,7.0,8.0,11.0,1718.3205882352945,2.0
7.0,6.0,8.0,7.0,1392.7411764705885,2.0
7.0,11.0,8.0,15.0,2017.2784313725488,2.0
7.0,15.0,8.0,19.0,2059.807843137255,2.0
7.0,19.0,8.0,20.0,2462.3882352941173,2.0
8.0,17.0,9.0,20.0,402.07058823529405,2.0
3.0,14.0,4.0,16.0,2256.949019607843,2.0
4.0,14.0,6.0,16.0,2369.313725490196,2.0
6.0,14.0,7.0,16.0,2479.4254901960785,2.0
3.0,16.0,4.0,18.0,1628.7627450980397,2.0
4.0,16.0,6.0,18.0,1685.3872549019613,2.0
6.0,16.0,7.0,18.0,1826.258823529412,2.0
2.0,0.0,3.0,4.0,633.2401960784313,2.0
8.0,0.0,9.0,4.0,624.3294117647059,2.0
3.0,2.0,4.0,4.0,1949.545098039216,1.0
4.0,2.0,6.0,4.0,2213.908823529412,1.0
6.0,2.0,8.0,4.0,2368.999019607843,1.0
3.0,0.0,4.0,2.0,2586.8627450980393,1.0
4.0,0.0,6.0,2.0,2591.964705882353,1.0
6.0,0.0,8.0,2.0,2548.58137254902,1.0
1.0,4.0,2.0,8.0,272.89019607843136,4.0
1.0,8.0,2.0,12.0,255.9833333333333,4.0
1.0,12.0,2.0,16.0,96.50294117647059,4.0
1.0,16.0,2.0,17.0,61.12156862745098,4.0
8.0,4.0,9.0,8.0,324.07058823529405,4.0
8.0,8.0,9.0,12.0,282.3274509803922,4.0
8.0,12.0,9.0,16.0,197.42549019607844,4.0
8.0,16.0,9.0,17.0,57.10588235294118,4.0
4.0,4.0,6.0,5.0,357.6313725490196,4.0
2.0,4.0,4.0,5.0,322.5176470588235,4.0
6.0,4.0,8.0,6.0,909.8343137254902,4.0
0.0,4.0,1.0,8.0,1.8274509803921568,5.0
0.0,0.0,1.0,4.0,0.0,5.0
0.0,8.0,1.0,12.0,3.67843137254902,5.0
0.0,12.0,1.0,16.0,0.0,5.0
0.0,16.0,1.0,20.0,0.0,5.0
1.0,0.0,2.0,4.0,0.0,5.0
1.0,17.0,2.0,20.0,5.08235294117647,5.0
9.0,4.0,10.0,8.0,0.0,5.0
9.0,0.0,10.0,4.0,0.0,5.0
9.0,8.0,10.0,12.0,0.0,5.0
9.0,12.0,10.0,16.0,0.0,5.0
9.0,16.0,10.0,20.0,0.0,5.0
