l_l_m,l_l_n,u_r_m,u_r_n,avg_sal,sal_state
3.0,8.0,4.0,10.0,2498.060784313726,1.0
4.0,8.0,6.0,10.0,2553.225490196079,1.0
6.0,8.0,7.0,10.0,2548.350980392157,1.0
3.0,6.0,4.0,8.0,2459.4686274509804,1.0
4.0,6.0,6.0,8.0,2470.5254901960793,1.0
6.0,6.0,7.0,8.0,2437.294117647059,1.0
3.0,14.0,4.0,16.0,2528.150980392157,1.0
4.0,14.0,6.0,16.0,2541.521568627451,1.0
6.0,14.0,8.0,16.0,2296.4098039215687,1.0
5.0,4.0,7.0,6.0,1865.9970588235294,2.0
7.0,4.0,8.0,7.0,1861.4104575163396,2.0
7.0,7.0,8.0,11.0,1779.9803921568628,2.0
7.0,11.0,8.0,14.0,2010.0431372549021,2.0
3.0,16.0,4.0,17.0,2278.537254901961,2.0
4.0,16.0,6.0,17.0,2398.5019607843133,2.0
6.0,16.0,8.0,17.0,2291.1254901960783,2.0
4.0,17.0,5.0,18.0,893.9176470588237,2.0
5.0,17.0,7.0,18.0,1286.9745098039216,2.0
7.0,17.0,9.0,18.0,1308.3235294117646,2.0
2.0,5.0,3.0,9.0,1497.5480392156862,2.0
2.0,9.0,3.0,13.0,1627.6470588235293,2.0
2.0,13.0,3.0,17.0,1425.4970588235294,2.0
3.0,5.0,5.0,6.0,2161.8960784313726,2.0
3.0,10.0,4.0,12.0,2258.896078431373,2.0
4.0,10.0,6.0,12.0,2339.8,2.0
6.0,10.0,7.0,12.0,2437.945098039216,2.0
3.0,12.0,4.0,14.0,2398.9686274509804,2.0
4.0,12.0,6.0,14.0,2443.195098039216,2.0
6.0,12.0,7.0,14.0,2473.9392156862746,2.0
7.0,0.0,9.0,4.0,1821.98137254902,2.0
3.0,2.0,4.0,4.0,1387.5470588235294,1.0
4.0,2.0,6.0,4.0,2107.527450980392,1.0
6.0,2.0,7.0,4.0,2274.343137254902,1.0
3.0,0.0,4.0,2.0,1830.313725490196,1.0
4.0,0.0,6.0,2.0,2589.4980392156867,1.0
6.0,0.0,7.0,2.0,2548.8705882352947,1.0
6.0,18.0,8.0,20.0,2258.813725490196,2.0
8.0,18.0,9.0,20.0,1341.8549019607844,2.0
4.0,18.0,6.0,20.0,2127.6784313725493,1.0
3.0,18.0,4.0,20.0,1381.5470588235294,1.0
8.0,4.0,9.0,8.0,275.59901960784316,4.0
8.0,8.0,9.0,12.0,220.34803921568627,4.0
8.0,12.0,9.0,16.0,195.26568627450982,4.0
8.0,16.0,9.0,17.0,243.70196078431368,4.0
0.0,4.0,2.0,8.0,50.42303921568627,5.0
0.0,0.0,2.0,4.0,0.1862745098039216,5.0
0.0,8.0,2.0,12.0,66.10441176470589,5.0
0.0,12.0,2.0,16.0,22.656372549019608,5.0
0.0,16.0,2.0,20.0,2.935294117647058,5.0
2.0,1.0,3.0,5.0,150.77450980392157,5.0
2.0,0.0,3.0,1.0,2.545098039215686,5.0
3.0,4.0,5.0,5.0,590.1666666666666,5.0
2.0,17.0,3.0,20.0,3.388235294117647,5.0
3.0,17.0,4.0,18.0,2.541176470588235,5.0
9.0,4.0,10.0,8.0,0.0,5.0
9.0,0.0,10.0,4.0,12.971568627450981,5.0
9.0,8.0,10.0,12.0,0.0,5.0
9.0,12.0,10.0,16.0,0.0,5.0
9.0,16.0,10.0,20.0,2.7196078431372546,5.0
