l_l_m,l_l_n,u_r_m,u_r_n,avg_sal,sal_state
2.0,14.0,4.0,15.0,650.2490196078431,2.0
4.0,14.0,6.0,15.0,667.7843137254903,2.0
6.0,14.0,8.0,15.0,547.8450980392157,2.0
2.0,0.0,4.0,1.0,2515.929411764706,1.0
4.0,0.0,6.0,1.0,2573.819607843137,1.0
6.0,0.0,8.0,1.0,1823.5509803921566,1.0
5.0,3.0,7.0,4.0,2509.2039215686277,1.0
2.0,13.0,4.0,14.0,2334.4705882352937,1.0
4.0,13.0,6.0,14.0,2578.0137254901965,1.0
6.0,13.0,8.0,14.0,2241.4313725490188,1.0
3.0,9.0,5.0,13.0,2192.5867647058826,2.0
2.0,9.0,3.0,13.0,1540.9450980392153,2.0
3.0,5.0,5.0,9.0,2467.016666666667,2.0
2.0,5.0,3.0,9.0,1812.0568627450987,2.0
3.0,1.0,5.0,5.0,2289.9627450980397,2.0
2.0,1.0,3.0,5.0,2137.294117647059,2.0
7.0,9.0,8.0,13.0,1906.049019607843,2.0
7.0,5.0,8.0,9.0,1635.4588235294116,2.0
7.0,1.0,8.0,5.0,1389.6343137254905,2.0
5.0,1.0,7.0,3.0,1859.1264705882354,2.0
5.0,4.0,7.0,6.0,2301.2715686274514,2.0
5.0,6.0,7.0,10.0,2501.478431372549,2.0
5.0,10.0,7.0,13.0,2167.845098039216,2.0
1.0,15.0,2.0,19.0,613.3176470588235,2.0
1.0,19.0,2.0,20.0,519.7058823529412,2.0
7.0,16.0,8.0,20.0,683.3833333333333,2.0
2.0,15.0,3.0,17.0,2193.570588235294,1.0
3.0,15.0,5.0,17.0,1885.6421568627447,1.0
5.0,15.0,7.0,17.0,1527.4117647058827,1.0
2.0,17.0,3.0,19.0,2514.686274509804,1.0
3.0,17.0,5.0,19.0,2587.848039215686,1.0
5.0,17.0,7.0,19.0,2588.1294117647053,1.0
2.0,19.0,3.0,20.0,2353.9254901960785,1.0
3.0,19.0,5.0,20.0,2346.1176470588234,1.0
5.0,19.0,7.0,20.0,2214.864705882353,1.0
1.0,9.0,2.0,13.0,177.78921568627445,4.0
1.0,5.0,2.0,9.0,258.18137254901956,4.0
1.0,1.0,2.0,5.0,204.83921568627454,4.0
1.0,0.0,2.0,1.0,201.45882352941175,4.0
8.0,4.0,9.0,6.0,127.08627450980393,4.0
8.0,6.0,9.0,10.0,206.49019607843135,4.0
8.0,10.0,9.0,13.0,179.04313725490195,4.0
8.0,0.0,9.0,4.0,9.353921568627449,5.0
9.0,4.0,10.0,8.0,0.0,5.0
9.0,0.0,10.0,4.0,0.0,5.0
9.0,8.0,10.0,12.0,0.0,5.0
9.0,12.0,10.0,16.0,0.0,5.0
9.0,16.0,10.0,20.0,0.0,5.0
7.0,15.0,8.0,16.0,1.2705882352941176,5.0
8.0,13.0,9.0,17.0,2.2343137254901957,5.0
8.0,17.0,9.0,20.0,0.0,5.0
0.0,4.0,1.0,8.0,0.0,5.0
0.0,0.0,1.0,4.0,0.0,5.0
0.0,8.0,1.0,12.0,0.0,5.0
0.0,12.0,1.0,16.0,0.0,5.0
0.0,16.0,1.0,20.0,0.0,5.0
1.0,13.0,2.0,15.0,5.08235294117647,5.0
