l_l_m,l_l_n,u_r_m,u_r_n,avg_sal,sal_state
8.0,13.0,9.0,16.0,840.2405228758171,2.0
1.0,15.0,2.0,18.0,650.5503267973858,2.0
1.0,19.0,2.0,20.0,642.6588235294117,2.0
2.0,0.0,4.0,2.0,2173.8598039215685,1.0
4.0,0.0,6.0,2.0,1873.0000000000007,1.0
6.0,0.0,8.0,2.0,1563.6529411764707,1.0
2.0,10.0,4.0,12.0,1970.5127450980397,1.0
4.0,10.0,6.0,12.0,2342.5068627450987,1.0
6.0,10.0,8.0,12.0,2081.0843137254906,1.0
2.0,8.0,4.0,10.0,2020.750980392157,1.0
4.0,8.0,6.0,10.0,2437.146078431373,1.0
6.0,8.0,8.0,10.0,2118.4284313725493,1.0
2.0,6.0,4.0,8.0,1431.0872549019612,1.0
4.0,6.0,6.0,8.0,1930.45,1.0
6.0,6.0,8.0,8.0,2165.079411764706,1.0
2.0,12.0,4.0,14.0,1902.7931372549021,1.0
4.0,12.0,6.0,14.0,2140.7166666666667,1.0
6.0,12.0,8.0,14.0,2021.2245098039216,1.0
2.0,14.0,4.0,16.0,1875.4480392156865,1.0
4.0,14.0,6.0,16.0,2104.704901960785,1.0
6.0,14.0,8.0,16.0,2112.9754901960787,1.0
2.0,16.0,4.0,18.0,1859.5754901960786,1.0
4.0,16.0,6.0,18.0,2272.040196078432,1.0
6.0,16.0,8.0,18.0,1901.2862745098041,1.0
2.0,18.0,4.0,20.0,2019.9352941176473,1.0
4.0,18.0,6.0,20.0,2246.6166666666672,1.0
6.0,18.0,8.0,20.0,1938.5039215686277,1.0
1.0,0.0,2.0,3.0,568.7751633986928,2.0
2.0,4.0,4.0,6.0,995.0823529411763,2.0
4.0,4.0,6.0,6.0,997.1352941176469,2.0
6.0,4.0,8.0,6.0,1439.0107843137255,2.0
2.0,2.0,4.0,4.0,1404.0715686274511,2.0
4.0,2.0,6.0,4.0,1212.7274509803924,2.0
6.0,2.0,8.0,4.0,1166.5862745098038,2.0
8.0,5.0,9.0,8.0,588.443137254902,2.0
0.0,3.0,1.0,7.0,542.7333333333332,4.0
0.0,1.0,1.0,3.0,304.78431372549016,4.0
0.0,7.0,1.0,11.0,214.03333333333333,4.0
0.0,11.0,1.0,15.0,283.18725490196067,4.0
0.0,15.0,1.0,17.0,295.6980392156863,4.0
1.0,3.0,2.0,7.0,928.6333333333333,4.0
1.0,7.0,2.0,11.0,383.5794117647058,4.0
1.0,11.0,2.0,15.0,749.7823529411763,4.0
8.0,8.0,9.0,12.0,606.407843137255,4.0
8.0,12.0,9.0,13.0,754.5490196078432,4.0
9.0,10.0,10.0,14.0,316.843137254902,4.0
9.0,14.0,10.0,18.0,416.88725490196083,4.0
9.0,18.0,10.0,20.0,439.59607843137263,4.0
8.0,16.0,9.0,20.0,711.7460784313727,4.0
8.0,1.0,9.0,5.0,1043.855882352941,4.0
8.0,0.0,9.0,1.0,814.4745098039217,4.0
9.0,3.0,10.0,7.0,581.1519607843137,4.0
9.0,0.0,10.0,3.0,602.7882352941176,4.0
-0.0,17.0,1.0,20.0,10.16470588235294,5.0
1.0,18.0,2.0,19.0,5.08235294117647,5.0
9.0,7.0,10.0,10.0,1.016470588235294,5.0
0.0,0.0,1.0,1.0,10.16470588235294,5.0
