l_l_m,l_l_n,u_r_m,u_r_n,avg_sal,sal_state
3.0,8.0,4.0,9.0,2576.1764705882347,1.0
4.0,8.0,6.0,9.0,2580.2607843137257,1.0
6.0,8.0,7.0,9.0,2571.0039215686274,1.0
3.0,9.0,4.0,11.0,2581.1,1.0
4.0,9.0,6.0,11.0,2590.9225490196077,1.0
6.0,9.0,7.0,11.0,2581.062745098039,1.0
3.0,11.0,4.0,13.0,2482.549019607843,1.0
4.0,11.0,6.0,13.0,2481.3705882352947,1.0
6.0,11.0,7.0,13.0,2470.129411764706,1.0
2.0,6.0,3.0,7.0,784.8156862745097,2.0
2.0,7.0,3.0,11.0,1942.6068627450986,2.0
2.0,11.0,3.0,13.0,1938.241176470588,2.0
3.0,7.0,4.0,8.0,2325.407843137255,2.0
4.0,7.0,6.0,8.0,2316.652941176471,2.0
6.0,7.0,7.0,8.0,2304.7137254901963,2.0
7.0,7.0,8.0,8.0,1759.7607843137255,2.0
7.0,8.0,8.0,12.0,1791.4235294117648,2.0
7.0,12.0,8.0,14.0,1746.478431372549,2.0
6.0,13.0,7.0,14.0,1657.0980392156866,2.0
1.0,6.0,2.0,8.0,128.5156862745098,4.0
1.0,8.0,2.0,12.0,183.46764705882356,4.0
1.0,12.0,2.0,15.0,121.67189542483659,4.0
4.0,13.0,6.0,15.0,559.2088235294118,4.0
2.0,13.0,4.0,15.0,597.3039215686275,4.0
6.0,14.0,8.0,15.0,167.55882352941177,4.0
3.0,6.0,4.0,7.0,365.156862745098,4.0
4.0,6.0,6.0,7.0,261.25098039215686,4.0
6.0,6.0,8.0,7.0,390.0392156862745,4.0
8.0,6.0,9.0,8.0,199.19019607843137,4.0
8.0,8.0,9.0,12.0,194.29215686274514,4.0
8.0,12.0,9.0,14.0,158.25686274509803,4.0
0.0,6.0,1.0,10.0,0.0,5.0
0.0,2.0,1.0,6.0,0.0,5.0
0.0,0.0,1.0,2.0,0.0,5.0
3.0,2.0,5.0,6.0,0.0,5.0
1.0,2.0,3.0,6.0,0.0,5.0
3.0,0.0,5.0,2.0,0.0,5.0
1.0,0.0,3.0,2.0,0.0,5.0
5.0,2.0,7.0,6.0,0.0,5.0
7.0,2.0,9.0,6.0,0.6465686274509804,5.0
5.0,0.0,7.0,2.0,0.0,5.0
7.0,0.0,9.0,2.0,0.0,5.0
9.0,6.0,10.0,10.0,0.0,5.0
9.0,2.0,10.0,6.0,0.0,5.0
9.0,0.0,10.0,2.0,0.0,5.0
0.0,10.0,1.0,14.0,0.0,5.0
0.0,14.0,1.0,18.0,0.0,5.0
0.0,18.0,1.0,20.0,0.0,5.0
3.0,15.0,5.0,19.0,0.0,5.0
1.0,15.0,3.0,19.0,0.0,5.0
3.0,19.0,5.0,20.0,0.0,5.0
1.0,19.0,3.0,20.0,0.0,5.0
9.0,10.0,10.0,14.0,0.0,5.0
9.0,14.0,10.0,18.0,0.0,5.0
9.0,18.0,10.0,20.0,0.0,5.0
5.0,15.0,7.0,19.0,0.0,5.0
7.0,15.0,8.0,19.0,0.0,5.0
5.0,19.0,7.0,20.0,0.0,5.0
7.0,19.0,8.0,20.0,0.0,5.0
8.0,14.0,9.0,18.0,0.4813725490196079,5.0
8.0,18.0,9.0,20.0,0.0,5.0
