l_l_m,l_l_n,u_r_m,u_r_n,avg_sal,sal_state
2.0,19.0,4.0,20.0,1956.16862745098,2.0
4.0,19.0,6.0,20.0,2386.141176470589,2.0
6.0,19.0,8.0,20.0,2284.6156862745097,2.0
5.0,8.0,7.0,11.0,2492.0758169934643,1.0
2.0,15.0,4.0,17.0,1957.6911764705883,1.0
4.0,15.0,6.0,17.0,2428.4980392156867,1.0
6.0,15.0,8.0,17.0,2318.4843137254898,1.0
2.0,17.0,4.0,19.0,2005.944117647059,1.0
4.0,17.0,6.0,19.0,2488.246078431373,1.0
6.0,17.0,8.0,19.0,2369.136274509804,1.0
3.0,5.0,5.0,8.0,1747.667320261438,2.0
2.0,5.0,3.0,8.0,1772.4379084967318,2.0
3.0,8.0,5.0,12.0,2336.378431372549,2.0
2.0,8.0,3.0,12.0,1993.2107843137253,2.0
3.0,12.0,5.0,15.0,2099.484967320262,2.0
2.0,12.0,3.0,15.0,1798.6535947712418,2.0
5.0,6.0,6.0,8.0,2128.103921568628,2.0
5.0,5.0,6.0,6.0,1299.713725490196,2.0
6.0,6.0,7.0,8.0,2120.549019607843,2.0
7.0,6.0,8.0,8.0,1290.2588235294118,2.0
7.0,8.0,8.0,12.0,1374.9754901960785,2.0
7.0,12.0,8.0,15.0,1706.2862745098041,2.0
5.0,11.0,7.0,15.0,2099.731862745098,2.0
6.0,1.0,8.0,2.0,372.27058823529404,2.0
2.0,0.0,4.0,1.0,1875.7980392156867,1.0
4.0,0.0,6.0,1.0,2461.592156862745,1.0
6.0,0.0,8.0,1.0,2427.994117647059,1.0
9.0,3.0,10.0,7.0,517.3343137254902,4.0
9.0,0.0,10.0,3.0,647.4222222222222,4.0
9.0,7.0,10.0,11.0,192.8147058823529,4.0
9.0,11.0,10.0,15.0,194.86568627450973,4.0
9.0,15.0,10.0,19.0,328.0274509803922,4.0
4.0,4.0,6.0,5.0,174.2549019607843,4.0
6.0,3.0,7.0,6.0,87.91185807656397,4.0
7.0,2.0,8.0,6.0,739.1490196078433,4.0
8.0,4.0,9.0,8.0,868.057843137255,4.0
8.0,1.0,9.0,4.0,717.7032679738562,4.0
8.0,8.0,9.0,12.0,473.80784313725485,4.0
8.0,12.0,9.0,16.0,597.0852941176471,4.0
8.0,16.0,9.0,20.0,369.9127450980392,4.0
1.0,4.0,2.0,7.0,354.8614379084967,4.0
1.0,7.0,2.0,11.0,577.6901960784314,4.0
1.0,11.0,2.0,15.0,524.3607843137254,4.0
2.0,4.0,3.0,5.0,5.3320261437908485,4.0
0.0,4.0,1.0,8.0,2.6950980392156865,5.0
0.0,0.0,1.0,4.0,0.0,5.0
0.0,8.0,1.0,12.0,38.540196078431364,5.0
0.0,12.0,1.0,16.0,9.973529411764703,5.0
0.0,16.0,1.0,20.0,0.0,5.0
1.0,0.0,2.0,4.0,0.0,5.0
4.0,2.0,6.0,4.0,0.0,5.0
2.0,2.0,4.0,4.0,0.0,5.0
4.0,1.0,6.0,2.0,221.5254901960784,5.0
2.0,1.0,4.0,2.0,99.49411764705884,5.0
6.0,2.0,7.0,3.0,1.4521008403361344,5.0
3.0,4.0,4.0,5.0,2.541176470588235,5.0
1.0,15.0,2.0,19.0,19.521568627450982,5.0
1.0,19.0,2.0,20.0,4.737254901960784,5.0
9.0,19.0,10.0,20.0,1.016470588235294,5.0
8.0,0.0,9.0,1.0,1.1294117647058823,5.0
