l_l_m,l_l_n,u_r_m,u_r_n,avg_sal,sal_state
3.0,7.0,7.0,8.0,2281.1303921568633,1.0
3.0,8.0,7.0,12.0,2403.6965686274507,1.0
3.0,12.0,7.0,13.0,2120.44705882353,1.0
1.0,5.0,2.0,8.0,817.4235294117647,2.0
2.0,5.0,3.0,6.0,940.156862745098,2.0
2.0,6.0,3.0,12.0,1648.0418300653596,2.0
2.0,12.0,3.0,14.0,1287.5392156862745,2.0
3.0,6.0,7.0,7.0,1199.9941176470588,2.0
7.0,6.0,8.0,7.0,1445.61568627451,2.0
8.0,5.0,9.0,7.0,906.3392156862744,2.0
8.0,12.0,9.0,16.0,1126.9901960784316,2.0
5.0,13.0,7.0,14.0,967.2960784313724,2.0
7.0,7.0,8.0,8.0,1652.964705882353,2.0
7.0,8.0,8.0,14.0,1565.8797385620915,2.0
7.0,14.0,8.0,15.0,1118.3843137254905,2.0
3.0,13.0,4.0,14.0,665.0235294117648,2.0
1.0,8.0,2.0,9.0,696.4274509803921,4.0
1.0,9.0,2.0,15.0,797.6058823529413,4.0
1.0,15.0,2.0,16.0,167.45490196078433,4.0
2.0,14.0,4.0,15.0,319.6294117647059,4.0
-0.0,13.0,1.0,15.0,87.6156862745098,4.0
0.0,2.0,1.0,10.0,63.198039215686286,5.0
0.0,0.0,1.0,2.0,0.0,5.0
3.0,2.0,5.0,6.0,95.33725490196079,5.0
3.0,0.0,5.0,2.0,0.0,5.0
1.0,0.0,3.0,5.0,32.58627450980392,5.0
5.0,0.0,7.0,6.0,7.0248366013071895,5.0
7.0,0.0,8.0,6.0,44.071895424836605,5.0
9.0,2.0,10.0,10.0,73.07941176470588,5.0
9.0,0.0,10.0,2.0,0.0,5.0
8.0,7.0,9.0,10.0,1.1294117647058823,5.0
8.0,0.0,9.0,5.0,1.1294117647058823,5.0
-0.0,10.0,1.0,13.0,10.16470588235294,5.0
4.0,13.0,5.0,17.0,206.1147058823529,5.0
4.0,17.0,5.0,20.0,0.0,5.0
-0.0,15.0,1.0,20.0,10.16470588235294,5.0
1.0,16.0,2.0,20.0,5.08235294117647,5.0
2.0,15.0,4.0,20.0,0.327843137254902,5.0
8.0,10.0,9.0,12.0,1.1294117647058823,5.0
9.0,10.0,10.0,18.0,218.2205882352941,5.0
9.0,18.0,10.0,20.0,0.0,5.0
5.0,14.0,7.0,20.0,68.55980392156863,5.0
7.0,15.0,8.0,20.0,1.2705882352941176,5.0
8.0,16.0,9.0,20.0,1.1294117647058823,5.0
