l_l_m,l_l_n,u_r_m,u_r_n,avg_sal,sal_state
3.0,5.0,7.0,9.0,2001.8632352941174,1.0
7.0,5.0,8.0,9.0,1939.7735294117651,1.0
3.0,9.0,7.0,13.0,1861.9647058823525,1.0
7.0,9.0,8.0,13.0,1860.3156862745095,1.0
3.0,13.0,7.0,17.0,2292.108088235294,1.0
7.0,13.0,8.0,17.0,1889.492156862745,1.0
3.0,17.0,7.0,18.0,1410.607843137255,1.0
7.0,17.0,8.0,18.0,1326.4039215686273,1.0
2.0,0.0,4.0,2.0,1134.986274509804,2.0
8.0,1.0,9.0,7.0,920.0065359477125,2.0
8.0,0.0,9.0,1.0,1020.172549019608,2.0
8.0,7.0,9.0,13.0,754.0267973856212,2.0
8.0,13.0,9.0,19.0,1199.7222222222224,2.0
8.0,19.0,9.0,20.0,1315.0235294117647,2.0
5.0,18.0,6.0,19.0,1001.9254901960784,2.0
6.0,18.0,8.0,20.0,1196.8784313725494,2.0
2.0,4.0,3.0,8.0,840.1068627450983,2.0
2.0,8.0,3.0,14.0,1356.8901960784312,2.0
2.0,14.0,3.0,18.0,1328.370588235294,2.0
3.0,4.0,4.0,5.0,1102.172549019608,2.0
4.0,0.0,5.0,5.0,1326.5764705882352,2.0
5.0,0.0,7.0,5.0,1587.726666666667,2.0
7.0,0.0,8.0,5.0,1880.1701960784314,2.0
1.0,4.0,2.0,9.0,71.85019607843138,4.0
1.0,9.0,2.0,15.0,184.34771241830063,4.0
1.0,15.0,2.0,20.0,161.3905882352941,4.0
3.0,18.0,5.0,20.0,834.4529411764703,4.0
2.0,18.0,3.0,20.0,771.4058823529413,4.0
5.0,19.0,6.0,20.0,144.14117647058822,4.0
9.0,0.0,10.0,6.0,262.1156862745098,4.0
9.0,6.0,10.0,14.0,191.61862745098043,4.0
9.0,14.0,10.0,20.0,346.16601307189535,4.0
2.0,2.0,4.0,4.0,533.6872549019607,4.0
0.0,2.0,1.0,10.0,0.0,5.0
0.0,0.0,1.0,2.0,0.0,5.0
1.0,0.0,2.0,4.0,5.08235294117647,5.0
0.0,10.0,1.0,18.0,0.0,5.0
0.0,18.0,1.0,20.0,0.0,5.0
