l_l_m,l_l_n,u_r_m,u_r_n,avg_sal,sal_state
2.0,13.0,3.0,17.0,2097.898039215687,1.0
3.0,13.0,7.0,17.0,2275.3477941176475,1.0
7.0,13.0,8.0,17.0,1506.2107843137255,1.0
2.0,17.0,3.0,18.0,1930.7098039215687,1.0
3.0,17.0,7.0,18.0,2403.132352941177,1.0
7.0,17.0,8.0,18.0,1955.4862745098042,1.0
2.0,2.0,3.0,4.0,1016.529411764706,1.0
3.0,8.0,7.0,12.0,2244.471813725491,1.0
7.0,8.0,8.0,12.0,1789.1343137254905,1.0
3.0,4.0,7.0,8.0,1978.506617647059,1.0
7.0,4.0,8.0,8.0,1887.340196078432,1.0
3.0,2.0,7.0,4.0,1798.3681372549024,1.0
7.0,2.0,8.0,4.0,2019.4568627450979,1.0
2.0,6.0,3.0,12.0,1574.4816993464053,1.0
2.0,5.0,3.0,6.0,1055.643137254902,1.0
3.0,0.0,7.0,2.0,1516.0725490196078,2.0
7.0,0.0,8.0,2.0,1841.5431372549021,2.0
8.0,0.0,9.0,5.0,1128.9317647058826,2.0
2.0,1.0,3.0,2.0,1077.878431372549,2.0
1.0,11.0,2.0,17.0,603.3535947712418,2.0
2.0,12.0,3.0,13.0,1907.7529411764706,2.0
3.0,12.0,7.0,13.0,1957.6245098039215,2.0
7.0,12.0,8.0,13.0,1563.274509803921,2.0
8.0,12.0,9.0,15.0,745.5869281045752,2.0
8.0,16.0,9.0,20.0,1313.885294117647,2.0
3.0,18.0,5.0,19.0,1254.2509803921566,2.0
2.0,18.0,3.0,19.0,1098.5176470588237,2.0
5.0,18.0,7.0,20.0,1107.1382352941175,2.0
7.0,18.0,8.0,20.0,1665.2784313725492,2.0
9.0,0.0,10.0,6.0,272.154248366013,4.0
9.0,6.0,10.0,14.0,176.35539215686276,4.0
9.0,14.0,10.0,20.0,366.24771241830064,4.0
8.0,15.0,9.0,16.0,65.2165577342048,4.0
8.0,6.0,9.0,12.0,514.6150326797384,4.0
8.0,5.0,9.0,6.0,663.2549019607842,4.0
1.0,5.0,2.0,11.0,286.83071895424837,4.0
1.0,0.0,2.0,5.0,101.7607843137255,4.0
2.0,0.0,3.0,1.0,131.13333333333333,4.0
2.0,4.0,3.0,5.0,257.31241830065363,4.0
1.0,17.0,2.0,20.0,104.68823529411765,4.0
3.0,19.0,5.0,20.0,723.0941176470587,4.0
2.0,19.0,3.0,20.0,516.8117647058823,4.0
0.0,2.0,1.0,10.0,2.1980392156862747,5.0
0.0,0.0,1.0,2.0,0.0,5.0
0.0,10.0,1.0,18.0,1.5387254901960783,5.0
0.0,18.0,1.0,20.0,0.0,5.0
