l_l_m,l_l_n,u_r_m,u_r_n,avg_sal,sal_state
7.0,1.0,8.0,2.0,1937.619607843137,1.0
3.0,6.0,7.0,10.0,1776.4497549019611,1.0
7.0,6.0,8.0,10.0,1937.6294117647064,1.0
3.0,5.0,7.0,6.0,1530.742156862745,1.0
7.0,5.0,8.0,6.0,2012.4196078431369,1.0
3.0,10.0,7.0,14.0,1859.426225490196,1.0
7.0,10.0,8.0,14.0,1922.1754901960785,1.0
3.0,14.0,7.0,18.0,2309.063970588236,1.0
7.0,14.0,8.0,18.0,1826.891176470588,1.0
3.0,18.0,7.0,19.0,1799.1196078431376,1.0
7.0,18.0,8.0,19.0,1881.9254901960785,1.0
2.0,8.0,3.0,14.0,1173.1346405228758,1.0
2.0,14.0,3.0,19.0,1482.7341176470586,1.0
8.0,11.0,9.0,17.0,1005.5836601307187,2.0
8.0,17.0,9.0,20.0,1322.645751633987,2.0
2.0,19.0,3.0,20.0,708.1176470588235,2.0
3.0,19.0,7.0,20.0,977.2921568627452,2.0
7.0,19.0,8.0,20.0,1468.0509803921566,2.0
6.0,0.0,8.0,1.0,1270.1372549019611,2.0
8.0,4.0,9.0,10.0,1114.5673202614378,2.0
8.0,0.0,9.0,4.0,1234.5509803921566,2.0
3.0,2.0,7.0,5.0,1543.7601307189539,2.0
7.0,2.0,8.0,5.0,1994.667973856209,2.0
4.0,1.0,7.0,2.0,1259.8326797385625,2.0
2.0,2.0,3.0,8.0,395.42549019607833,4.0
2.0,0.0,3.0,2.0,343.60196078431375,4.0
3.0,0.0,4.0,2.0,148.1637254901961,4.0
1.0,5.0,2.0,9.0,87.25490196078432,4.0
1.0,9.0,2.0,15.0,324.7045751633987,4.0
1.0,15.0,2.0,20.0,304.2086274509804,4.0
4.0,0.0,6.0,1.0,207.47189542483662,4.0
9.0,0.0,10.0,6.0,278.8281045751634,4.0
9.0,6.0,10.0,14.0,245.77598039215687,4.0
9.0,14.0,10.0,20.0,369.8385620915032,4.0
8.0,10.0,9.0,11.0,77.1769063180828,4.0
0.0,2.0,1.0,10.0,0.0,5.0
0.0,0.0,1.0,2.0,0.0,5.0
1.0,0.0,2.0,5.0,5.08235294117647,5.0
0.0,10.0,1.0,18.0,5.753431372549017,5.0
0.0,18.0,1.0,20.0,0.0,5.0
