l_l_m,l_l_n,u_r_m,u_r_n,avg_sal,sal_state
1.0,0.0,2.0,2.0,689.3274509803923,2.0
8.0,0.0,9.0,2.0,798.2431372549022,2.0
1.0,18.0,2.0,20.0,367.49607843137255,2.0
2.0,8.0,3.0,12.0,1025.8078431372548,1.0
3.0,8.0,7.0,12.0,2072.077941176471,1.0
7.0,8.0,8.0,12.0,1917.8823529411768,1.0
2.0,4.0,3.0,8.0,1720.7911764705884,1.0
3.0,4.0,7.0,8.0,2318.2022058823527,1.0
7.0,4.0,8.0,8.0,1684.4617647058826,1.0
2.0,0.0,3.0,4.0,1790.9558823529417,1.0
3.0,0.0,7.0,4.0,2330.0919117647063,1.0
7.0,0.0,8.0,4.0,1710.4313725490194,1.0
2.0,16.0,3.0,20.0,1009.3598039215684,1.0
3.0,16.0,7.0,20.0,1782.6879901960785,1.0
7.0,16.0,8.0,20.0,2097.710784313726,1.0
8.0,9.0,9.0,15.0,1022.375816993464,2.0
8.0,15.0,9.0,20.0,961.8768627450979,2.0
3.0,12.0,6.0,15.0,1436.3381263616557,2.0
6.0,12.0,8.0,16.0,1734.2274509803924,2.0
1.0,7.0,2.0,13.0,284.6581699346405,4.0
1.0,2.0,2.0,7.0,509.50274509803916,4.0
2.0,12.0,3.0,16.0,105.25228758169935,4.0
3.0,15.0,6.0,16.0,401.932679738562,4.0
9.0,0.0,10.0,6.0,232.79934640522882,5.0
9.0,6.0,10.0,14.0,186.325,5.0
9.0,14.0,10.0,20.0,323.43267973856206,5.0
8.0,3.0,9.0,9.0,585.8372549019607,5.0
8.0,2.0,9.0,3.0,613.6745098039216,5.0
0.0,0.0,1.0,6.0,39.41045751633987,5.0
0.0,6.0,1.0,14.0,8.17156862745098,5.0
0.0,14.0,1.0,20.0,0.0,5.0
1.0,13.0,2.0,18.0,5.08235294117647,5.0
