l_l_m,l_l_n,u_r_m,u_r_n,avg_sal,sal_state
3.0,7.0,4.0,9.0,2138.8176470588232,1.0
4.0,7.0,6.0,9.0,2387.2617647058823,1.0
6.0,7.0,7.0,9.0,2201.3686274509805,1.0
3.0,9.0,4.0,11.0,2086.4098039215687,1.0
4.0,9.0,6.0,11.0,2542.055882352941,1.0
6.0,9.0,7.0,11.0,2187.9960784313726,1.0
3.0,11.0,4.0,13.0,2071.2137254901963,1.0
4.0,11.0,6.0,13.0,2319.2558823529416,1.0
6.0,11.0,7.0,13.0,2151.6431372549027,1.0
1.0,5.0,2.0,9.0,827.6843137254903,2.0
1.0,3.0,2.0,5.0,718.9647058823531,2.0
2.0,4.0,3.0,7.0,1099.4248366013073,2.0
2.0,7.0,3.0,11.0,1619.386274509804,2.0
2.0,11.0,3.0,15.0,1471.3235294117649,2.0
3.0,6.0,4.0,7.0,1321.2,2.0
4.0,6.0,6.0,7.0,927.705882352941,2.0
6.0,6.0,7.0,7.0,903.8666666666666,2.0
7.0,5.0,8.0,9.0,1138.0254901960784,2.0
7.0,9.0,8.0,13.0,1434.4754901960782,2.0
7.0,13.0,8.0,17.0,1039.6127450980393,2.0
8.0,4.0,9.0,8.0,884.45,2.0
8.0,12.0,9.0,16.0,1126.0235294117647,2.0
8.0,16.0,9.0,18.0,697.6411764705881,2.0
9.0,15.0,10.0,17.0,226.64117647058828,2.0
1.0,12.0,2.0,16.0,779.028431372549,2.0
3.0,13.0,4.0,15.0,1185.2647058823532,2.0
4.0,13.0,6.0,15.0,1163.9107843137253,2.0
6.0,13.0,7.0,15.0,1405.3098039215686,2.0
8.0,8.0,9.0,12.0,691.0186274509805,4.0
0.0,6.0,1.0,10.0,155.69901960784313,5.0
0.0,2.0,1.0,6.0,28.203921568627447,5.0
0.0,0.0,1.0,2.0,0.0,5.0
3.0,4.0,5.0,6.0,215.16372549019607,5.0
3.0,2.0,5.0,4.0,0.0,5.0
3.0,0.0,5.0,2.0,0.0,5.0
1.0,9.0,2.0,10.0,5.08235294117647,5.0
1.0,0.0,2.0,3.0,5.08235294117647,5.0
2.0,0.0,3.0,4.0,2.920588235294117,5.0
5.0,2.0,7.0,6.0,6.363235294117647,5.0
5.0,0.0,7.0,2.0,0.0,5.0
7.0,1.0,8.0,5.0,16.035294117647062,5.0
7.0,0.0,8.0,1.0,0.0,5.0
8.0,0.0,9.0,4.0,7.8696078431372545,5.0
9.0,6.0,10.0,10.0,237.56274509803916,5.0
9.0,2.0,10.0,6.0,70.50490196078431,5.0
9.0,0.0,10.0,2.0,0.0,5.0
0.0,10.0,1.0,14.0,132.05392156862743,5.0
0.0,14.0,1.0,18.0,9.541176470588235,5.0
0.0,18.0,1.0,20.0,0.0,5.0
1.0,10.0,2.0,12.0,5.08235294117647,5.0
1.0,16.0,2.0,20.0,20.838235294117645,5.0
3.0,15.0,5.0,19.0,32.86666666666666,5.0
2.0,15.0,3.0,19.0,132.07058823529414,5.0
3.0,19.0,5.0,20.0,0.0,5.0
2.0,19.0,3.0,20.0,0.0,5.0
9.0,10.0,10.0,14.0,268.03039215686283,5.0
9.0,14.0,10.0,15.0,401.06274509803916,5.0
5.0,15.0,7.0,19.0,33.430392156862744,5.0
5.0,19.0,7.0,20.0,0.0,5.0
7.0,17.0,8.0,20.0,1.2705882352941176,5.0
8.0,18.0,9.0,20.0,1.1294117647058823,5.0
9.0,17.0,10.0,20.0,1.016470588235294,5.0
