l_l_m,l_l_n,u_r_m,u_r_n,avg_sal,sal_state
3.0,9.0,4.0,11.0,1927.0274509803921,1.0
4.0,9.0,6.0,11.0,2038.180392156863,1.0
6.0,9.0,8.0,11.0,2125.9686274509804,1.0
3.0,7.0,4.0,9.0,1639.3235294117649,1.0
4.0,7.0,6.0,9.0,1886.313725490196,1.0
6.0,7.0,8.0,9.0,2148.100000000001,1.0
3.0,5.0,4.0,7.0,1397.7431372549015,1.0
4.0,5.0,6.0,7.0,1785.9588235294116,1.0
6.0,5.0,8.0,7.0,2104.4156862745103,1.0
3.0,11.0,4.0,13.0,1555.856862745098,1.0
4.0,11.0,6.0,13.0,1762.8196078431372,1.0
6.0,11.0,8.0,13.0,2021.4607843137253,1.0
3.0,13.0,4.0,15.0,1807.8843137254898,1.0
4.0,13.0,6.0,15.0,2428.6568627450984,1.0
6.0,13.0,8.0,15.0,2144.31568627451,1.0
3.0,15.0,4.0,17.0,1804.0980392156866,1.0
4.0,15.0,6.0,17.0,2482.593137254902,1.0
6.0,15.0,8.0,17.0,2124.0911764705884,1.0
3.0,17.0,4.0,19.0,1423.0450980392154,1.0
4.0,17.0,6.0,19.0,1566.2480392156867,1.0
6.0,17.0,8.0,19.0,1866.188235294118,1.0
2.0,6.0,3.0,10.0,1120.0607843137254,2.0
2.0,5.0,3.0,6.0,687.6627450980393,2.0
2.0,10.0,3.0,14.0,1306.8519607843134,2.0
2.0,14.0,3.0,18.0,1277.891176470588,2.0
2.0,18.0,3.0,19.0,931.0901960784313,2.0
1.0,11.0,2.0,13.0,297.82941176470587,2.0
2.0,0.0,3.0,1.0,667.5686274509802,2.0
8.0,4.0,9.0,8.0,993.8441176470587,2.0
8.0,0.0,9.0,4.0,1121.8715686274506,2.0
8.0,8.0,9.0,12.0,857.2147058823531,2.0
8.0,12.0,9.0,16.0,1072.8411764705882,2.0
8.0,16.0,9.0,20.0,1349.2303921568628,2.0
6.0,19.0,8.0,20.0,1248.1627450980393,2.0
3.0,4.0,4.0,5.0,698.380392156863,2.0
3.0,0.0,4.0,2.0,1025.0529411764703,2.0
4.0,1.0,5.0,5.0,1234.2676470588235,2.0
5.0,1.0,7.0,5.0,1507.6245098039212,2.0
7.0,1.0,8.0,5.0,1878.3843137254898,2.0
4.0,0.0,5.0,1.0,1059.521568627451,2.0
5.0,0.0,7.0,1.0,1364.3372549019612,2.0
7.0,0.0,8.0,1.0,1925.9725490196079,2.0
9.0,4.0,10.0,8.0,207.9950980392157,4.0
9.0,0.0,10.0,4.0,273.2117647058824,4.0
9.0,8.0,10.0,12.0,181.8313725490196,4.0
9.0,12.0,10.0,16.0,287.5392156862745,4.0
9.0,16.0,10.0,20.0,361.01274509803915,4.0
4.0,19.0,6.0,20.0,875.4352941176471,4.0
2.0,19.0,4.0,20.0,711.3803921568627,4.0
2.0,1.0,3.0,4.0,87.80435729847494,4.0
3.0,2.0,4.0,4.0,159.6779411764706,4.0
1.0,13.0,2.0,17.0,359.263725490196,4.0
1.0,17.0,2.0,19.0,178.6470588235294,4.0
1.0,7.0,2.0,11.0,129.1823529411765,4.0
1.0,4.0,2.0,7.0,47.883660130718965,4.0
2.0,4.0,3.0,5.0,34.13071895424837,4.0
0.0,6.0,1.0,10.0,0.0,5.0
0.0,2.0,1.0,6.0,0.0,5.0
0.0,0.0,1.0,2.0,0.0,5.0
1.0,0.0,2.0,4.0,0.0,5.0
0.0,10.0,1.0,14.0,0.0,5.0
0.0,14.0,1.0,18.0,0.0,5.0
0.0,18.0,1.0,20.0,0.0,5.0
1.0,19.0,2.0,20.0,5.08235294117647,5.0
