l_l_m,l_l_n,u_r_m,u_r_n,avg_sal,sal_state
3.0,3.0,7.0,6.0,2071.284640522876,1.0
3.0,7.0,7.0,8.0,2303.137254901961,1.0
7.0,7.0,8.0,8.0,2110.9254901960785,1.0
3.0,8.0,7.0,12.0,2506.4083333333333,1.0
7.0,8.0,8.0,12.0,1894.9892156862747,1.0
3.0,12.0,7.0,13.0,2437.322549019608,1.0
7.0,12.0,8.0,13.0,1827.086274509804,1.0
3.0,14.0,7.0,16.0,2211.628431372549,1.0
2.0,3.0,3.0,6.0,1449.7555555555555,2.0
2.0,6.0,3.0,12.0,1701.6973856209152,2.0
2.0,12.0,3.0,15.0,1634.8928104575166,2.0
3.0,6.0,7.0,7.0,1904.8460784313727,2.0
7.0,6.0,8.0,7.0,1740.3960784313724,2.0
3.0,13.0,7.0,14.0,2256.563725490196,2.0
7.0,13.0,8.0,18.0,1725.446274509804,2.0
8.0,15.0,9.0,18.0,928.4692810457517,2.0
6.0,1.0,7.0,2.0,937.7176470588237,2.0
3.0,0.0,6.0,2.0,2176.800653594771,1.0
1.0,0.0,3.0,3.0,1730.5980392156866,2.0
3.0,2.0,5.0,3.0,1533.6078431372546,2.0
1.0,15.0,3.0,18.0,1390.4712418300653,2.0
3.0,16.0,7.0,18.0,2128.420588235294,1.0
5.0,18.0,7.0,20.0,833.4549019607844,4.0
3.0,18.0,5.0,20.0,932.5460784313724,4.0
1.0,18.0,3.0,20.0,1071.2588235294115,4.0
0.0,18.0,1.0,20.0,70.23529411764707,4.0
7.0,18.0,8.0,19.0,2.083823529411765,4.0
0.0,0.0,1.0,7.0,214.70084033613446,4.0
1.0,3.0,2.0,6.0,580.845751633987,4.0
1.0,6.0,2.0,12.0,258.9725490196078,4.0
1.0,12.0,2.0,15.0,225.13464052287586,4.0
7.0,2.0,8.0,6.0,86.88284313725491,4.0
8.0,2.0,9.0,5.0,122.43398692810459,4.0
8.0,5.0,9.0,11.0,195.32287581699347,4.0
8.0,11.0,9.0,15.0,313.00588235294117,4.0
5.0,2.0,7.0,3.0,503.1490196078431,4.0
6.0,0.0,7.0,1.0,114.79215686274507,4.0
7.0,0.0,8.0,2.0,4.599509803921569,4.0
8.0,0.0,9.0,2.0,1.1294117647058823,5.0
9.0,0.0,10.0,6.0,0.0,5.0
9.0,6.0,10.0,14.0,1.1186274509803922,5.0
9.0,14.0,10.0,20.0,2.343137254901961,5.0
7.0,19.0,8.0,20.0,1.2705882352941176,5.0
8.0,2.0,9.0,8.0,159.35816993464053,5.0
8.0,8.0,9.0,14.0,237.8660130718954,5.0
8.0,14.0,9.0,20.0,68.16601307189542,5.0
0.0,7.0,1.0,8.0,15.074509803921568,5.0
0.0,8.0,1.0,16.0,1.8323529411764703,5.0
0.0,16.0,1.0,18.0,0.0,5.0
