l_l_m,l_l_n,u_r_m,u_r_n,avg_sal,sal_state
2.0,18.0,3.0,20.0,1697.6098039215685,2.0
3.0,18.0,7.0,20.0,1880.3063725490194,2.0
7.0,18.0,8.0,20.0,1802.3254901960786,2.0
3.0,0.0,6.0,4.0,2331.6196078431367,1.0
3.0,7.0,6.0,11.0,2453.6300653594776,1.0
3.0,6.0,6.0,7.0,2291.7568627450987,1.0
2.0,12.0,6.0,14.0,2366.3651960784314,1.0
6.0,12.0,7.0,14.0,2397.5215686274514,1.0
2.0,15.0,3.0,18.0,1820.83137254902,1.0
3.0,15.0,7.0,18.0,2255.832679738562,1.0
7.0,15.0,8.0,18.0,2022.5686274509808,1.0
2.0,6.0,3.0,12.0,1962.0202614379086,2.0
2.0,0.0,3.0,6.0,1680.060784313726,2.0
6.0,6.0,7.0,12.0,2314.469934640523,2.0
6.0,0.0,7.0,6.0,1800.42614379085,2.0
1.0,14.0,2.0,16.0,460.9843137254901,2.0
2.0,14.0,6.0,15.0,1972.1794117647062,2.0
6.0,14.0,7.0,15.0,1480.3764705882354,2.0
3.0,4.0,6.0,6.0,1955.1751633986926,2.0
7.0,0.0,8.0,4.0,1949.023529411765,2.0
7.0,4.0,8.0,10.0,1756.5156862745098,2.0
7.0,10.0,8.0,15.0,1380.7223529411765,2.0
3.0,11.0,6.0,12.0,2350.7032679738572,2.0
8.0,0.0,10.0,6.0,528.7689542483661,4.0
8.0,6.0,10.0,14.0,268.6669117647059,4.0
8.0,14.0,10.0,20.0,621.0251633986928,4.0
0.0,0.0,1.0,7.0,385.6302521008402,4.0
1.0,0.0,2.0,4.0,873.0137254901961,4.0
1.0,4.0,2.0,10.0,593.2045751633985,4.0
1.0,10.0,2.0,14.0,548.0303921568627,4.0
1.0,16.0,2.0,20.0,364.2960784313726,4.0
-0.0,17.0,1.0,20.0,263.678431372549,4.0
-0.0,7.0,1.0,10.0,10.16470588235294,5.0
-0.0,10.0,1.0,17.0,10.164705882352944,5.0
