l_l_m,l_l_n,u_r_m,u_r_n,avg_sal,sal_state
3.0,4.0,7.0,8.0,2325.7982843137256,1.0
3.0,2.0,7.0,4.0,2137.8,1.0
3.0,12.0,7.0,14.0,2394.178921568628,1.0
3.0,16.0,6.0,18.0,2291.296732026144,1.0
2.0,19.0,6.0,20.0,2497.686274509804,1.0
6.0,19.0,7.0,20.0,2499.043137254902,1.0
5.0,1.0,7.0,2.0,1416.7039215686277,2.0
7.0,1.0,8.0,2.0,1123.8823529411766,2.0
8.0,2.0,9.0,3.0,1119.2196078431373,2.0
7.0,12.0,8.0,18.0,862.8124183006537,2.0
7.0,18.0,8.0,20.0,453.5882352941177,2.0
1.0,7.0,2.0,10.0,633.1790849673203,2.0
1.0,10.0,2.0,16.0,724.2888888888889,2.0
1.0,16.0,2.0,20.0,698.5137254901961,2.0
2.0,4.0,3.0,8.0,1649.0588235294117,2.0
2.0,8.0,3.0,14.0,2256.045098039216,2.0
2.0,14.0,3.0,19.0,2301.345882352941,2.0
3.0,8.0,7.0,12.0,1917.193137254902,2.0
7.0,4.0,8.0,10.0,1418.9581699346404,2.0
7.0,2.0,8.0,4.0,1813.3117647058825,2.0
3.0,14.0,6.0,16.0,2357.158823529412,2.0
6.0,14.0,7.0,19.0,2067.993725490196,2.0
3.0,18.0,6.0,19.0,2022.9633986928104,2.0
7.0,0.0,8.0,1.0,607.2313725490196,2.0
2.0,0.0,6.0,1.0,2460.471568627451,1.0
6.0,0.0,7.0,1.0,2146.4470588235295,1.0
1.0,0.0,2.0,3.0,547.8287581699346,2.0
2.0,1.0,4.0,2.0,1880.8039215686279,2.0
2.0,2.0,3.0,3.0,1707.0764705882355,2.0
4.0,1.0,5.0,2.0,1358.8568627450982,2.0
8.0,0.0,9.0,2.0,55.7644880174292,4.0
9.0,1.0,10.0,8.0,10.842913165266106,4.0
8.0,4.0,9.0,10.0,415.84379084967316,4.0
8.0,3.0,9.0,4.0,657.356862745098,4.0
7.0,10.0,8.0,12.0,53.00980392156863,4.0
8.0,11.0,9.0,17.0,174.8869281045752,4.0
8.0,17.0,9.0,19.0,170.40588235294118,4.0
1.0,3.0,2.0,7.0,34.45539215686274,4.0
2.0,3.0,3.0,4.0,266.086274509804,4.0
0.0,0.0,1.0,6.0,0.0,5.0
0.0,6.0,1.0,14.0,65.30686274509803,5.0
0.0,14.0,1.0,20.0,15.734640522875814,5.0
9.0,8.0,10.0,16.0,0.4730392156862745,5.0
9.0,16.0,10.0,20.0,0.0,5.0
8.0,19.0,9.0,20.0,1.1294117647058823,5.0
8.0,10.0,9.0,11.0,1.1294117647058823,5.0
9.0,0.0,10.0,1.0,1.016470588235294,5.0
