l_l_m,l_l_n,u_r_m,u_r_n,avg_sal,sal_state
7.0,3.0,8.0,7.0,988.3303921568628,2.0
7.0,9.0,8.0,11.0,749.0627450980393,2.0
5.0,19.0,7.0,20.0,1023.6843137254899,2.0
2.0,7.0,6.0,11.0,2161.209068627451,1.0
6.0,7.0,7.0,11.0,1650.4137254901962,1.0
2.0,3.0,6.0,7.0,2046.6649509803922,1.0
6.0,3.0,7.0,7.0,1999.593137254902,1.0
3.0,12.0,5.0,14.0,2294.7166666666667,1.0
2.0,12.0,3.0,14.0,2378.8705882352947,1.0
2.0,15.0,6.0,17.0,2509.1102941176473,1.0
6.0,15.0,7.0,17.0,2403.21568627451,1.0
3.0,19.0,5.0,20.0,1916.560784313726,1.0
2.0,19.0,3.0,20.0,2247.152941176471,1.0
1.0,2.0,2.0,7.0,824.2352941176471,2.0
3.0,2.0,5.0,3.0,391.1176470588235,2.0
2.0,2.0,3.0,3.0,1213.7803921568627,2.0
1.0,8.0,2.0,14.0,722.6679738562093,2.0
1.0,14.0,2.0,20.0,706.3457516339868,2.0
3.0,11.0,5.0,12.0,1972.7352941176468,2.0
2.0,11.0,3.0,12.0,2221.752941176471,2.0
7.0,12.0,8.0,17.0,709.6125490196077,2.0
5.0,11.0,7.0,15.0,1546.2019607843133,4.0
3.0,14.0,5.0,15.0,2047.670588235294,4.0
2.0,14.0,3.0,15.0,2088.694117647058,4.0
2.0,17.0,6.0,19.0,1413.4117647058822,4.0
6.0,17.0,7.0,19.0,983.5764705882353,4.0
7.0,17.0,8.0,18.0,47.1186274509804,4.0
0.0,2.0,1.0,10.0,143.1735294117647,5.0
0.0,0.0,1.0,2.0,0.0,5.0
3.0,0.0,5.0,2.0,26.429411764705893,5.0
1.0,0.0,3.0,2.0,260.45098039215685,5.0
1.0,7.0,2.0,8.0,5.08235294117647,5.0
5.0,0.0,7.0,3.0,11.188235294117646,5.0
7.0,0.0,8.0,3.0,1.3189542483660128,5.0
8.0,2.0,10.0,10.0,169.92230392156858,5.0
8.0,0.0,10.0,2.0,0.0,5.0
7.0,7.0,8.0,9.0,1.2705882352941176,5.0
0.0,10.0,1.0,18.0,78.46813725490195,5.0
0.0,18.0,1.0,20.0,0.0,5.0
8.0,10.0,10.0,18.0,10.407107843137254,5.0
8.0,18.0,10.0,20.0,0.0,5.0
7.0,18.0,8.0,20.0,1.2705882352941176,5.0
7.0,11.0,8.0,12.0,1.2705882352941176,5.0
