l_l_m,l_l_n,u_r_m,u_r_n,avg_sal,sal_state
2.0,3.0,6.0,7.0,2048.063235294118,1.0
2.0,1.0,6.0,3.0,2167.6460784313726,1.0
2.0,13.0,6.0,17.0,2439.214950980393,1.0
6.0,13.0,7.0,17.0,2232.2009803921574,1.0
2.0,17.0,6.0,19.0,1982.3485294117652,1.0
6.0,17.0,7.0,19.0,1338.372549019608,1.0
1.0,0.0,2.0,2.0,1131.0725490196078,2.0
2.0,0.0,4.0,1.0,1648.235294117647,2.0
6.0,1.0,7.0,4.0,1554.0379084967315,2.0
7.0,2.0,8.0,4.0,716.0784313725493,2.0
1.0,5.0,2.0,9.0,1169.0901960784313,2.0
1.0,9.0,2.0,15.0,749.7150326797387,2.0
1.0,15.0,2.0,20.0,731.8384313725488,2.0
2.0,7.0,4.0,13.0,1941.0699346405231,2.0
4.0,8.0,5.0,12.0,1666.5166666666667,2.0
4.0,12.0,5.0,13.0,1874.725490196079,2.0
5.0,9.0,7.0,13.0,1659.1019607843134,2.0
7.0,11.0,8.0,17.0,669.1516339869281,2.0
7.0,17.0,8.0,18.0,763.0156862745098,2.0
2.0,19.0,4.0,20.0,1498.4529411764706,2.0
4.0,0.0,7.0,1.0,464.80000000000007,4.0
7.0,0.0,8.0,2.0,71.53725490196078,4.0
4.0,7.0,7.0,8.0,151.3310924369748,4.0
7.0,8.0,8.0,11.0,30.2437908496732,4.0
5.0,8.0,7.0,9.0,827.8156862745097,4.0
1.0,2.0,2.0,5.0,350.69803921568626,4.0
-0.0,4.0,1.0,9.0,423.1819607843137,4.0
7.0,18.0,8.0,20.0,33.52500000000001,4.0
4.0,19.0,7.0,20.0,341.3988795518207,4.0
6.0,4.0,8.0,6.0,579.1088235294118,4.0
8.0,0.0,10.0,6.0,0.1941176470588235,5.0
8.0,6.0,10.0,14.0,0.0,5.0
8.0,14.0,10.0,20.0,0.0,5.0
6.0,6.0,7.0,7.0,1.4521008403361344,5.0
7.0,6.0,8.0,8.0,1.2705882352941176,5.0
0.0,9.0,1.0,17.0,84.1357843137255,5.0
0.0,17.0,1.0,20.0,203.51372549019607,5.0
0.0,0.0,1.0,4.0,10.16470588235294,5.0
