l_l_m,l_l_n,u_r_m,u_r_n,avg_sal,sal_state
8.0,9.0,9.0,12.0,707.9359477124184,2.0
2.0,19.0,3.0,20.0,1665.4117647058822,2.0
3.0,19.0,7.0,20.0,2120.3696078431376,2.0
7.0,19.0,9.0,20.0,1229.635294117647,2.0
2.0,5.0,3.0,7.0,1088.0,1.0
3.0,5.0,7.0,7.0,2040.5470588235294,1.0
7.0,5.0,8.0,7.0,1876.9392156862743,1.0
2.0,7.0,3.0,11.0,1446.2117647058826,1.0
3.0,7.0,7.0,11.0,2298.4056372549026,1.0
7.0,7.0,8.0,11.0,1938.1147058823528,1.0
2.0,11.0,3.0,13.0,1741.178431372549,1.0
3.0,11.0,7.0,13.0,2083.6470588235293,1.0
7.0,11.0,8.0,13.0,1917.2156862745096,1.0
2.0,14.0,3.0,18.0,2351.36568627451,1.0
3.0,14.0,7.0,18.0,2328.9154411764707,1.0
7.0,14.0,8.0,18.0,1250.9892156862745,1.0
2.0,18.0,3.0,19.0,1957.8980392156866,1.0
3.0,18.0,7.0,19.0,2490.4480392156865,1.0
7.0,18.0,8.0,19.0,1738.3019607843135,1.0
2.0,0.0,3.0,3.0,769.7202614379083,2.0
8.0,2.0,9.0,8.0,978.9464052287583,2.0
8.0,0.0,9.0,2.0,972.0156862745098,2.0
2.0,4.0,3.0,5.0,967.313725490196,2.0
3.0,1.0,7.0,5.0,1854.6311274509808,2.0
7.0,1.0,8.0,5.0,1999.9558823529412,2.0
3.0,0.0,7.0,1.0,1587.495098039216,2.0
7.0,0.0,8.0,1.0,2029.2470588235287,2.0
1.0,12.0,2.0,18.0,461.5124183006536,2.0
1.0,18.0,2.0,19.0,309.4588235294118,2.0
2.0,13.0,3.0,14.0,1324.737254901961,2.0
3.0,13.0,7.0,14.0,1613.262745098039,2.0
7.0,13.0,8.0,14.0,1719.4588235294116,2.0
8.0,12.0,9.0,18.0,650.0738562091502,4.0
8.0,18.0,9.0,19.0,802.1725490196078,4.0
9.0,13.0,10.0,20.0,33.818543417366946,4.0
1.0,6.0,2.0,12.0,519.4032679738563,4.0
1.0,2.0,2.0,6.0,440.8813725490196,4.0
2.0,3.0,3.0,4.0,264.321568627451,4.0
9.0,2.0,10.0,10.0,294.1455882352942,4.0
9.0,0.0,10.0,2.0,356.06666666666666,4.0
8.0,8.0,9.0,9.0,86.35860566448801,4.0
0.0,0.0,1.0,6.0,75.70130718954249,5.0
0.0,6.0,1.0,14.0,168.57401960784313,5.0
0.0,14.0,1.0,20.0,0.0,5.0
1.0,0.0,2.0,2.0,5.08235294117647,5.0
1.0,19.0,2.0,20.0,5.08235294117647,5.0
9.0,10.0,10.0,13.0,1.016470588235294,5.0
