l_l_m,l_l_n,u_r_m,u_r_n,avg_sal,sal_state
2.0,0.0,3.0,4.0,1525.9470588235295,1.0
3.0,0.0,7.0,4.0,2348.079411764706,1.0
7.0,0.0,8.0,4.0,1979.4303921568628,1.0
2.0,15.0,3.0,19.0,1297.372549019608,1.0
3.0,15.0,7.0,19.0,2160.6855392156867,1.0
7.0,15.0,8.0,19.0,1999.970588235294,1.0
2.0,19.0,3.0,20.0,1607.8901960784315,1.0
3.0,19.0,7.0,20.0,2420.414705882353,1.0
7.0,19.0,8.0,20.0,1887.5921568627448,1.0
8.0,3.0,9.0,5.0,955.8235294117646,2.0
8.0,11.0,9.0,17.0,933.524183006536,2.0
1.0,13.0,2.0,14.0,235.69803921568626,2.0
2.0,13.0,6.0,15.0,1236.5450980392156,2.0
6.0,13.0,7.0,15.0,1503.1352941176472,2.0
2.0,6.0,6.0,7.0,1686.2235294117647,2.0
6.0,6.0,7.0,7.0,2405.9254901960785,2.0
2.0,7.0,6.0,11.0,1781.9870098039214,2.0
6.0,7.0,7.0,11.0,2372.1598039215687,2.0
2.0,11.0,6.0,13.0,1899.9029411764707,2.0
6.0,11.0,7.0,13.0,2244.301960784314,2.0
2.0,4.0,6.0,6.0,1712.5485294117648,2.0
6.0,4.0,7.0,6.0,2192.419607843137,2.0
7.0,4.0,8.0,6.0,1897.8078431372546,2.0
7.0,6.0,8.0,12.0,1694.1915032679735,2.0
7.0,12.0,8.0,15.0,1789.1137254901955,2.0
8.0,0.0,9.0,3.0,52.7128540305011,4.0
9.0,1.0,10.0,5.0,247.17647058823533,4.0
9.0,5.0,10.0,13.0,303.9720588235294,4.0
9.0,13.0,10.0,17.0,263.8843137254902,4.0
8.0,5.0,9.0,11.0,686.0006535947714,4.0
1.0,7.0,2.0,13.0,334.67058823529413,4.0
1.0,1.0,2.0,7.0,169.08954248366013,4.0
1.0,0.0,2.0,1.0,225.4745098039216,4.0
1.0,15.0,2.0,20.0,60.69843137254902,4.0
0.0,0.0,1.0,6.0,0.0,5.0
0.0,6.0,1.0,14.0,0.0,5.0
0.0,14.0,1.0,20.0,0.0,5.0
1.0,14.0,2.0,15.0,5.08235294117647,5.0
8.0,17.0,10.0,20.0,121.20849673202616,5.0
9.0,0.0,10.0,1.0,1.016470588235294,5.0
