l_l_m,l_l_n,u_r_m,u_r_n,avg_sal,sal_state
7.0,0.0,8.0,1.0,2190.5529411764705,1.0
3.0,3.0,7.0,6.0,2076.2807189542486,1.0
3.0,6.0,7.0,10.0,2267.9683823529417,1.0
3.0,10.0,7.0,13.0,2095.969281045752,1.0
2.0,0.0,3.0,6.0,960.3065359477124,2.0
2.0,6.0,3.0,12.0,1845.5176470588237,2.0
2.0,12.0,3.0,18.0,1585.3790849673205,2.0
3.0,0.0,7.0,3.0,1895.4529411764706,2.0
1.0,9.0,2.0,15.0,1101.5712418300652,2.0
1.0,15.0,2.0,18.0,1034.0627450980392,2.0
1.0,6.0,2.0,7.0,677.9529411764705,2.0
7.0,7.0,8.0,13.0,1241.9568627450979,2.0
7.0,1.0,8.0,7.0,1960.1163398692813,2.0
3.0,13.0,4.0,17.0,1478.3852941176474,2.0
4.0,13.0,7.0,16.0,1474.5511982570804,2.0
8.0,0.0,9.0,6.0,875.5424836601306,2.0
8.0,17.0,9.0,20.0,852.9359477124184,2.0
2.0,18.0,3.0,20.0,1442.886274509804,1.0
3.0,18.0,7.0,20.0,2341.174019607843,1.0
7.0,18.0,8.0,20.0,2170.078431372549,1.0
3.0,17.0,7.0,18.0,1396.5990196078433,1.0
7.0,17.0,8.0,18.0,1831.8745098039215,1.0
9.0,0.0,10.0,6.0,380.440522875817,4.0
9.0,6.0,10.0,14.0,310.4995098039216,4.0
9.0,14.0,10.0,20.0,485.1130718954248,4.0
7.0,13.0,8.0,17.0,85.55796568627453,4.0
8.0,6.0,9.0,8.0,837.4333333333334,4.0
8.0,8.0,9.0,14.0,860.1418300653595,4.0
8.0,14.0,9.0,17.0,766.3124183006537,4.0
0.0,11.0,1.0,19.0,409.9941176470589,4.0
1.0,3.0,2.0,6.0,327.7450980392157,4.0
1.0,7.0,2.0,9.0,401.2147058823529,4.0
0.0,3.0,1.0,11.0,203.6754901960784,5.0
0.0,0.0,1.0,3.0,97.6928104575163,5.0
1.0,0.0,2.0,3.0,5.08235294117647,5.0
1.0,18.0,2.0,20.0,5.08235294117647,5.0
-0.0,19.0,1.0,20.0,10.16470588235294,5.0
4.0,16.0,7.0,17.0,4.356302521008403,5.0
