l_l_m,l_l_n,u_r_m,u_r_n,avg_sal,sal_state
1.0,6.0,2.0,7.0,781.4549019607844,2.0
8.0,12.0,9.0,14.0,767.4039215686273,2.0
5.0,1.0,7.0,4.0,1984.843137254902,1.0
7.0,1.0,8.0,4.0,1957.383006535948,1.0
2.0,8.0,4.0,10.0,2019.2323529411765,1.0
4.0,8.0,6.0,10.0,2331.809803921569,1.0
6.0,8.0,8.0,10.0,1935.8823529411768,1.0
2.0,6.0,4.0,8.0,1671.0852941176474,1.0
4.0,6.0,6.0,8.0,1982.2176470588236,1.0
6.0,6.0,8.0,8.0,1911.6245098039221,1.0
2.0,10.0,4.0,12.0,2025.3421568627448,1.0
4.0,10.0,6.0,12.0,2405.959803921569,1.0
6.0,10.0,8.0,12.0,1847.2058823529412,1.0
2.0,12.0,4.0,14.0,1983.919607843137,1.0
4.0,12.0,6.0,14.0,2422.9313725490197,1.0
6.0,12.0,8.0,14.0,1960.4774509803922,1.0
2.0,14.0,4.0,16.0,1746.3813725490195,1.0
4.0,14.0,6.0,16.0,2472.2205882352937,1.0
6.0,14.0,8.0,16.0,2105.743137254902,1.0
2.0,16.0,4.0,17.0,1677.7862745098041,1.0
4.0,16.0,6.0,17.0,2130.186274509804,1.0
6.0,16.0,8.0,17.0,2110.578431372549,1.0
8.0,15.0,9.0,19.0,1128.906862745098,2.0
8.0,19.0,9.0,20.0,1076.6039215686274,2.0
3.0,17.0,4.0,19.0,1318.3450980392156,2.0
4.0,17.0,5.0,20.0,1439.8745098039215,2.0
5.0,17.0,7.0,20.0,1729.2196078431368,2.0
7.0,17.0,8.0,20.0,1906.4313725490197,2.0
4.0,2.0,5.0,4.0,1313.9627450980392,2.0
4.0,0.0,5.0,2.0,1673.6529411764707,2.0
8.0,3.0,9.0,7.0,1277.8784313725494,2.0
8.0,0.0,9.0,3.0,1211.9359477124185,2.0
5.0,4.0,7.0,6.0,1357.636274509804,2.0
7.0,4.0,8.0,6.0,1895.7117647058826,2.0
3.0,2.0,4.0,4.0,609.0431372549019,2.0
5.0,0.0,7.0,1.0,1829.1235294117648,2.0
7.0,0.0,8.0,1.0,1750.2980392156862,2.0
1.0,7.0,2.0,11.0,788.3441176470587,4.0
1.0,11.0,2.0,15.0,623.5205882352941,4.0
1.0,15.0,2.0,19.0,450.9607843137255,4.0
2.0,17.0,3.0,19.0,266.4843137254902,4.0
2.0,19.0,4.0,20.0,623.5039215686274,4.0
9.0,7.0,10.0,11.0,259.4166666666667,4.0
9.0,3.0,10.0,7.0,541.3382352941177,4.0
9.0,0.0,10.0,3.0,544.721568627451,4.0
8.0,7.0,9.0,11.0,740.0833333333333,4.0
8.0,11.0,9.0,12.0,750.4274509803923,4.0
0.0,4.0,1.0,8.0,154.69901960784313,5.0
0.0,0.0,1.0,4.0,0.0,5.0
0.0,8.0,1.0,12.0,189.50098039215686,5.0
0.0,12.0,1.0,16.0,202.61176470588242,5.0
0.0,16.0,1.0,20.0,24.958823529411763,5.0
1.0,2.0,3.0,6.0,361.6936274509804,5.0
1.0,0.0,3.0,2.0,333.30392156862746,5.0
3.0,4.0,5.0,6.0,681.2205882352941,5.0
1.0,19.0,2.0,20.0,5.08235294117647,5.0
3.0,0.0,4.0,2.0,2.541176470588235,5.0
9.0,11.0,10.0,15.0,247.5421568627451,5.0
9.0,15.0,10.0,19.0,295.29019607843134,5.0
9.0,19.0,10.0,20.0,361.2941176470588,5.0
8.0,14.0,9.0,15.0,1.1294117647058823,5.0
