l_l_m,l_l_n,u_r_m,u_r_n,avg_sal,sal_state
2.0,18.0,4.0,19.0,253.07647058823528,2.0
2.0,6.0,3.0,8.0,1892.5686274509806,1.0
3.0,6.0,5.0,8.0,2354.247058823529,1.0
5.0,6.0,7.0,8.0,2393.958823529412,1.0
2.0,4.0,3.0,6.0,2276.23137254902,1.0
3.0,4.0,5.0,6.0,2338.9,1.0
5.0,4.0,7.0,6.0,2201.440196078432,1.0
2.0,2.0,3.0,4.0,2335.6725490196077,1.0
3.0,2.0,5.0,4.0,2206.9392156862746,1.0
5.0,2.0,7.0,4.0,1939.200980392157,1.0
2.0,8.0,3.0,10.0,1723.2274509803922,1.0
3.0,8.0,5.0,10.0,2418.81274509804,1.0
5.0,8.0,7.0,10.0,2464.418627450981,1.0
2.0,10.0,3.0,12.0,1745.6509803921567,1.0
3.0,10.0,5.0,12.0,2320.528431372549,1.0
5.0,10.0,7.0,12.0,2385.39411764706,1.0
2.0,12.0,3.0,14.0,2013.3039215686279,1.0
3.0,12.0,5.0,14.0,2502.7323529411765,1.0
5.0,12.0,7.0,14.0,2447.8088235294117,1.0
2.0,14.0,3.0,16.0,1975.080392156863,1.0
3.0,14.0,5.0,16.0,2505.018627450981,1.0
5.0,14.0,7.0,16.0,2462.3598039215685,1.0
2.0,17.0,4.0,18.0,2206.1921568627454,1.0
4.0,17.0,6.0,18.0,2223.350980392157,1.0
6.0,17.0,8.0,18.0,1751.2294117647054,1.0
1.0,1.0,2.0,5.0,333.76078431372554,2.0
3.0,1.0,5.0,2.0,433.98235294117654,2.0
2.0,1.0,3.0,2.0,994.0549019607843,2.0
7.0,3.0,8.0,7.0,1228.8019607843135,2.0
7.0,2.0,8.0,3.0,560.6862745098039,2.0
7.0,7.0,8.0,11.0,1552.7529411764706,2.0
7.0,11.0,8.0,15.0,1627.3470588235293,2.0
7.0,15.0,8.0,17.0,1341.0529411764705,2.0
2.0,16.0,3.0,17.0,2084.6705882352944,2.0
3.0,16.0,5.0,17.0,1683.656862745098,2.0
5.0,16.0,7.0,17.0,1443.0705882352945,2.0
1.0,6.0,2.0,10.0,433.1205882352941,4.0
1.0,5.0,2.0,6.0,468.4627450980392,4.0
1.0,10.0,2.0,14.0,434.65196078431364,4.0
1.0,14.0,2.0,18.0,420.9578431372549,4.0
1.0,18.0,2.0,19.0,9.48235294117647,4.0
0.0,6.0,1.0,10.0,0.0,5.0
0.0,2.0,1.0,6.0,0.0,5.0
0.0,0.0,1.0,2.0,0.0,5.0
3.0,0.0,5.0,1.0,0.0,5.0
1.0,0.0,3.0,1.0,0.0,5.0
5.0,0.0,7.0,2.0,49.34019607843137,5.0
7.0,0.0,8.0,2.0,2.0294117647058822,5.0
8.0,6.0,10.0,10.0,266.7328431372549,5.0
8.0,2.0,10.0,6.0,136.07696078431374,5.0
8.0,0.0,10.0,2.0,0.0,5.0
0.0,10.0,1.0,14.0,4.709803921568628,5.0
0.0,14.0,1.0,18.0,2.150980392156863,5.0
0.0,18.0,1.0,20.0,0.0,5.0
2.0,19.0,4.0,20.0,0.0,5.0
1.0,19.0,2.0,20.0,0.0,5.0
4.0,18.0,5.0,20.0,90.82549019607842,5.0
8.0,10.0,10.0,14.0,290.33088235294116,5.0
8.0,14.0,10.0,18.0,127.03284313725493,5.0
8.0,18.0,10.0,20.0,0.0,5.0
5.0,18.0,7.0,20.0,67.44215686274511,5.0
7.0,18.0,8.0,20.0,30.349019607843136,5.0
