l_l_m,l_l_n,u_r_m,u_r_n,avg_sal,sal_state
1.0,4.0,2.0,7.0,768.7385620915032,2.0
1.0,7.0,2.0,11.0,883.6539215686273,2.0
1.0,11.0,2.0,14.0,1049.6562091503267,2.0
4.0,5.0,5.0,9.0,2042.1588235294118,1.0
5.0,5.0,7.0,9.0,2271.9867647058827,1.0
7.0,5.0,8.0,9.0,1617.2225490196079,1.0
4.0,2.0,5.0,5.0,1316.3019607843135,1.0
5.0,2.0,7.0,5.0,1980.3209150326795,1.0
7.0,2.0,8.0,5.0,1611.6614379084967,1.0
4.0,9.0,5.0,13.0,2216.101960784314,1.0
5.0,9.0,7.0,13.0,1948.9446078431372,1.0
7.0,9.0,8.0,13.0,1293.6029411764705,1.0
4.0,13.0,5.0,17.0,1952.6068627450986,1.0
5.0,13.0,7.0,17.0,2194.0205882352943,1.0
7.0,13.0,8.0,17.0,1728.9166666666665,1.0
4.0,17.0,5.0,20.0,2030.745098039216,1.0
5.0,17.0,7.0,20.0,2216.3790849673205,1.0
7.0,17.0,8.0,20.0,2002.7830065359478,1.0
2.0,5.0,4.0,9.0,1769.964705882353,1.0
2.0,3.0,4.0,5.0,1193.243137254902,1.0
2.0,9.0,4.0,13.0,1990.8769607843133,1.0
2.0,13.0,4.0,17.0,1465.3323529411762,1.0
2.0,17.0,4.0,20.0,1193.2901960784313,1.0
4.0,0.0,6.0,1.0,1486.7705882352939,2.0
3.0,0.0,4.0,1.0,1091.027450980392,2.0
8.0,4.0,9.0,8.0,882.3911764705882,2.0
8.0,0.0,9.0,4.0,1300.0470588235296,2.0
8.0,8.0,9.0,12.0,1029.5696078431372,2.0
8.0,12.0,9.0,16.0,974.5441176470587,2.0
8.0,16.0,9.0,20.0,1395.9578431372552,2.0
9.0,17.0,10.0,18.0,537.2,2.0
6.0,0.0,8.0,2.0,1404.1127450980389,2.0
9.0,2.0,10.0,6.0,278.28333333333336,4.0
9.0,0.0,10.0,2.0,361.28823529411767,4.0
9.0,6.0,10.0,10.0,296.44019607843137,4.0
9.0,10.0,10.0,14.0,345.2637254901962,4.0
9.0,14.0,10.0,17.0,441.7346405228757,4.0
1.0,0.0,2.0,4.0,341.68333333333334,4.0
2.0,0.0,3.0,3.0,204.93594771241828,4.0
3.0,1.0,4.0,3.0,180.40980392156865,4.0
4.0,1.0,6.0,2.0,784.9117647058823,4.0
0.0,4.0,1.0,8.0,130.21568627450978,4.0
0.0,8.0,1.0,12.0,148.63725490196074,4.0
0.0,12.0,1.0,16.0,120.19313725490196,4.0
1.0,14.0,2.0,18.0,460.1352941176471,4.0
1.0,18.0,2.0,20.0,266.8294117647059,4.0
9.0,18.0,10.0,20.0,41.76549019607843,4.0
0.0,16.0,1.0,20.0,0.3901960784313726,5.0
0.0,0.0,1.0,4.0,0.25098039215686274,5.0
