l_l_m,l_l_n,u_r_m,u_r_n,avg_sal,sal_state
3.0,8.0,7.0,12.0,2569.4276960784314,1.0
2.0,6.0,3.0,14.0,1878.8568627450986,2.0
3.0,6.0,5.0,8.0,2142.527450980392,2.0
7.0,7.0,8.0,13.0,1661.1333333333332,2.0
3.0,12.0,7.0,13.0,2123.501960784314,2.0
7.0,4.0,8.0,5.0,494.5333333333333,2.0
2.0,5.0,8.0,6.0,1985.73137254902,1.0
5.0,6.0,6.0,7.0,1743.985294117647,2.0
5.0,7.0,6.0,8.0,2358.5588235294117,2.0
6.0,6.0,8.0,7.0,2023.519607843137,2.0
6.0,7.0,7.0,8.0,2023.519607843137,2.0
8.0,4.0,9.0,14.0,20.30291938997821,4.0
1.0,6.0,2.0,15.0,80.7400871459695,4.0
2.0,14.0,4.0,15.0,36.83431372549021,4.0
3.0,13.0,8.0,14.0,347.93872549019613,4.0
0.0,0.0,1.0,10.0,10.16470588235294,5.0
1.0,0.0,2.0,6.0,5.08235294117647,5.0
2.0,0.0,5.0,5.0,6.0988235294117645,5.0
5.0,0.0,7.0,5.0,2.9042016806722684,5.0
9.0,0.0,10.0,10.0,1.016470588235294,5.0
7.0,0.0,9.0,4.0,2.2588235294117647,5.0
-0.0,10.0,1.0,20.0,10.16470588235294,5.0
1.0,15.0,4.0,20.0,7.623529411764705,5.0
4.0,14.0,5.0,20.0,2.032941176470588,5.0
9.0,10.0,10.0,20.0,1.016470588235294,5.0
5.0,14.0,9.0,20.0,0.06062091503267974,5.0
