l_l_m,l_l_n,u_r_m,u_r_n,avg_sal,sal_state
8.0,8.0,9.0,9.0,708.5333333333333,2.0
2.0,15.0,8.0,16.0,1298.8875816993464,2.0
2.0,6.0,3.0,8.0,1072.0509803921566,1.0
3.0,6.0,8.0,14.0,2226.5076470588237,1.0
3.0,14.0,8.0,15.0,2223.177254901961,1.0
2.0,9.0,3.0,15.0,1916.1516339869283,1.0
2.0,0.0,8.0,6.0,2149.2137254901963,2.0
1.0,16.0,3.0,20.0,503.6114379084967,4.0
3.0,18.0,5.0,20.0,225.0113725490196,4.0
5.0,19.0,7.0,20.0,167.62352941176476,4.0
7.0,18.0,9.0,20.0,108.24183006535948,4.0
-0.0,17.0,1.0,20.0,393.035294117647,4.0
8.0,0.0,9.0,8.0,58.930065359477126,4.0
0.0,0.0,1.0,1.0,244.10196078431375,4.0
1.0,0.0,2.0,8.0,209.2375,4.0
9.0,8.0,10.0,10.0,24.652352941176467,4.0
8.0,9.0,9.0,16.0,44.40746965452848,4.0
1.0,8.0,2.0,16.0,80.21274509803922,4.0
2.0,8.0,3.0,9.0,263.20392156862744,4.0
9.0,10.0,10.0,20.0,1.016470588235294,5.0
5.0,18.0,7.0,19.0,2.9042016806722684,5.0
3.0,16.0,4.0,18.0,0.4980392156862745,5.0
4.0,16.0,8.0,18.0,2.4632352941176467,5.0
8.0,16.0,9.0,18.0,0.8058823529411765,5.0
0.0,1.0,1.0,2.0,164.39215686274508,5.0
0.0,2.0,1.0,16.0,41.05714285714286,5.0
0.0,16.0,1.0,17.0,2.4470588235294115,5.0
9.0,0.0,10.0,8.0,1.016470588235294,5.0
