l_l_m,l_l_n,u_r_m,u_r_n,avg_sal,sal_state
2.0,14.0,8.0,17.0,2194.990196078432,2.0
3.0,5.0,7.0,8.0,2491.192156862745,1.0
2.0,11.0,8.0,14.0,2305.807189542484,1.0
2.0,17.0,8.0,20.0,2206.5233115468413,1.0
7.0,2.0,8.0,11.0,2006.7302832244006,2.0
2.0,6.0,3.0,11.0,1489.792156862745,2.0
3.0,8.0,7.0,11.0,2229.547712418301,2.0
3.0,3.0,6.0,5.0,2133.7660130718955,2.0
4.0,1.0,6.0,2.0,2459.4686274509804,1.0
2.0,1.0,4.0,3.0,1657.9196078431369,2.0
4.0,2.0,6.0,3.0,1708.5862745098038,2.0
6.0,3.0,7.0,5.0,2140.57385620915,2.0
6.0,1.0,8.0,2.0,1809.4960784313728,2.0
6.0,2.0,7.0,3.0,1809.4960784313728,2.0
8.0,1.0,9.0,2.0,120.94901960784313,4.0
8.0,2.0,9.0,14.0,252.2320261437909,4.0
8.0,14.0,9.0,16.0,40.42549019607844,4.0
1.0,0.0,2.0,2.0,24.10588235294118,4.0
2.0,0.0,8.0,1.0,1016.2320261437908,4.0
2.0,3.0,3.0,6.0,193.31764705882355,4.0
1.0,8.0,2.0,20.0,117.0143790849673,4.0
0.0,0.0,1.0,3.0,0.0,5.0
0.0,3.0,1.0,17.0,0.0,5.0
0.0,17.0,1.0,20.0,0.0,5.0
1.0,2.0,2.0,8.0,5.08235294117647,5.0
8.0,0.0,9.0,1.0,1.1294117647058823,5.0
9.0,0.0,10.0,3.0,0.6130718954248365,5.0
9.0,3.0,10.0,17.0,22.781512605042014,5.0
9.0,17.0,10.0,20.0,0.0,5.0
8.0,16.0,9.0,20.0,1.1294117647058823,5.0
