l_l_m,l_l_n,u_r_m,u_r_n,avg_sal,sal_state
2.0,0.0,3.0,10.0,1758.0392156862745,1.0
3.0,3.0,8.0,11.0,2322.025588235294,1.0
3.0,0.0,8.0,3.0,2358.3281045751637,1.0
7.0,15.0,8.0,17.0,1510.9274509803922,2.0
2.0,12.0,7.0,17.0,2378.650196078432,1.0
5.0,11.0,7.0,12.0,2084.8529411764707,2.0
7.0,11.0,8.0,13.0,1495.4313725490194,2.0
4.0,18.0,6.0,19.0,2415.754901960784,1.0
2.0,17.0,4.0,20.0,2002.6843137254905,2.0
6.0,17.0,8.0,20.0,1987.2908496732027,2.0
4.0,17.0,6.0,18.0,2203.5647058823533,2.0
4.0,19.0,6.0,20.0,2179.407843137255,2.0
2.0,10.0,3.0,11.0,2072.769281045752,2.0
2.0,11.0,5.0,12.0,2072.769281045752,2.0
8.0,0.0,9.0,1.0,67.52941176470588,4.0
8.0,1.0,9.0,13.0,86.40980392156864,4.0
8.0,13.0,9.0,14.0,35.73333333333333,4.0
7.0,13.0,8.0,15.0,70.61813725490197,4.0
0.0,0.0,2.0,4.0,37.753431372549024,5.0
0.0,4.0,2.0,16.0,71.70196078431374,5.0
0.0,16.0,2.0,20.0,36.029411764705884,5.0
9.0,0.0,10.0,3.0,0.0,5.0
9.0,3.0,10.0,17.0,0.0,5.0
9.0,17.0,10.0,20.0,0.0,5.0
8.0,14.0,9.0,20.0,1.1294117647058823,5.0
