l_l_m,l_l_n,u_r_m,u_r_n,avg_sal,sal_state
2.0,0.0,7.0,4.0,2230.267647058824,1.0
3.0,5.0,7.0,9.0,2414.4083333333333,1.0
3.0,11.0,8.0,16.0,2286.480470588236,1.0
2.0,17.0,8.0,20.0,2029.29825708061,1.0
7.0,0.0,8.0,11.0,1844.079144385027,2.0
3.0,16.0,8.0,17.0,2006.899607843137,2.0
2.0,10.0,3.0,17.0,2173.8638655462187,2.0
3.0,9.0,7.0,11.0,2019.6730392156867,2.0
2.0,4.0,3.0,9.0,1695.4729411764706,2.0
3.0,4.0,7.0,5.0,2248.164705882353,2.0
8.0,0.0,9.0,12.0,277.1228758169934,4.0
9.0,8.0,10.0,11.0,6.5100653594771245,4.0
1.0,9.0,2.0,20.0,49.39447415329769,4.0
2.0,9.0,3.0,10.0,181.73333333333332,4.0
1.0,0.0,2.0,9.0,52.40544662309369,4.0
0.0,0.0,1.0,3.0,0.0,5.0
0.0,3.0,1.0,17.0,0.0,5.0
0.0,17.0,1.0,20.0,0.0,5.0
9.0,11.0,10.0,20.0,1.0164705882352942,5.0
8.0,12.0,9.0,20.0,1.1294117647058823,5.0
9.0,0.0,10.0,8.0,1.016470588235294,5.0
