l_l_m,l_l_n,u_r_m,u_r_n,avg_sal,sal_state
4.0,2.0,8.0,8.0,2202.6478758169933,1.0
2.0,11.0,3.0,12.0,1700.9098039215687,1.0
4.0,10.0,8.0,20.0,2239.0488235294115,1.0
2.0,15.0,4.0,20.0,2108.4843137254893,1.0
2.0,0.0,3.0,11.0,1608.0370766488415,2.0
3.0,0.0,4.0,2.0,2191.1372549019607,2.0
3.0,2.0,4.0,12.0,2008.8243137254904,2.0
3.0,12.0,4.0,15.0,2199.96339869281,2.0
4.0,8.0,8.0,10.0,1740.0401960784313,2.0
2.0,12.0,3.0,15.0,1612.4274509803922,2.0
4.0,0.0,8.0,2.0,2044.8916666666669,2.0
8.0,0.0,9.0,4.0,554.3696078431373,4.0
8.0,4.0,9.0,16.0,533.9800653594772,4.0
8.0,16.0,9.0,20.0,510.66372549019616,4.0
9.0,6.0,10.0,19.0,27.051282051282055,4.0
1.0,2.0,2.0,5.0,96.95294117647059,4.0
1.0,5.0,2.0,17.0,263.6944444444444,4.0
1.0,17.0,2.0,20.0,317.4117647058823,4.0
0.0,0.0,1.0,3.0,0.0,5.0
0.0,3.0,1.0,17.0,0.0,5.0
0.0,17.0,1.0,20.0,0.0,5.0
1.0,0.0,2.0,2.0,5.08235294117647,5.0
9.0,0.0,10.0,6.0,1.016470588235294,5.0
9.0,19.0,10.0,20.0,1.016470588235294,5.0
