l_l_m,l_l_n,u_r_m,u_r_n,avg_sal,sal_state
2.0,8.0,3.0,10.0,1597.6999999999994,2.0
2.0,0.0,8.0,4.0,2194.8377450980392,1.0
3.0,4.0,7.0,7.0,2371.984313725489,1.0
3.0,8.0,7.0,10.0,2300.9911764705885,1.0
7.0,10.0,8.0,12.0,1717.356862745098,1.0
2.0,10.0,7.0,18.0,2344.625098039216,1.0
7.0,4.0,8.0,10.0,1904.7124183006533,2.0
3.0,7.0,7.0,8.0,2103.8715686274513,2.0
2.0,19.0,4.0,20.0,2297.513725490196,1.0
4.0,18.0,8.0,20.0,2054.4774509803924,2.0
7.0,12.0,8.0,18.0,1622.9361344537815,2.0
2.0,18.0,4.0,19.0,2074.249411764706,2.0
1.0,0.0,2.0,4.0,104.471568627451,4.0
1.0,4.0,2.0,16.0,137.08104575163398,4.0
1.0,16.0,2.0,20.0,161.08137254901962,4.0
2.0,4.0,3.0,8.0,222.26503267973854,4.0
8.0,0.0,9.0,4.0,207.89607843137253,4.0
8.0,4.0,9.0,16.0,235.1437908496732,4.0
8.0,16.0,9.0,20.0,42.15490196078431,4.0
9.0,5.0,10.0,9.0,7.715882352941175,4.0
0.0,0.0,1.0,3.0,0.0,5.0
0.0,3.0,1.0,17.0,0.0,5.0
0.0,17.0,1.0,20.0,0.0,5.0
9.0,9.0,10.0,20.0,1.016470588235294,5.0
9.0,0.0,10.0,5.0,1.016470588235294,5.0
