l_l_m,l_l_n,u_r_m,u_r_n,avg_sal,sal_state
2.0,0.0,8.0,7.0,2175.1291316526613,1.0
3.0,9.0,8.0,13.0,2294.7366666666667,1.0
2.0,7.0,3.0,14.0,1742.9478991596634,2.0
3.0,7.0,8.0,9.0,2114.4427450980397,2.0
3.0,13.0,6.0,14.0,1921.1477124183007,2.0
2.0,14.0,8.0,15.0,1278.5444444444445,2.0
2.0,15.0,7.0,20.0,2148.5283137254905,1.0
7.0,15.0,8.0,16.0,1676.7843137254904,1.0
7.0,17.0,8.0,18.0,1153.5294117647059,1.0
6.0,13.0,8.0,14.0,1637.622549019608,2.0
1.0,0.0,2.0,4.0,597.2843137254903,4.0
1.0,4.0,2.0,16.0,533.0911764705883,4.0
1.0,16.0,2.0,20.0,784.6166666666666,4.0
-0.0,13.0,1.0,20.0,438.744537815126,4.0
8.0,0.0,9.0,1.0,253.00392156862745,4.0
8.0,1.0,9.0,13.0,486.0186274509804,4.0
8.0,13.0,9.0,15.0,362.94705882352935,4.0
7.0,18.0,9.0,20.0,121.70239651416124,4.0
9.0,0.0,10.0,3.0,3.094117647058823,5.0
9.0,3.0,10.0,17.0,9.662184873949581,5.0
9.0,17.0,10.0,20.0,0.0,5.0
7.0,16.0,8.0,17.0,1.2705882352941176,5.0
8.0,15.0,9.0,18.0,1.1294117647058823,5.0
0.0,0.0,1.0,13.0,10.16470588235294,5.0
