l_l_m,l_l_n,u_r_m,u_r_n,avg_sal,sal_state
4.0,1.0,6.0,2.0,2500.4666666666667,1.0
3.0,3.0,7.0,5.0,2510.835294117647,1.0
2.0,6.0,7.0,8.0,2466.819215686275,1.0
2.0,11.0,8.0,13.0,2343.6140522875817,1.0
3.0,14.0,7.0,16.0,2467.9799019607844,1.0
2.0,8.0,7.0,11.0,2223.4896732026145,2.0
7.0,9.0,8.0,11.0,1741.0627450980392,2.0
2.0,13.0,3.0,16.0,1448.7777777777774,2.0
7.0,13.0,8.0,17.0,2097.2921568627453,2.0
3.0,13.0,7.0,14.0,2310.8627450980393,2.0
2.0,0.0,3.0,6.0,1850.6352941176474,2.0
7.0,0.0,8.0,8.0,1634.4372549019604,2.0
4.0,0.0,6.0,1.0,2358.7352941176473,2.0
6.0,0.0,7.0,3.0,2344.028758169935,2.0
4.0,2.0,6.0,3.0,2375.3411764705884,2.0
3.0,0.0,4.0,3.0,2373.129411764706,2.0
3.0,5.0,7.0,6.0,2443.2186274509804,2.0
3.0,16.0,7.0,19.0,2198.675163398693,1.0
4.0,19.0,7.0,20.0,1675.9215686274508,2.0
7.0,17.0,8.0,20.0,2173.902941176471,2.0
8.0,9.0,9.0,20.0,31.90239651416121,4.0
0.0,0.0,2.0,4.0,27.669117647058826,5.0
0.0,4.0,2.0,16.0,50.31830065359478,5.0
0.0,16.0,2.0,20.0,0.9941176470588236,5.0
2.0,16.0,3.0,20.0,3.388235294117647,5.0
3.0,19.0,4.0,20.0,2.541176470588235,5.0
8.0,0.0,9.0,9.0,1.1294117647058823,5.0
9.0,0.0,10.0,3.0,0.0,5.0
9.0,3.0,10.0,17.0,1.5131652661064423,5.0
9.0,17.0,10.0,20.0,7.800000000000002,5.0
7.0,8.0,8.0,9.0,1.2705882352941176,5.0
