l_l_m,l_l_n,u_r_m,u_r_n,avg_sal,sal_state
2.0,0.0,8.0,2.0,1651.025816993464,2.0
2.0,2.0,8.0,9.0,2108.9905695611583,1.0
2.0,10.0,5.0,16.0,2285.8821350762532,1.0
2.0,9.0,5.0,10.0,1744.532026143791,2.0
6.0,9.0,8.0,15.0,1663.973202614379,2.0
5.0,9.0,6.0,16.0,1873.0084033613446,2.0
2.0,16.0,5.0,17.0,1146.2444444444445,2.0
1.0,17.0,3.0,20.0,1248.5294117647059,2.0
3.0,17.0,4.0,18.0,199.286274509804,2.0
8.0,0.0,10.0,3.0,640.2738562091503,4.0
8.0,3.0,10.0,17.0,509.9420168067226,4.0
8.0,17.0,10.0,20.0,1067.753594771242,4.0
3.0,19.0,7.0,20.0,347.34453781512605,4.0
7.0,16.0,8.0,20.0,107.29546568627451,4.0
1.0,1.0,2.0,3.0,508.90980392156877,4.0
1.0,3.0,2.0,15.0,675.8790849673204,4.0
1.0,15.0,2.0,17.0,1016.0647058823528,4.0
-0.0,15.0,1.0,20.0,722.1866666666666,4.0
6.0,15.0,8.0,16.0,257.321568627451,4.0
5.0,16.0,7.0,17.0,41.73725490196079,4.0
0.0,0.0,2.0,1.0,583.1928104575162,4.0
0.0,1.0,1.0,3.0,583.1928104575162,4.0
-0.0,3.0,1.0,15.0,10.16470588235294,5.0
4.0,17.0,7.0,19.0,4.356302521008403,5.0
3.0,18.0,4.0,19.0,2.541176470588235,5.0
