l_l_m,l_l_n,u_r_m,u_r_n,avg_sal,sal_state
2.0,0.0,8.0,1.0,1943.4267973856213,2.0
8.0,17.0,9.0,19.0,1030.6039215686274,2.0
2.0,19.0,8.0,20.0,1923.8124183006535,2.0
2.0,1.0,8.0,4.0,2264.801960784314,1.0
3.0,5.0,6.0,8.0,2484.653594771242,1.0
3.0,10.0,4.0,11.0,2471.4980392156867,1.0
2.0,12.0,3.0,17.0,1446.1686274509811,1.0
3.0,12.0,8.0,19.0,2244.0730532212892,1.0
2.0,4.0,3.0,12.0,1889.2955882352944,2.0
6.0,4.0,8.0,12.0,1850.374264705883,2.0
1.0,9.0,2.0,10.0,425.1607843137255,2.0
3.0,8.0,4.0,10.0,2334.182352941177,2.0
4.0,8.0,6.0,12.0,2216.1102941176473,2.0
3.0,4.0,6.0,5.0,2366.354248366013,2.0
3.0,11.0,4.0,12.0,2312.0392156862745,2.0
8.0,1.0,9.0,3.0,326.33137254901965,4.0
8.0,3.0,9.0,15.0,318.9477124183007,4.0
8.0,15.0,9.0,17.0,719.349019607843,4.0
9.0,15.0,10.0,20.0,24.26988235294117,4.0
8.0,19.0,9.0,20.0,74.8806100217865,4.0
0.0,0.0,1.0,3.0,223.3098039215686,5.0
0.0,3.0,1.0,17.0,184.3151260504201,5.0
0.0,17.0,1.0,20.0,65.60653594771243,5.0
1.0,0.0,2.0,9.0,5.08235294117647,5.0
1.0,10.0,2.0,20.0,5.08235294117647,5.0
2.0,17.0,3.0,19.0,3.388235294117647,5.0
8.0,0.0,9.0,1.0,1.1294117647058823,5.0
9.0,0.0,10.0,14.0,4.523809523809524,5.0
9.0,14.0,10.0,15.0,98.22352941176472,5.0
