l_l_m,l_l_n,u_r_m,u_r_n,avg_sal,sal_state
2.0,0.0,8.0,1.0,1671.2209150326798,2.0
2.0,2.0,8.0,3.0,1884.878431372549,2.0
8.0,8.0,9.0,10.0,475.36274509803917,2.0
2.0,1.0,8.0,2.0,2336.4464052287585,1.0
2.0,3.0,6.0,6.0,2211.3428104575173,1.0
2.0,6.0,6.0,14.0,2065.8401960784313,1.0
2.0,14.0,6.0,18.0,1998.0590686274509,1.0
7.0,3.0,8.0,15.0,1716.5937908496733,1.0
7.0,15.0,8.0,16.0,939.9490196078433,1.0
6.0,3.0,7.0,4.0,2236.576470588236,1.0
6.0,4.0,7.0,14.0,2390.5623529411764,1.0
6.0,14.0,7.0,15.0,1945.5725490196078,1.0
1.0,14.0,2.0,20.0,1010.7078431372548,2.0
2.0,18.0,4.0,20.0,1725.1254901960785,2.0
4.0,18.0,5.0,19.0,828.9058823529413,2.0
9.0,9.0,10.0,20.0,42.83693404634581,4.0
6.0,15.0,7.0,19.0,45.1984593837535,4.0
7.0,16.0,8.0,20.0,112.99375,4.0
8.0,10.0,9.0,20.0,94.97420479302832,4.0
0.0,0.0,1.0,14.0,239.1705882352941,4.0
0.0,14.0,1.0,15.0,334.95294117647063,4.0
1.0,0.0,2.0,1.0,852.8274509803923,4.0
1.0,1.0,2.0,13.0,478.62973856209146,4.0
1.0,13.0,2.0,14.0,825.7098039215688,4.0
8.0,0.0,9.0,8.0,74.48638344226579,4.0
9.0,0.0,10.0,3.0,39.264967320261434,4.0
4.0,19.0,7.0,20.0,277.41911764705884,4.0
0.0,15.0,1.0,20.0,613.8,4.0
9.0,3.0,10.0,9.0,1.016470588235294,5.0
5.0,18.0,6.0,19.0,1.6941176470588235,5.0
