l_l_m,l_l_n,u_r_m,u_r_n,avg_sal,sal_state
2.0,4.0,4.0,6.0,2107.667647058824,1.0
4.0,4.0,6.0,6.0,2372.801960784314,1.0
6.0,4.0,8.0,6.0,1973.7245098039216,1.0
2.0,2.0,4.0,4.0,1993.2970588235294,1.0
4.0,2.0,6.0,4.0,2589.257843137255,1.0
6.0,2.0,8.0,4.0,2394.462745098039,1.0
2.0,1.0,4.0,2.0,1163.5039215686274,1.0
4.0,1.0,6.0,2.0,1666.7941176470588,1.0
6.0,1.0,8.0,2.0,2064.570588235294,1.0
2.0,8.0,3.0,10.0,1899.0039215686277,1.0
3.0,8.0,5.0,10.0,2560.592156862745,1.0
5.0,8.0,7.0,10.0,2548.3186274509803,1.0
2.0,7.0,3.0,8.0,1716.9568627450979,1.0
3.0,7.0,5.0,8.0,2293.921568627451,1.0
5.0,7.0,7.0,8.0,2432.564705882353,1.0
2.0,13.0,3.0,15.0,2189.4098039215687,1.0
3.0,13.0,5.0,15.0,2503.145098039216,1.0
5.0,13.0,7.0,15.0,2503.833333333333,1.0
2.0,6.0,3.0,7.0,1756.0784313725492,2.0
3.0,6.0,5.0,7.0,2369.460784313725,2.0
5.0,6.0,7.0,7.0,2471.294117647059,2.0
7.0,6.0,8.0,9.0,1915.529411764706,2.0
7.0,9.0,8.0,13.0,1820.0539215686279,2.0
7.0,13.0,8.0,16.0,1051.2614379084966,2.0
1.0,15.0,3.0,17.0,1456.6509803921572,2.0
3.0,15.0,5.0,17.0,2034.0803921568631,2.0
5.0,15.0,7.0,17.0,1566.424509803922,2.0
2.0,10.0,3.0,12.0,1940.2470588235294,2.0
3.0,10.0,5.0,12.0,2492.222549019608,2.0
5.0,10.0,7.0,12.0,2416.949019607844,2.0
2.0,12.0,3.0,13.0,1877.592156862745,2.0
3.0,12.0,5.0,13.0,2436.917647058824,2.0
5.0,12.0,7.0,13.0,2507.927450980392,2.0
1.0,4.0,2.0,7.0,142.1281045751634,4.0
1.0,7.0,2.0,11.0,101.64117647058822,4.0
1.0,11.0,2.0,15.0,221.95,4.0
0.0,6.0,1.0,10.0,0.0,5.0
0.0,2.0,1.0,6.0,0.0,5.0
0.0,0.0,1.0,2.0,0.0,5.0
1.0,0.0,2.0,4.0,8.86176470588235,5.0
3.0,0.0,5.0,1.0,7.037254901960784,5.0
2.0,0.0,3.0,1.0,7.639215686274509,5.0
5.0,0.0,7.0,1.0,14.805882352941177,5.0
7.0,0.0,8.0,1.0,122.94901960784313,5.0
8.0,6.0,10.0,10.0,38.626470588235286,5.0
8.0,2.0,10.0,6.0,101.37598039215686,5.0
8.0,0.0,10.0,2.0,54.49901960784314,5.0
0.0,10.0,1.0,14.0,0.0,5.0
0.0,14.0,1.0,18.0,0.0,5.0
0.0,18.0,1.0,20.0,0.0,5.0
3.0,17.0,5.0,20.0,10.286928104575162,5.0
1.0,17.0,3.0,20.0,64.45490196078431,5.0
8.0,10.0,10.0,14.0,28.493627450980398,5.0
8.0,14.0,10.0,18.0,5.565686274509805,5.0
8.0,18.0,10.0,20.0,0.0,5.0
5.0,17.0,7.0,20.0,0.0,5.0
7.0,16.0,8.0,20.0,17.08627450980392,5.0
