l_l_m,l_l_n,u_r_m,u_r_n,avg_sal,sal_state
4.0,7.0,6.0,8.0,2410.537254901961,1.0
3.0,7.0,4.0,8.0,2404.027450980392,1.0
4.0,8.0,6.0,10.0,2576.5823529411764,1.0
3.0,8.0,4.0,10.0,2580.782352941176,1.0
4.0,10.0,6.0,12.0,2558.6196078431367,1.0
3.0,10.0,4.0,12.0,2571.7411764705885,1.0
2.0,5.0,3.0,7.0,1797.2686274509806,2.0
2.0,7.0,3.0,11.0,1938.0029411764706,2.0
2.0,11.0,3.0,13.0,1839.907843137255,2.0
3.0,6.0,5.0,7.0,1561.9411764705883,2.0
4.0,12.0,6.0,13.0,1945.0745098039213,2.0
3.0,12.0,4.0,13.0,2004.258823529412,2.0
6.0,7.0,7.0,8.0,2332.3372549019605,2.0
6.0,8.0,7.0,12.0,2452.3274509803923,2.0
6.0,12.0,7.0,13.0,2069.8196078431374,2.0
7.0,7.0,8.0,8.0,1775.686274509804,2.0
7.0,8.0,8.0,12.0,1811.3186274509806,2.0
7.0,12.0,8.0,14.0,1184.0176470588235,2.0
1.0,3.0,2.0,7.0,745.2696078431372,4.0
1.0,7.0,2.0,11.0,456.89215686274514,4.0
1.0,11.0,2.0,15.0,841.5362745098039,4.0
1.0,15.0,2.0,16.0,168.41568627450982,4.0
2.0,4.0,3.0,5.0,46.262745098039204,4.0
2.0,13.0,3.0,15.0,187.3261437908497,4.0
3.0,13.0,4.0,14.0,125.2,4.0
4.0,13.0,6.0,14.0,86.12941176470589,4.0
6.0,13.0,7.0,14.0,224.55686274509804,4.0
0.0,4.0,1.0,7.0,301.4692810457516,4.0
0.0,7.0,1.0,11.0,146.42941176470592,4.0
0.0,11.0,1.0,15.0,250.2333333333333,4.0
3.0,5.0,4.0,6.0,845.6,4.0
4.0,5.0,6.0,6.0,691.5568627450982,4.0
6.0,5.0,8.0,6.0,416.79803921568634,4.0
8.0,6.0,9.0,8.0,121.7392156862745,4.0
8.0,8.0,9.0,12.0,218.70294117647057,4.0
8.0,12.0,9.0,14.0,183.6529411764706,4.0
5.0,6.0,7.0,7.0,1140.3352941176472,4.0
7.0,6.0,8.0,7.0,943.0823529411766,4.0
0.0,0.0,1.0,4.0,0.0,5.0
3.0,3.0,5.0,5.0,0.017647058823529408,5.0
3.0,1.0,5.0,3.0,0.0,5.0
3.0,0.0,5.0,1.0,0.0,5.0
1.0,0.0,2.0,3.0,5.08235294117647,5.0
2.0,0.0,3.0,4.0,0.08039215686274509,5.0
5.0,1.0,7.0,5.0,0.0,5.0
7.0,1.0,8.0,5.0,0.0,5.0
5.0,0.0,7.0,1.0,0.0,5.0
7.0,0.0,8.0,1.0,0.0,5.0
9.0,6.0,10.0,10.0,0.0,5.0
9.0,2.0,10.0,6.0,0.0,5.0
9.0,0.0,10.0,2.0,0.0,5.0
8.0,2.0,9.0,6.0,0.0,5.0
8.0,0.0,9.0,2.0,0.0,5.0
3.0,14.0,5.0,16.0,0.0,5.0
3.0,16.0,5.0,18.0,0.0,5.0
3.0,18.0,5.0,20.0,0.0,5.0
0.0,15.0,1.0,19.0,0.0,5.0
0.0,19.0,1.0,20.0,0.0,5.0
1.0,16.0,2.0,20.0,0.0,5.0
2.0,15.0,3.0,19.0,0.28823529411764703,5.0
2.0,19.0,3.0,20.0,0.0,5.0
9.0,10.0,10.0,14.0,0.0,5.0
9.0,14.0,10.0,18.0,0.0,5.0
9.0,18.0,10.0,20.0,0.0,5.0
5.0,14.0,7.0,18.0,0.0,5.0
7.0,14.0,9.0,18.0,0.0,5.0
5.0,18.0,7.0,20.0,0.0,5.0
7.0,18.0,9.0,20.0,0.0,5.0
