l_l_m,l_l_n,u_r_m,u_r_n,avg_sal,sal_state
5.0,6.0,7.0,7.0,2528.8215686274507,1.0
4.0,9.0,6.0,11.0,2400.6598039215687,1.0
3.0,9.0,4.0,11.0,2368.547058823529,1.0
2.0,9.0,3.0,13.0,1582.899019607843,2.0
2.0,5.0,3.0,9.0,1779.4294117647055,2.0
2.0,1.0,3.0,5.0,1828.7098039215687,2.0
3.0,7.0,5.0,9.0,2511.5343137254904,2.0
3.0,5.0,5.0,7.0,2451.1343137254903,2.0
3.0,3.0,5.0,5.0,2323.7980392156865,2.0
3.0,2.0,5.0,3.0,2109.4666666666667,2.0
5.0,2.0,7.0,6.0,2162.072549019608,2.0
5.0,7.0,6.0,9.0,2477.8235294117653,2.0
6.0,7.0,7.0,8.0,2409.6745098039223,2.0
6.0,8.0,7.0,12.0,2286.092156862745,2.0
6.0,12.0,7.0,13.0,2376.6392156862744,2.0
4.0,11.0,6.0,13.0,2175.7009803921574,2.0
3.0,11.0,4.0,13.0,2148.6254901960783,2.0
1.0,16.0,2.0,19.0,370.8640522875817,2.0
2.0,13.0,4.0,15.0,2388.1401960784315,1.0
4.0,13.0,6.0,15.0,2495.2647058823527,1.0
6.0,13.0,8.0,15.0,1978.703921568628,1.0
2.0,15.0,4.0,17.0,2468.144117647059,1.0
4.0,15.0,6.0,17.0,2433.7568627450987,1.0
6.0,15.0,8.0,17.0,1690.906862745098,1.0
2.0,17.0,4.0,19.0,2411.7745098039222,1.0
4.0,17.0,6.0,19.0,2180.2401960784314,1.0
6.0,17.0,8.0,19.0,1376.2862745098041,1.0
7.0,3.0,8.0,6.0,1345.729411764706,2.0
7.0,6.0,8.0,10.0,1665.0264705882353,2.0
7.0,10.0,8.0,13.0,2028.8078431372548,2.0
1.0,2.0,2.0,6.0,237.70882352941175,4.0
1.0,1.0,2.0,2.0,57.784313725490186,4.0
1.0,6.0,2.0,10.0,289.19215686274515,4.0
1.0,10.0,2.0,14.0,220.79901960784318,4.0
1.0,14.0,2.0,16.0,165.62156862745096,4.0
8.0,4.0,9.0,7.0,158.9333333333333,4.0
8.0,7.0,9.0,11.0,221.83039215686284,4.0
8.0,11.0,9.0,14.0,96.97124183006537,4.0
3.0,1.0,4.0,2.0,191.33333333333337,4.0
4.0,1.0,6.0,2.0,133.21372549019608,4.0
6.0,1.0,7.0,2.0,95.53333333333332,4.0
7.0,1.0,8.0,3.0,41.3125,4.0
0.0,6.0,1.0,10.0,10.405882352941175,5.0
0.0,2.0,1.0,6.0,0.023529411764705882,5.0
0.0,0.0,1.0,2.0,0.0,5.0
3.0,0.0,5.0,1.0,0.0,5.0
1.0,0.0,3.0,1.0,0.0,5.0
5.0,0.0,7.0,1.0,0.0,5.0
7.0,0.0,8.0,1.0,0.0,5.0
9.0,6.0,10.0,10.0,0.0,5.0
9.0,2.0,10.0,6.0,0.0,5.0
9.0,0.0,10.0,2.0,0.0,5.0
8.0,0.0,9.0,4.0,6.4794117647058815,5.0
0.0,10.0,1.0,14.0,1.2392156862745098,5.0
0.0,14.0,1.0,18.0,0.0,5.0
0.0,18.0,1.0,20.0,0.0,5.0
3.0,19.0,5.0,20.0,25.645098039215693,5.0
1.0,19.0,3.0,20.0,71.98431372549021,5.0
9.0,10.0,10.0,14.0,0.0,5.0
9.0,14.0,10.0,18.0,0.0,5.0
9.0,18.0,10.0,20.0,0.0,5.0
5.0,19.0,7.0,20.0,0.6470588235294118,5.0
7.0,19.0,8.0,20.0,0.0,5.0
8.0,14.0,9.0,18.0,3.0254901960784317,5.0
8.0,18.0,9.0,20.0,0.0,5.0
