l_l_m,l_l_n,u_r_m,u_r_n,avg_sal,sal_state
3.0,8.0,4.0,9.0,2558.964705882353,1.0
4.0,8.0,6.0,9.0,2570.7294117647057,1.0
6.0,8.0,7.0,9.0,2520.545098039216,1.0
3.0,9.0,4.0,11.0,2570.6627450980395,1.0
4.0,9.0,6.0,11.0,2584.3764705882354,1.0
6.0,9.0,7.0,11.0,2557.166666666667,1.0
3.0,11.0,4.0,13.0,2476.0823529411764,1.0
4.0,11.0,6.0,13.0,2472.7205882352946,1.0
6.0,11.0,7.0,13.0,2414.717647058824,1.0
2.0,6.0,3.0,8.0,1439.0411764705884,2.0
2.0,8.0,3.0,12.0,1935.9843137254904,2.0
2.0,12.0,3.0,14.0,1853.2509803921566,2.0
3.0,7.0,4.0,8.0,2314.721568627451,2.0
4.0,7.0,6.0,8.0,2263.7627450980394,2.0
6.0,7.0,7.0,8.0,2214.035294117647,2.0
7.0,7.0,8.0,8.0,1713.3529411764707,2.0
7.0,8.0,8.0,12.0,1676.9460784313724,2.0
7.0,12.0,8.0,13.0,1643.0156862745098,2.0
3.0,13.0,4.0,14.0,1180.207843137255,2.0
3.0,6.0,4.0,7.0,365.1058823529412,4.0
4.0,6.0,6.0,7.0,269.42941176470595,4.0
6.0,6.0,8.0,7.0,316.3549019607844,4.0
8.0,6.0,9.0,8.0,84.46862745098039,4.0
8.0,8.0,9.0,12.0,135.45490196078433,4.0
8.0,12.0,9.0,14.0,111.94509803921568,4.0
7.0,14.0,8.0,15.0,2.039705882352941,4.0
4.0,13.0,5.0,14.0,616.843137254902,4.0
5.0,13.0,7.0,14.0,512.3725490196078,4.0
7.0,13.0,8.0,14.0,628.913725490196,4.0
1.0,6.0,2.0,8.0,200.77058823529413,4.0
1.0,8.0,2.0,12.0,271.44411764705893,4.0
1.0,12.0,2.0,15.0,294.37908496732035,4.0
2.0,14.0,4.0,15.0,123.51568627450979,4.0
0.0,6.0,1.0,10.0,0.0,5.0
0.0,2.0,1.0,6.0,0.0,5.0
0.0,0.0,1.0,2.0,0.0,5.0
3.0,2.0,5.0,6.0,0.0,5.0
1.0,2.0,3.0,6.0,0.0,5.0
3.0,0.0,5.0,2.0,0.0,5.0
1.0,0.0,3.0,2.0,0.0,5.0
5.0,2.0,7.0,6.0,0.0,5.0
7.0,2.0,9.0,6.0,0.0,5.0
5.0,0.0,7.0,2.0,0.0,5.0
7.0,0.0,9.0,2.0,0.0,5.0
9.0,6.0,10.0,10.0,0.0,5.0
9.0,2.0,10.0,6.0,0.0,5.0
9.0,0.0,10.0,2.0,0.0,5.0
0.0,10.0,1.0,14.0,0.0,5.0
0.0,14.0,1.0,18.0,0.0,5.0
0.0,18.0,1.0,20.0,0.0,5.0
2.0,15.0,4.0,19.0,0.0,5.0
1.0,15.0,2.0,19.0,0.0,5.0
2.0,19.0,4.0,20.0,0.0,5.0
1.0,19.0,2.0,20.0,0.0,5.0
4.0,14.0,5.0,16.0,0.2392156862745098,5.0
4.0,16.0,5.0,18.0,0.0,5.0
4.0,18.0,5.0,20.0,0.0,5.0
9.0,10.0,10.0,14.0,0.0,5.0
9.0,14.0,10.0,18.0,0.0,5.0
9.0,18.0,10.0,20.0,0.0,5.0
5.0,14.0,7.0,18.0,0.014705882352941175,5.0
5.0,18.0,7.0,20.0,0.0,5.0
7.0,15.0,8.0,19.0,0.0,5.0
7.0,19.0,8.0,20.0,0.0,5.0
8.0,14.0,9.0,18.0,1.015686274509804,5.0
8.0,18.0,9.0,20.0,0.0,5.0
