l_l_m,l_l_n,u_r_m,u_r_n,avg_sal,sal_state
2.0,4.0,3.0,6.0,1861.378431372549,2.0
2.0,6.0,3.0,12.0,2147.485620915033,2.0
2.0,12.0,3.0,15.0,1921.1372549019611,2.0
3.0,5.0,7.0,7.0,1965.8598039215685,2.0
3.0,7.0,7.0,11.0,2401.7129901960784,2.0
3.0,11.0,7.0,14.0,2200.353921568628,2.0
7.0,6.0,8.0,7.0,1070.5960784313725,2.0
7.0,7.0,8.0,13.0,1514.0934640522876,2.0
7.0,13.0,8.0,14.0,1467.9019607843134,2.0
2.0,15.0,3.0,19.0,1531.464705882353,1.0
3.0,15.0,7.0,19.0,2589.815931372549,1.0
7.0,15.0,8.0,19.0,2459.9852941176473,1.0
2.0,19.0,3.0,20.0,546.1294117647059,1.0
3.0,19.0,7.0,20.0,1346.0539215686274,1.0
7.0,19.0,8.0,20.0,1689.0039215686277,1.0
3.0,14.0,7.0,15.0,1842.695098039216,2.0
7.0,14.0,8.0,15.0,1650.9254901960785,2.0
0.0,0.0,1.0,6.0,405.5640522875817,4.0
0.0,6.0,1.0,14.0,169.77499999999995,4.0
0.0,14.0,1.0,20.0,511.03660130718964,4.0
1.0,2.0,2.0,7.0,699.4470588235292,4.0
1.0,7.0,2.0,13.0,439.28431372549016,4.0
1.0,13.0,2.0,18.0,665.5176470588236,4.0
2.0,3.0,6.0,4.0,360.0294117647058,4.0
6.0,3.0,7.0,4.0,66.01176470588236,4.0
7.0,4.0,8.0,6.0,62.45367647058824,4.0
3.0,4.0,7.0,5.0,877.7627450980392,4.0
1.0,0.0,2.0,2.0,5.08235294117647,5.0
8.0,0.0,10.0,6.0,0.11862745098039215,5.0
8.0,6.0,10.0,14.0,9.469117647058821,5.0
8.0,14.0,10.0,20.0,69.86895424836601,5.0
2.0,0.0,6.0,3.0,0.6486928104575164,5.0
6.0,0.0,7.0,3.0,0.0,5.0
7.0,0.0,8.0,4.0,1.2705882352941176,5.0
1.0,18.0,2.0,20.0,5.08235294117647,5.0
