l_l_m,l_l_n,u_r_m,u_r_n,avg_sal,sal_state
2.0,6.0,3.0,8.0,1631.6196078431371,1.0
3.0,6.0,7.0,8.0,2003.5480392156867,1.0
7.0,6.0,8.0,8.0,1950.8215686274511,1.0
2.0,8.0,3.0,12.0,1727.2892156862745,1.0
3.0,8.0,7.0,12.0,2423.9392156862746,1.0
7.0,8.0,8.0,12.0,1773.8460784313725,1.0
2.0,12.0,3.0,14.0,1917.4313725490201,1.0
3.0,12.0,7.0,14.0,2299.0014705882354,1.0
7.0,12.0,8.0,14.0,1779.6098039215685,1.0
7.0,3.0,8.0,6.0,1670.4313725490194,2.0
5.0,5.0,6.0,6.0,1307.4313725490194,2.0
6.0,4.0,7.0,6.0,1311.9058823529413,2.0
2.0,14.0,4.0,17.0,1455.607189542484,2.0
4.0,14.0,5.0,16.0,2097.105882352941,2.0
5.0,14.0,7.0,16.0,2039.8411764705884,2.0
7.0,14.0,8.0,16.0,1719.2137254901959,2.0
8.0,16.0,9.0,20.0,1484.1029411764707,2.0
7.0,16.0,8.0,17.0,670.0039215686274,2.0
1.0,18.0,2.0,20.0,233.30196078431374,2.0
2.0,18.0,3.0,20.0,2087.745098039216,1.0
3.0,18.0,7.0,20.0,1767.912254901961,1.0
7.0,18.0,8.0,20.0,821.9803921568628,1.0
1.0,0.0,2.0,5.0,228.86980392156863,4.0
1.0,5.0,2.0,11.0,371.08300653594773,4.0
1.0,11.0,2.0,17.0,267.1124183006536,4.0
9.0,0.0,10.0,6.0,470.7529411764705,4.0
9.0,6.0,10.0,14.0,132.88039215686274,4.0
9.0,14.0,10.0,20.0,497.0771241830066,4.0
7.0,0.0,8.0,3.0,152.15620915032682,4.0
8.0,0.0,9.0,5.0,878.0925490196076,4.0
8.0,5.0,9.0,11.0,512.9084967320263,4.0
8.0,11.0,9.0,16.0,464.40392156862737,4.0
6.0,0.0,7.0,4.0,188.45938375350136,4.0
5.0,1.0,6.0,5.0,1134.2745098039218,4.0
5.0,0.0,6.0,1.0,1407.1764705882351,4.0
3.0,0.0,5.0,6.0,1269.782026143791,4.0
2.0,0.0,3.0,6.0,1305.530065359477,4.0
0.0,2.0,1.0,10.0,1.8171568627450985,5.0
0.0,0.0,1.0,2.0,0.0,5.0
0.0,10.0,1.0,18.0,1.6627450980392158,5.0
0.0,18.0,1.0,20.0,0.0,5.0
2.0,17.0,4.0,18.0,3.698039215686274,5.0
1.0,17.0,2.0,18.0,1.4392156862745098,5.0
4.0,16.0,5.0,18.0,2.032941176470588,5.0
5.0,16.0,7.0,18.0,67.98039215686272,5.0
7.0,17.0,8.0,18.0,1.2705882352941176,5.0
