l_l_m,l_l_n,u_r_m,u_r_n,avg_sal,sal_state
4.0,4.0,5.0,5.0,1431.8117647058825,1.0
5.0,4.0,7.0,7.0,2314.263398692811,1.0
7.0,4.0,8.0,7.0,1839.41568627451,1.0
5.0,7.0,7.0,13.0,2445.5385620915035,1.0
7.0,7.0,8.0,13.0,1783.4477124183004,1.0
5.0,13.0,7.0,17.0,2205.1093137254907,1.0
7.0,13.0,8.0,17.0,2038.1127450980396,1.0
2.0,5.0,3.0,7.0,1513.6,1.0
2.0,7.0,3.0,13.0,1770.3601307189545,1.0
2.0,13.0,3.0,16.0,1493.911111111111,1.0
3.0,6.0,5.0,9.0,2153.424183006536,1.0
3.0,9.0,5.0,13.0,2487.975000000001,1.0
3.0,13.0,5.0,17.0,1999.658333333333,1.0
7.0,1.0,8.0,4.0,1674.0784313725492,2.0
5.0,3.0,6.0,4.0,1668.7529411764706,2.0
6.0,2.0,7.0,4.0,1857.2823529411764,2.0
8.0,16.0,9.0,18.0,400.3156862745098,2.0
7.0,17.0,8.0,18.0,321.89019607843136,2.0
7.0,0.0,8.0,1.0,81.77156862745097,4.0
9.0,0.0,10.0,7.0,50.383977591036434,4.0
8.0,0.0,9.0,5.0,956.4447058823532,4.0
8.0,5.0,9.0,11.0,514.6954248366013,4.0
8.0,11.0,9.0,16.0,446.83137254901965,4.0
2.0,1.0,4.0,5.0,829.2063725490198,4.0
4.0,1.0,5.0,4.0,192.45411764705884,4.0
3.0,5.0,5.0,6.0,491.10823529411766,4.0
6.0,1.0,7.0,2.0,59.39775910364146,4.0
5.0,1.0,6.0,3.0,138.5137254901961,4.0
9.0,15.0,10.0,20.0,65.16462745098039,4.0
7.0,18.0,9.0,20.0,644.6813725490198,4.0
1.0,5.0,2.0,7.0,526.0980392156863,4.0
1.0,7.0,2.0,13.0,462.197385620915,4.0
1.0,13.0,2.0,16.0,177.00261437908497,4.0
0.0,0.0,1.0,6.0,0.0,5.0
0.0,6.0,1.0,14.0,5.073529411764706,5.0
0.0,14.0,1.0,20.0,0.0,5.0
1.0,0.0,2.0,5.0,5.08235294117647,5.0
1.0,16.0,3.0,20.0,21.845588235294123,5.0
3.0,17.0,7.0,20.0,6.811437908496733,5.0
2.0,0.0,6.0,1.0,0.0,5.0
6.0,0.0,7.0,1.0,0.0,5.0
9.0,7.0,10.0,15.0,160.21862745098042,5.0
