l_l_m,l_l_n,u_r_m,u_r_n,avg_sal,sal_state
1.0,0.0,2.0,2.0,494.01176470588234,2.0
2.0,3.0,3.0,5.0,1863.3039215686276,1.0
3.0,3.0,5.0,5.0,2452.063725490196,1.0
5.0,3.0,7.0,5.0,2496.228431372549,1.0
2.0,1.0,3.0,3.0,2115.6803921568626,1.0
3.0,1.0,5.0,3.0,2412.997058823529,1.0
5.0,1.0,7.0,3.0,2381.7352941176473,1.0
2.0,0.0,3.0,1.0,2510.839215686275,1.0
3.0,0.0,5.0,1.0,2435.064705882353,1.0
5.0,0.0,7.0,1.0,2008.3529411764707,1.0
4.0,9.0,6.0,11.0,2525.777450980392,1.0
3.0,9.0,4.0,11.0,2497.166666666667,1.0
5.0,13.0,7.0,14.0,2422.135294117647,1.0
7.0,1.0,8.0,5.0,1343.9460784313726,2.0
7.0,0.0,8.0,1.0,699.1764705882354,2.0
7.0,5.0,8.0,9.0,1954.093137254902,2.0
7.0,9.0,8.0,13.0,1765.3813725490195,2.0
7.0,13.0,8.0,14.0,1287.254901960784,2.0
2.0,5.0,3.0,8.0,1538.4196078431369,2.0
2.0,8.0,3.0,12.0,1791.422549019608,2.0
2.0,12.0,3.0,16.0,1824.345098039216,2.0
6.0,5.0,7.0,7.0,2280.5588235294117,2.0
6.0,7.0,7.0,11.0,2459.105882352941,2.0
6.0,11.0,7.0,13.0,2385.296078431373,2.0
3.0,11.0,5.0,13.0,2437.035294117647,2.0
3.0,13.0,5.0,15.0,2229.9264705882347,2.0
5.0,11.0,6.0,13.0,2482.6470588235293,2.0
4.0,7.0,6.0,9.0,2458.351960784314,2.0
3.0,7.0,4.0,9.0,2438.905882352941,2.0
4.0,5.0,6.0,7.0,2244.4372549019613,2.0
3.0,5.0,4.0,7.0,2192.1470588235293,2.0
5.0,14.0,7.0,15.0,1351.4137254901962,2.0
1.0,18.0,2.0,20.0,363.30980392156863,2.0
2.0,16.0,4.0,18.0,2280.859803921569,1.0
4.0,16.0,6.0,18.0,2067.8794117647053,1.0
6.0,16.0,8.0,18.0,1372.027450980392,1.0
2.0,18.0,4.0,20.0,2326.2892156862745,1.0
4.0,18.0,6.0,20.0,2265.3529411764707,1.0
6.0,18.0,8.0,20.0,1616.4294117647062,1.0
1.0,4.0,2.0,8.0,158.79999999999995,4.0
1.0,2.0,2.0,4.0,297.0529411764705,4.0
1.0,8.0,2.0,12.0,204.53039215686272,4.0
1.0,12.0,2.0,16.0,372.8421568627451,4.0
1.0,16.0,2.0,18.0,162.98431372549018,4.0
8.0,1.0,9.0,5.0,56.37647058823529,4.0
8.0,5.0,9.0,9.0,148.3637254901961,4.0
8.0,9.0,9.0,13.0,106.27058823529413,4.0
8.0,13.0,9.0,14.0,28.84313725490196,4.0
7.0,14.0,8.0,16.0,26.700490196078434,4.0
3.0,15.0,4.0,16.0,168.1372549019608,4.0
4.0,15.0,6.0,16.0,91.76666666666668,4.0
6.0,15.0,7.0,16.0,53.61960784313725,4.0
8.0,0.0,9.0,1.0,1.1294117647058823,5.0
9.0,4.0,10.0,8.0,0.0,5.0
9.0,0.0,10.0,4.0,0.0,5.0
9.0,8.0,10.0,12.0,0.0,5.0
9.0,12.0,10.0,16.0,0.0,5.0
9.0,16.0,10.0,20.0,0.0,5.0
8.0,14.0,9.0,18.0,0.0,5.0
8.0,18.0,9.0,20.0,0.0,5.0
0.0,4.0,1.0,8.0,0.0,5.0
0.0,0.0,1.0,4.0,0.0,5.0
0.0,8.0,1.0,12.0,4.566666666666666,5.0
0.0,12.0,1.0,16.0,7.654901960784312,5.0
0.0,16.0,1.0,20.0,0.0,5.0
