l_l_m,l_l_n,u_r_m,u_r_n,avg_sal,sal_state
8.0,10.0,9.0,11.0,693.3098039215686,2.0
1.0,12.0,2.0,13.0,537.9529411764706,2.0
2.0,5.0,8.0,13.0,1986.2508986928103,1.0
2.0,2.0,8.0,5.0,1781.5516339869282,1.0
8.0,12.0,9.0,14.0,908.5352941176468,2.0
7.0,13.0,8.0,14.0,630.4862745098038,2.0
1.0,0.0,2.0,4.0,1060.236274509804,2.0
8.0,1.0,9.0,8.0,858.5288515406163,2.0
2.0,0.0,8.0,2.0,1322.6160130718954,2.0
2.0,17.0,3.0,18.0,2094.3568627450973,1.0
5.0,19.0,7.0,20.0,1926.5470588235294,1.0
1.0,13.0,2.0,20.0,1187.363025210084,2.0
2.0,14.0,3.0,17.0,1531.2862745098041,2.0
3.0,15.0,5.0,20.0,1604.488235294118,2.0
5.0,16.0,7.0,19.0,1522.8797385620915,2.0
7.0,18.0,8.0,20.0,588.9333333333334,2.0
2.0,18.0,3.0,20.0,1782.4137254901962,2.0
8.0,0.0,9.0,1.0,77.06928104575164,4.0
9.0,0.0,10.0,11.0,43.20998217468807,4.0
8.0,8.0,9.0,10.0,101.00108932461872,4.0
0.0,0.0,1.0,7.0,284.57310924369744,4.0
1.0,4.0,2.0,12.0,326.814705882353,4.0
8.0,11.0,9.0,12.0,1.1294117647058823,5.0
9.0,11.0,10.0,20.0,1.0164705882352942,5.0
3.0,14.0,5.0,15.0,4.065882352941176,5.0
5.0,14.0,7.0,16.0,2.9042016806722684,5.0
2.0,13.0,7.0,14.0,7.260504201680673,5.0
7.0,14.0,8.0,18.0,1.2705882352941176,5.0
8.0,14.0,9.0,20.0,1.1294117647058823,5.0
-0.0,7.0,1.0,20.0,10.16470588235294,5.0
