l_l_m,l_l_n,u_r_m,u_r_n,avg_sal,sal_state
1.0,9.0,2.0,13.0,799.7754901960785,2.0
7.0,2.0,8.0,4.0,2078.3941176470585,1.0
7.0,4.0,8.0,16.0,1747.3581699346405,1.0
7.0,16.0,8.0,18.0,1917.6607843137253,1.0
2.0,4.0,3.0,16.0,1501.5045751633988,1.0
2.0,16.0,3.0,17.0,953.807843137255,1.0
3.0,3.0,7.0,6.0,2065.7392156862747,1.0
3.0,6.0,7.0,14.0,2203.3955882352952,1.0
3.0,14.0,7.0,17.0,2038.8212418300652,1.0
3.0,0.0,7.0,3.0,1490.5718954248364,2.0
8.0,0.0,9.0,10.0,1082.0290196078427,2.0
7.0,0.0,8.0,2.0,1725.343137254902,2.0
8.0,13.0,9.0,20.0,1073.4140056022406,2.0
3.0,17.0,7.0,20.0,1199.775816993464,2.0
7.0,18.0,8.0,20.0,1476.4392156862743,2.0
1.0,13.0,2.0,20.0,341.6803921568627,4.0
2.0,17.0,3.0,20.0,250.6788671023965,4.0
-0.0,14.0,1.0,20.0,250.2503267973856,4.0
0.0,0.0,2.0,5.0,513.8956862745098,4.0
2.0,0.0,3.0,4.0,268.5957516339869,4.0
-0.0,7.0,1.0,11.0,272.0823529411765,4.0
8.0,10.0,9.0,13.0,88.57748729121279,4.0
9.0,0.0,10.0,9.0,34.228235294117646,4.0
1.0,5.0,2.0,9.0,315.84274509803925,4.0
9.0,9.0,10.0,20.0,1.016470588235294,5.0
-0.0,11.0,1.0,14.0,10.16470588235294,5.0
-0.0,5.0,1.0,7.0,10.16470588235294,5.0
