l_l_m,l_l_n,u_r_m,u_r_n,avg_sal,sal_state
2.0,7.0,8.0,9.0,1960.395098039216,1.0
2.0,9.0,8.0,17.0,2055.694117647058,1.0
2.0,17.0,8.0,19.0,1500.4490196078434,1.0
2.0,2.0,5.0,3.0,261.2954248366013,2.0
1.0,3.0,2.0,14.0,793.3016042780748,2.0
2.0,3.0,8.0,7.0,1265.7674836601307,2.0
8.0,13.0,9.0,20.0,990.192156862745,2.0
1.0,18.0,2.0,20.0,357.27450980392166,2.0
2.0,19.0,8.0,20.0,1950.8026143790853,2.0
1.0,0.0,4.0,2.0,848.9274509803921,2.0
4.0,0.0,8.0,1.0,1355.9137254901962,2.0
9.0,0.0,10.0,3.0,574.3843137254903,4.0
9.0,3.0,10.0,17.0,378.0820728291316,4.0
9.0,17.0,10.0,20.0,530.6980392156862,4.0
7.0,1.0,8.0,3.0,8.398039215686277,4.0
8.0,1.0,9.0,13.0,767.2186274509804,4.0
0.0,0.0,1.0,2.0,231.66666666666669,4.0
0.0,2.0,1.0,16.0,302.3509803921569,4.0
0.0,16.0,1.0,18.0,193.50392156862745,4.0
1.0,2.0,2.0,3.0,25.176470588235286,4.0
1.0,14.0,2.0,18.0,266.56225490196084,4.0
4.0,1.0,5.0,2.0,2.032941176470588,5.0
5.0,1.0,7.0,3.0,2.9042016806722684,5.0
-0.0,18.0,1.0,20.0,10.16470588235294,5.0
8.0,0.0,9.0,1.0,1.1294117647058823,5.0
