l_l_m,l_l_n,u_r_m,u_r_n,avg_sal,sal_state
7.0,0.0,8.0,3.0,987.696732026144,2.0
7.0,3.0,8.0,15.0,1821.6271241830066,2.0
7.0,15.0,8.0,18.0,1536.7960784313727,2.0
8.0,0.0,9.0,3.0,721.6522875816994,2.0
8.0,5.0,9.0,11.0,817.4816993464052,2.0
8.0,14.0,9.0,15.0,904.1176470588234,2.0
1.0,2.0,2.0,4.0,410.8725490196079,2.0
2.0,2.0,7.0,6.0,2146.0886274509803,2.0
2.0,6.0,7.0,14.0,2042.8242156862748,2.0
2.0,14.0,7.0,18.0,2218.437647058824,2.0
4.0,1.0,7.0,2.0,749.7581699346405,2.0
1.0,18.0,3.0,19.0,1082.4857843137256,2.0
1.0,19.0,2.0,20.0,1621.8745098039215,2.0
2.0,19.0,8.0,20.0,507.8392156862745,2.0
8.0,19.0,9.0,20.0,563.9921568627451,2.0
7.0,18.0,9.0,19.0,1082.4857843137256,2.0
3.0,18.0,7.0,19.0,2229.093725490196,1.0
2.0,1.0,3.0,2.0,1431.9088811995389,2.0
1.0,4.0,2.0,5.0,374.90196078431376,4.0
1.0,5.0,2.0,17.0,330.3346405228759,4.0
1.0,17.0,2.0,18.0,541.7490196078431,4.0
-0.0,14.0,1.0,20.0,103.11372549019607,4.0
8.0,3.0,9.0,5.0,61.39738562091504,4.0
9.0,3.0,10.0,16.0,13.469321266968324,4.0
8.0,15.0,9.0,18.0,52.67596223674655,4.0
8.0,11.0,9.0,14.0,66.58547567175019,4.0
1.0,0.0,2.0,2.0,320.5588235294117,4.0
3.0,0.0,4.0,2.0,103.39950980392156,4.0
2.0,0.0,3.0,1.0,138.46797385620914,4.0
0.0,0.0,1.0,14.0,3.673389355742297,5.0
9.0,16.0,10.0,20.0,1.016470588235294,5.0
9.0,0.0,10.0,3.0,1.016470588235294,5.0
4.0,0.0,7.0,1.0,4.356302521008403,5.0
