l_l_m,l_l_n,u_r_m,u_r_n,avg_sal,sal_state
8.0,5.0,9.0,6.0,687.0156862745098,2.0
8.0,6.0,9.0,18.0,727.4444444444442,2.0
8.0,18.0,9.0,20.0,1162.4745098039216,2.0
1.0,9.0,2.0,10.0,531.4392156862745,2.0
1.0,13.0,2.0,20.0,1057.667787114846,2.0
2.0,3.0,8.0,7.0,1973.29068627451,1.0
2.0,7.0,8.0,15.0,2051.2191176470583,1.0
2.0,15.0,8.0,20.0,1750.5177777777776,1.0
1.0,0.0,2.0,7.0,699.6039215686276,2.0
8.0,1.0,9.0,4.0,983.4562091503267,2.0
2.0,0.0,8.0,3.0,1602.2416122004354,2.0
8.0,0.0,9.0,1.0,90.98605664488018,4.0
9.0,0.0,10.0,3.0,283.47973856209154,4.0
9.0,3.0,10.0,17.0,292.9834733893557,4.0
9.0,17.0,10.0,20.0,406.0771241830066,4.0
8.0,4.0,9.0,5.0,80.44662309368192,4.0
0.0,0.0,1.0,3.0,315.0143790849673,4.0
0.0,3.0,1.0,17.0,196.0470588235294,4.0
0.0,17.0,1.0,20.0,379.8771241830066,4.0
1.0,7.0,2.0,9.0,247.89215686274508,4.0
1.0,10.0,2.0,13.0,314.2385620915033,4.0
