l_l_m,l_l_n,u_r_m,u_r_n,avg_sal,sal_state
8.0,0.0,9.0,3.0,762.6549019607843,2.0
1.0,2.0,2.0,13.0,765.617468805704,2.0
2.0,0.0,7.0,3.0,1998.4091503267975,1.0
2.0,3.0,7.0,11.0,2116.936274509804,1.0
2.0,11.0,7.0,14.0,1798.9213071895426,1.0
7.0,1.0,8.0,13.0,1451.798039215686,1.0
7.0,0.0,8.0,1.0,2222.4980392156867,1.0
3.0,16.0,5.0,18.0,2183.644117647059,1.0
5.0,16.0,8.0,20.0,2204.3686274509805,1.0
8.0,12.0,9.0,20.0,913.7588235294119,2.0
3.0,18.0,5.0,20.0,2000.3392156862744,2.0
2.0,15.0,3.0,19.0,842.0009803921569,2.0
3.0,14.0,7.0,16.0,1545.906862745098,2.0
7.0,13.0,8.0,16.0,1609.3784313725491,2.0
0.0,0.0,1.0,3.0,417.48627450980393,4.0
0.0,3.0,1.0,17.0,360.349299719888,4.0
0.0,17.0,1.0,20.0,220.17516339869283,4.0
1.0,0.0,2.0,2.0,407.83921568627454,4.0
1.0,13.0,2.0,20.0,243.73585434173668,4.0
2.0,14.0,3.0,15.0,286.68366013071886,4.0
2.0,19.0,3.0,20.0,326.159477124183,4.0
9.0,0.0,10.0,1.0,131.5529411764706,4.0
9.0,1.0,10.0,15.0,203.36918767507,4.0
9.0,15.0,10.0,17.0,151.41960784313727,4.0
8.0,3.0,9.0,12.0,86.18900992495766,4.0
9.0,17.0,10.0,20.0,1.016470588235294,5.0
