l_l_m,l_l_n,u_r_m,u_r_n,avg_sal,sal_state
3.0,1.0,6.0,7.0,2147.0335511982576,1.0
4.0,8.0,7.0,13.0,2135.894379084968,1.0
1.0,0.0,3.0,1.0,1287.686274509804,2.0
1.0,1.0,3.0,13.0,1405.1560457516339,2.0
1.0,13.0,3.0,14.0,941.0882352941176,2.0
3.0,0.0,4.0,1.0,1591.8509803921563,2.0
4.0,0.0,8.0,1.0,1855.872549019608,2.0
8.0,0.0,9.0,1.0,639.6,2.0
8.0,3.0,9.0,8.0,723.2564705882353,2.0
8.0,11.0,9.0,12.0,566.7058823529413,2.0
6.0,1.0,7.0,8.0,1721.6806722689075,2.0
7.0,1.0,8.0,13.0,1196.8254901960786,2.0
4.0,7.0,6.0,8.0,1673.5,2.0
8.0,19.0,9.0,20.0,434.8941176470588,2.0
3.0,15.0,8.0,20.0,2167.3383529411763,1.0
8.0,12.0,9.0,18.0,1009.1581699346408,2.0
1.0,14.0,2.0,19.0,531.1474509803923,2.0
2.0,14.0,3.0,20.0,1289.6627450980388,2.0
3.0,13.0,7.0,15.0,1361.9450980392155,2.0
7.0,13.0,8.0,15.0,1375.36339869281,2.0
3.0,7.0,4.0,13.0,1892.0761904761907,2.0
9.0,0.0,10.0,2.0,284.3392156862745,4.0
9.0,2.0,10.0,16.0,300.1994397759104,4.0
9.0,16.0,10.0,19.0,264.7751633986928,4.0
8.0,8.0,9.0,11.0,72.5202614379085,4.0
8.0,1.0,9.0,3.0,83.38235294117648,4.0
0.0,0.0,1.0,3.0,260.82222222222225,4.0
0.0,3.0,1.0,17.0,330.18851540616237,4.0
0.0,17.0,1.0,20.0,209.48366013071896,4.0
1.0,19.0,2.0,20.0,261.51372549019607,4.0
9.0,19.0,10.0,20.0,1.016470588235294,5.0
8.0,18.0,9.0,19.0,1.1294117647058823,5.0
