l_l_m,l_l_n,u_r_m,u_r_n,avg_sal,sal_state
8.0,5.0,9.0,11.0,847.8209150326797,2.0
4.0,0.0,7.0,1.0,1833.1163398692806,1.0
3.0,5.0,8.0,13.0,2107.168137254902,1.0
3.0,2.0,8.0,5.0,1890.7785620915035,1.0
1.0,0.0,2.0,4.0,1050.1803921568628,2.0
8.0,1.0,9.0,4.0,1079.1477124183002,2.0
8.0,12.0,9.0,16.0,916.5460784313724,2.0
2.0,0.0,3.0,1.0,1641.1764705882351,2.0
2.0,1.0,3.0,13.0,1525.55,2.0
2.0,13.0,3.0,14.0,1113.486274509804,2.0
2.0,15.0,3.0,19.0,2014.4519607843133,1.0
5.0,19.0,7.0,20.0,2189.176470588236,1.0
1.0,14.0,2.0,20.0,987.0091503267972,2.0
2.0,14.0,3.0,15.0,684.8156862745097,2.0
3.0,15.0,5.0,19.0,1590.8299019607846,2.0
5.0,16.0,7.0,19.0,1735.9372549019608,2.0
2.0,19.0,5.0,20.0,1880.9464052287585,2.0
5.0,15.0,8.0,16.0,165.44411764705882,4.0
7.0,16.0,9.0,20.0,169.21840958605662,4.0
0.0,0.0,1.0,1.0,254.478431372549,4.0
0.0,1.0,1.0,15.0,247.018487394958,4.0
0.0,15.0,1.0,16.0,326.74117647058824,4.0
1.0,4.0,2.0,14.0,343.3625490196078,4.0
3.0,0.0,8.0,2.0,500.4566176470588,4.0
8.0,0.0,9.0,1.0,79.8962962962963,4.0
9.0,1.0,10.0,15.0,405.127731092437,4.0
9.0,15.0,10.0,16.0,343.16470588235285,4.0
8.0,11.0,9.0,12.0,109.82047930283224,4.0
8.0,4.0,9.0,5.0,118.77037037037034,4.0
3.0,13.0,7.0,15.0,381.11008403361336,4.0
7.0,13.0,8.0,15.0,132.13022875816992,4.0
9.0,16.0,10.0,20.0,41.08580392156862,4.0
-0.0,16.0,1.0,20.0,10.16470588235294,5.0
9.0,0.0,10.0,1.0,1.016470588235294,5.0
