l_l_m,l_l_n,u_r_m,u_r_n,avg_sal,sal_state
1.0,2.0,2.0,10.0,848.6990196078433,2.0
8.0,13.0,9.0,14.0,943.6078431372548,2.0
2.0,2.0,8.0,6.0,1925.8573529411767,1.0
2.0,6.0,8.0,14.0,2026.470833333333,1.0
2.0,14.0,8.0,18.0,1646.7843137254904,1.0
6.0,0.0,8.0,2.0,1558.980392156863,2.0
8.0,0.0,9.0,4.0,949.5107843137256,2.0
3.0,1.0,6.0,2.0,896.3346405228758,2.0
8.0,15.0,9.0,20.0,987.8917647058825,2.0
2.0,19.0,7.0,20.0,1155.9529411764704,2.0
7.0,18.0,8.0,20.0,1368.1980392156865,2.0
8.0,4.0,9.0,13.0,88.7521181312031,4.0
9.0,8.0,10.0,20.0,45.498758169934646,4.0
8.0,14.0,9.0,15.0,105.66928104575165,4.0
1.0,10.0,2.0,18.0,305.7374999999999,4.0
-0.0,15.0,1.0,18.0,386.97777777777776,4.0
2.0,18.0,7.0,19.0,691.9366946778713,4.0
2.0,0.0,6.0,1.0,325.7967320261438,4.0
9.0,0.0,10.0,4.0,44.49990196078432,4.0
0.0,0.0,1.0,14.0,191.7949579831933,5.0
0.0,14.0,1.0,15.0,272.7725490196078,5.0
1.0,0.0,2.0,2.0,5.08235294117647,5.0
2.0,1.0,3.0,2.0,3.388235294117647,5.0
-0.0,18.0,2.0,20.0,10.16470588235294,5.0
9.0,4.0,10.0,8.0,1.016470588235294,5.0
