l_l_m,l_l_n,u_r_m,u_r_n,avg_sal,sal_state
1.0,0.0,2.0,4.0,862.5764705882353,2.0
1.0,6.0,2.0,9.0,549.1869281045751,2.0
2.0,0.0,3.0,9.0,1413.9838779956424,1.0
3.0,0.0,8.0,4.0,1941.6466666666668,1.0
3.0,4.0,8.0,12.0,1933.6752941176474,1.0
3.0,12.0,8.0,17.0,1747.8025098039218,1.0
2.0,12.0,3.0,17.0,1863.0721568627453,1.0
1.0,12.0,2.0,20.0,1041.1941176470586,2.0
2.0,17.0,6.0,20.0,1609.1133986928103,2.0
6.0,17.0,8.0,19.0,776.6205882352942,2.0
8.0,0.0,9.0,2.0,555.7627450980392,2.0
8.0,2.0,9.0,14.0,1113.827450980392,2.0
8.0,14.0,9.0,17.0,1160.6444444444444,2.0
9.0,13.0,10.0,15.0,399.4156862745098,2.0
1.0,9.0,3.0,12.0,482.4675381263617,4.0
0.0,0.0,1.0,3.0,274.962091503268,5.0
0.0,3.0,1.0,17.0,211.56806722689072,5.0
0.0,17.0,1.0,20.0,385.4509803921569,5.0
1.0,4.0,2.0,6.0,5.08235294117647,5.0
9.0,0.0,10.0,13.0,1.016470588235294,5.0
9.0,15.0,10.0,20.0,1.016470588235294,5.0
6.0,19.0,8.0,20.0,2.541176470588235,5.0
8.0,17.0,9.0,20.0,1.1294117647058823,5.0
