l_l_m,l_l_n,u_r_m,u_r_n,avg_sal,sal_state
2.0,3.0,8.0,4.0,1860.626797385621,1.0
2.0,4.0,8.0,12.0,2041.9235294117652,1.0
2.0,12.0,8.0,13.0,1878.3084967320265,1.0
2.0,14.0,7.0,19.0,2166.371137254903,1.0
7.0,0.0,9.0,3.0,1234.6143790849676,2.0
2.0,2.0,5.0,3.0,1050.7947712418304,2.0
5.0,1.0,7.0,3.0,1091.9843137254902,2.0
1.0,8.0,2.0,19.0,823.5408199643498,2.0
2.0,13.0,7.0,14.0,1855.3592156862744,2.0
7.0,13.0,8.0,20.0,1171.6554621848738,2.0
3.0,19.0,7.0,20.0,527.2235294117646,2.0
9.0,0.0,10.0,3.0,668.8183006535947,4.0
9.0,3.0,10.0,17.0,290.91036414565826,4.0
9.0,17.0,10.0,20.0,692.1346405228758,4.0
8.0,3.0,9.0,5.0,798.6254901960783,4.0
8.0,5.0,9.0,17.0,681.3790849673203,4.0
8.0,17.0,9.0,20.0,994.1254901960783,4.0
0.0,0.0,1.0,10.0,10.16470588235294,5.0
1.0,0.0,2.0,8.0,5.08235294117647,5.0
2.0,0.0,5.0,2.0,6.0988235294117645,5.0
5.0,0.0,7.0,1.0,2.9042016806722684,5.0
-0.0,10.0,1.0,20.0,10.16470588235294,5.0
1.0,19.0,3.0,20.0,6.776470588235294,5.0
