l_l_m,l_l_n,u_r_m,u_r_n,avg_sal,sal_state
8.0,13.0,9.0,15.0,804.3960784313726,2.0
1.0,17.0,2.0,19.0,707.664705882353,2.0
5.0,4.0,7.0,5.0,1990.1843137254896,1.0
2.0,7.0,8.0,9.0,2019.4153594771246,1.0
2.0,9.0,8.0,17.0,2075.063235294118,1.0
2.0,17.0,8.0,20.0,2132.5843137254906,1.0
2.0,3.0,4.0,7.0,1410.9593137254901,2.0
4.0,4.0,5.0,7.0,1831.4013071895426,2.0
5.0,5.0,8.0,7.0,1934.4176470588238,2.0
7.0,3.0,9.0,5.0,1047.9941176470588,2.0
8.0,6.0,9.0,7.0,756.3568627450978,2.0
8.0,7.0,9.0,13.0,88.02374727668847,4.0
9.0,10.0,10.0,20.0,34.31125490196078,4.0
8.0,15.0,9.0,20.0,53.787363834422656,4.0
1.0,3.0,2.0,4.0,208.2392156862745,4.0
1.0,4.0,2.0,16.0,497.8470588235294,4.0
1.0,16.0,2.0,17.0,565.6588235294117,4.0
9.0,0.0,10.0,7.0,52.94420168067226,4.0
8.0,5.0,9.0,6.0,98.75076252723312,4.0
7.0,2.0,9.0,3.0,81.91633986928105,4.0
1.0,0.0,2.0,1.0,37.17254901960784,4.0
2.0,0.0,8.0,1.0,582.6006535947713,4.0
8.0,0.0,9.0,1.0,81.56470588235294,4.0
0.0,0.0,1.0,3.0,0.0,5.0
0.0,3.0,1.0,17.0,66.35714285714286,5.0
0.0,17.0,1.0,20.0,56.307189542483655,5.0
1.0,1.0,4.0,3.0,7.623529411764705,5.0
4.0,1.0,7.0,4.0,4.356302521008404,5.0
1.0,19.0,2.0,20.0,5.08235294117647,5.0
7.0,1.0,9.0,2.0,2.2588235294117647,5.0
9.0,7.0,10.0,10.0,1.016470588235294,5.0
