l_l_m,l_l_n,u_r_m,u_r_n,avg_sal,sal_state
8.0,3.0,9.0,4.0,645.435294117647,2.0
3.0,5.0,8.0,13.0,2174.494215686275,1.0
3.0,1.0,8.0,5.0,2124.4221568627454,1.0
3.0,14.0,7.0,19.0,2249.743137254902,1.0
1.0,0.0,2.0,2.0,646.9019607843137,2.0
2.0,0.0,3.0,4.0,1264.7049019607844,2.0
2.0,4.0,3.0,16.0,1263.7928104575165,2.0
2.0,16.0,3.0,20.0,1100.2068627450979,2.0
3.0,13.0,7.0,14.0,2063.295098039216,2.0
7.0,13.0,8.0,20.0,1749.4420168067227,2.0
8.0,6.0,9.0,16.0,892.8643137254903,2.0
8.0,18.0,9.0,20.0,1001.9960784313727,2.0
1.0,11.0,2.0,12.0,495.3764705882354,2.0
3.0,0.0,8.0,1.0,842.6290196078431,2.0
8.0,0.0,9.0,2.0,966.343137254902,2.0
3.0,19.0,7.0,20.0,710.6107843137254,2.0
-0.0,12.0,2.0,20.0,287.43872549019613,4.0
9.0,0.0,10.0,14.0,96.96582633053221,4.0
9.0,14.0,10.0,15.0,41.941176470588225,4.0
8.0,4.0,9.0,6.0,66.58169934640523,4.0
8.0,2.0,9.0,3.0,73.45838779956426,4.0
1.0,2.0,2.0,11.0,145.05838779956426,4.0
9.0,15.0,10.0,17.0,4.851764705882354,4.0
8.0,16.0,9.0,18.0,64.36143790849673,4.0
0.0,0.0,1.0,12.0,10.16470588235294,5.0
9.0,17.0,10.0,20.0,1.016470588235294,5.0
