l_l_m,l_l_n,u_r_m,u_r_n,avg_sal,sal_state
4.0,0.0,8.0,3.0,2120.563725490196,1.0
4.0,4.0,7.0,10.0,2271.162091503269,1.0
2.0,3.0,4.0,13.0,1612.3396078431374,2.0
2.0,0.0,4.0,3.0,1306.0555555555557,2.0
8.0,0.0,9.0,5.0,790.6007843137254,2.0
8.0,6.0,9.0,7.0,703.4235294117647,2.0
8.0,10.0,9.0,15.0,994.0070588235294,2.0
1.0,13.0,4.0,15.0,1032.2176470588238,2.0
4.0,13.0,5.0,14.0,333.5450980392157,2.0
1.0,9.0,2.0,11.0,694.778431372549,2.0
4.0,3.0,7.0,4.0,2170.694117647059,2.0
7.0,3.0,8.0,10.0,1749.9378151260505,2.0
4.0,10.0,8.0,13.0,1692.9820261437908,2.0
8.0,15.0,9.0,20.0,360.2776470588236,2.0
2.0,15.0,8.0,20.0,2124.8853594771244,1.0
1.0,15.0,2.0,17.0,819.1607843137257,2.0
4.0,14.0,5.0,15.0,743.0235294117647,2.0
9.0,0.0,10.0,1.0,316.52156862745096,4.0
9.0,1.0,10.0,15.0,404.42521008403367,4.0
9.0,15.0,10.0,17.0,340.4764705882353,4.0
8.0,7.0,9.0,10.0,100.30733478576614,4.0
8.0,5.0,9.0,6.0,93.44488017429194,4.0
-0.0,11.0,1.0,18.0,470.58319327731084,4.0
1.0,11.0,2.0,13.0,335.6147058823529,4.0
1.0,17.0,2.0,20.0,172.95816993464058,4.0
1.0,2.0,2.0,9.0,336.48655462184865,4.0
5.0,13.0,8.0,15.0,248.64191176470592,4.0
0.0,0.0,1.0,11.0,10.16470588235294,5.0
1.0,0.0,2.0,2.0,5.08235294117647,5.0
9.0,17.0,10.0,20.0,1.016470588235294,5.0
-0.0,18.0,1.0,20.0,10.16470588235294,5.0
