l_l_m,l_l_n,u_r_m,u_r_n,avg_sal,sal_state
2.0,3.0,8.0,4.0,1948.5039215686277,1.0
2.0,4.0,8.0,12.0,2026.041421568628,1.0
2.0,12.0,8.0,14.0,1811.4869281045749,1.0
1.0,0.0,2.0,10.0,1025.7321568627451,2.0
2.0,0.0,5.0,3.0,1529.0884531590414,2.0
5.0,1.0,9.0,3.0,1039.8073529411763,2.0
8.0,4.0,9.0,5.0,567.7019607843138,2.0
8.0,5.0,9.0,17.0,938.8003267973858,2.0
8.0,17.0,9.0,19.0,888.4372549019607,2.0
1.0,13.0,2.0,20.0,889.9882352941174,2.0
2.0,14.0,8.0,20.0,1698.1084967320264,2.0
0.0,0.0,1.0,3.0,290.36209150326795,4.0
0.0,3.0,1.0,17.0,267.8294117647059,4.0
0.0,17.0,1.0,20.0,302.80784313725485,4.0
1.0,10.0,2.0,13.0,312.6581699346405,4.0
9.0,4.0,10.0,5.0,144.91764705882352,4.0
9.0,5.0,10.0,19.0,320.92997198879544,4.0
9.0,19.0,10.0,20.0,225.62745098039213,4.0
8.0,19.0,9.0,20.0,76.26100217864924,4.0
5.0,0.0,9.0,1.0,843.8686274509802,4.0
9.0,0.0,10.0,3.0,16.34679738562091,4.0
8.0,3.0,10.0,4.0,2.032941176470588,5.0
