l_l_m,l_l_n,u_r_m,u_r_n,avg_sal,sal_state
8.0,9.0,9.0,11.0,773.8156862745097,2.0
1.0,12.0,2.0,14.0,979.7156862745096,2.0
2.0,3.0,3.0,15.0,1542.993137254902,1.0
2.0,15.0,3.0,16.0,688.5647058823529,1.0
3.0,3.0,8.0,6.0,2092.4501960784314,1.0
3.0,6.0,8.0,14.0,2064.8616666666667,1.0
3.0,14.0,8.0,18.0,2002.938235294118,1.0
5.0,0.0,6.0,1.0,1056.8705882352942,2.0
8.0,0.0,9.0,4.0,1163.042156862745,2.0
2.0,2.0,6.0,3.0,977.7980392156862,2.0
6.0,0.0,8.0,3.0,1522.4254901960785,2.0
8.0,13.0,9.0,20.0,1187.9182072829133,2.0
3.0,18.0,8.0,20.0,1554.163137254902,2.0
1.0,2.0,2.0,12.0,403.85960784313727,4.0
-0.0,4.0,1.0,14.0,313.76078431372554,4.0
9.0,0.0,10.0,14.0,334.0218487394958,4.0
8.0,11.0,9.0,13.0,87.47799564270153,4.0
8.0,4.0,9.0,9.0,98.10466230936821,4.0
1.0,14.0,2.0,17.0,218.72875816993462,4.0
2.0,16.0,3.0,20.0,131.35947712418292,4.0
3.0,0.0,5.0,1.0,235.22666666666663,4.0
4.0,1.0,6.0,2.0,265.18888888888887,4.0
-0.0,14.0,1.0,20.0,10.16470588235294,5.0
1.0,17.0,2.0,20.0,5.08235294117647,5.0
0.0,0.0,1.0,4.0,10.16470588235294,5.0
1.0,0.0,3.0,2.0,6.776470588235294,5.0
3.0,1.0,4.0,2.0,2.541176470588235,5.0
9.0,14.0,10.0,20.0,1.016470588235294,5.0
