l_l_m,l_l_n,u_r_m,u_r_n,avg_sal,sal_state
4.0,0.0,8.0,1.0,2206.873529411765,1.0
4.0,3.0,7.0,8.0,2322.1623529411772,1.0
3.0,9.0,7.0,14.0,2212.59137254902,1.0
2.0,16.0,3.0,17.0,2038.819607843137,1.0
3.0,16.0,8.0,20.0,2124.8592156862746,1.0
2.0,0.0,3.0,2.0,1251.5745098039215,2.0
8.0,0.0,9.0,11.0,993.2420677361853,2.0
8.0,13.0,9.0,16.0,862.4339869281044,2.0
2.0,17.0,3.0,20.0,1725.4143790849673,2.0
1.0,6.0,2.0,18.0,723.9647058823531,2.0
1.0,18.0,2.0,19.0,278.12941176470594,2.0
2.0,2.0,3.0,3.0,412.1607843137255,2.0
2.0,3.0,3.0,15.0,1460.0647058823529,2.0
2.0,15.0,3.0,16.0,1218.7411764705882,2.0
4.0,1.0,7.0,3.0,1770.9967320261442,2.0
7.0,1.0,8.0,2.0,1942.4745098039211,2.0
7.0,2.0,8.0,14.0,1596.923202614379,2.0
7.0,14.0,8.0,16.0,818.1901960784314,2.0
3.0,0.0,4.0,9.0,1671.2718954248367,2.0
4.0,8.0,7.0,9.0,2100.4980392156867,2.0
3.0,14.0,7.0,16.0,600.0186274509804,2.0
1.0,0.0,2.0,6.0,211.27712418300646,4.0
0.0,1.0,1.0,15.0,143.13613445378152,4.0
0.0,15.0,1.0,16.0,49.552941176470576,4.0
8.0,11.0,9.0,13.0,61.22832244008714,4.0
9.0,12.0,10.0,17.0,29.14,4.0
8.0,16.0,9.0,20.0,62.29694989106754,4.0
9.0,0.0,10.0,11.0,25.91158645276293,4.0
-0.0,16.0,1.0,20.0,10.16470588235294,5.0
1.0,19.0,2.0,20.0,5.08235294117647,5.0
9.0,17.0,10.0,20.0,1.016470588235294,5.0
9.0,11.0,10.0,12.0,1.016470588235294,5.0
0.0,0.0,1.0,1.0,10.16470588235294,5.0
