l_l_m,l_l_n,u_r_m,u_r_n,avg_sal,sal_state
1.0,14.0,2.0,20.0,919.5398692810456,2.0
2.0,0.0,6.0,4.0,2055.4198529411765,1.0
7.0,2.0,8.0,4.0,1410.9745098039216,1.0
2.0,5.0,8.0,8.0,1852.0056644880176,1.0
2.0,8.0,8.0,16.0,1997.1311274509808,1.0
2.0,16.0,8.0,20.0,1600.5027777777775,1.0
1.0,0.0,2.0,6.0,875.8398692810457,2.0
6.0,0.0,7.0,4.0,1685.6862745098038,2.0
8.0,4.0,9.0,16.0,580.7781045751633,2.0
8.0,16.0,9.0,17.0,525.0470588235294,2.0
2.0,4.0,8.0,5.0,1592.892810457516,2.0
7.0,0.0,8.0,2.0,1289.7980392156865,2.0
0.0,0.0,1.0,3.0,497.61045751633986,4.0
0.0,3.0,1.0,17.0,464.3848739495799,4.0
0.0,17.0,1.0,20.0,484.41045751633993,4.0
1.0,6.0,2.0,14.0,292.26151960784307,4.0
8.0,0.0,9.0,4.0,79.0,4.0
9.0,0.0,10.0,10.0,17.946745098039216,4.0
9.0,15.0,10.0,20.0,13.658509803921568,4.0
8.0,17.0,9.0,20.0,64.95686274509805,4.0
9.0,10.0,10.0,15.0,1.016470588235294,5.0
