l_l_m,l_l_n,u_r_m,u_r_n,avg_sal,sal_state
1.0,11.0,2.0,20.0,973.0575163398693,2.0
4.0,3.0,5.0,4.0,1917.5019607843133,1.0
2.0,6.0,3.0,8.0,873.5960784313727,1.0
3.0,6.0,8.0,9.0,1945.9092810457519,1.0
3.0,9.0,8.0,17.0,1753.4263725490196,1.0
3.0,17.0,8.0,20.0,1684.9309803921567,1.0
2.0,11.0,3.0,20.0,1736.5285403050113,1.0
2.0,9.0,3.0,10.0,1101.549019607843,1.0
2.0,0.0,4.0,6.0,1468.6281045751632,2.0
5.0,0.0,8.0,6.0,1784.5437908496729,2.0
8.0,0.0,9.0,4.0,1062.169607843137,2.0
8.0,4.0,9.0,16.0,1309.7611111111114,2.0
8.0,16.0,9.0,20.0,1180.5245098039215,2.0
4.0,0.0,5.0,3.0,2108.9019607843147,2.0
4.0,4.0,5.0,6.0,1534.0941176470587,2.0
9.0,0.0,10.0,3.0,340.0575163398693,4.0
9.0,3.0,10.0,17.0,402.47899159663865,4.0
9.0,17.0,10.0,20.0,463.7686274509804,4.0
0.0,0.0,1.0,7.0,209.3859943977591,4.0
1.0,0.0,2.0,11.0,295.0331550802139,4.0
2.0,8.0,3.0,9.0,261.21830065359484,4.0
2.0,10.0,3.0,11.0,274.83529411764704,4.0
-0.0,14.0,1.0,20.0,235.91764705882355,4.0
-0.0,7.0,1.0,10.0,10.16470588235294,5.0
-0.0,10.0,1.0,14.0,10.16470588235294,5.0
