l_l_m,l_l_n,u_r_m,u_r_n,avg_sal,sal_state
8.0,0.0,9.0,2.0,569.1470588235294,2.0
8.0,5.0,9.0,7.0,716.3803921568627,2.0
8.0,8.0,9.0,11.0,1136.7437908496734,2.0
3.0,0.0,8.0,7.0,2189.8106442577036,1.0
3.0,8.0,8.0,13.0,2090.042980392157,1.0
2.0,18.0,6.0,20.0,2199.478431372549,1.0
2.0,1.0,3.0,13.0,1486.467973856209,2.0
2.0,0.0,3.0,1.0,1497.5098039215686,2.0
3.0,7.0,8.0,8.0,1921.8258823529413,2.0
8.0,12.0,9.0,15.0,825.7333333333332,2.0
1.0,17.0,2.0,20.0,1014.1333333333333,2.0
1.0,13.0,2.0,14.0,789.2862745098039,2.0
2.0,13.0,6.0,18.0,1706.3570588235293,2.0
6.0,13.0,8.0,20.0,328.52408963585435,4.0
8.0,15.0,10.0,20.0,109.92878431372549,4.0
0.0,0.0,1.0,3.0,318.5385620915033,4.0
0.0,3.0,1.0,17.0,246.64733893557425,4.0
0.0,17.0,1.0,20.0,498.67973856209153,4.0
1.0,1.0,2.0,13.0,622.4660130718954,4.0
1.0,0.0,2.0,1.0,808.1137254901961,4.0
1.0,14.0,2.0,17.0,417.60130718954247,4.0
8.0,7.0,9.0,8.0,94.79041394335512,4.0
9.0,7.0,10.0,15.0,37.52720588235294,4.0
8.0,11.0,9.0,12.0,109.01002178649237,4.0
9.0,0.0,10.0,7.0,1.0164705882352942,5.0
8.0,2.0,9.0,5.0,1.1294117647058823,5.0
