l_l_m,l_l_n,u_r_m,u_r_n,avg_sal,sal_state
3.0,2.0,7.0,7.0,2202.3890196078432,1.0
2.0,8.0,6.0,16.0,1907.3598039215685,1.0
2.0,16.0,6.0,19.0,1974.2924836601312,1.0
6.0,8.0,8.0,17.0,2031.3185185185184,1.0
1.0,16.0,2.0,20.0,1036.1107843137256,2.0
2.0,19.0,5.0,20.0,791.3712418300653,2.0
1.0,0.0,2.0,4.0,1000.2843137254904,2.0
7.0,0.0,8.0,8.0,1516.3024509803922,2.0
8.0,5.0,9.0,10.0,1034.4611764705883,2.0
8.0,0.0,9.0,3.0,950.7019607843137,2.0
2.0,0.0,3.0,8.0,1458.5431372549021,2.0
3.0,0.0,7.0,2.0,1034.8872549019611,2.0
3.0,7.0,7.0,8.0,2015.470588235294,2.0
9.0,7.0,10.0,20.0,37.36594268476621,4.0
6.0,17.0,8.0,20.0,207.31013071895427,4.0
8.0,10.0,9.0,20.0,102.33437908496731,4.0
1.0,4.0,2.0,16.0,621.7297385620915,4.0
-0.0,9.0,1.0,11.0,275.1058823529412,4.0
8.0,3.0,9.0,5.0,97.72222222222223,4.0
0.0,0.0,1.0,4.0,466.6284313725489,4.0
9.0,0.0,10.0,3.0,38.943398692810455,4.0
-0.0,11.0,1.0,20.0,10.16470588235294,5.0
-0.0,4.0,1.0,9.0,10.16470588235294,5.0
9.0,3.0,10.0,7.0,1.016470588235294,5.0
5.0,19.0,6.0,20.0,1.6941176470588235,5.0
