l_l_m,l_l_n,u_r_m,u_r_n,avg_sal,sal_state
2.0,15.0,3.0,16.0,1930.3019607843135,1.0
8.0,0.0,10.0,3.0,702.5895424836602,2.0
8.0,3.0,10.0,17.0,577.5823529411765,2.0
8.0,17.0,10.0,20.0,797.1228758169935,2.0
1.0,4.0,2.0,5.0,871.6941176470589,2.0
1.0,5.0,2.0,17.0,954.662091503268,2.0
1.0,17.0,2.0,18.0,945.6627450980393,2.0
3.0,4.0,7.0,6.0,1486.0789215686273,2.0
3.0,6.0,7.0,14.0,2120.5645833333333,2.0
3.0,14.0,7.0,16.0,1266.5916666666667,2.0
2.0,3.0,4.0,4.0,481.6392156862745,2.0
7.0,2.0,8.0,4.0,862.750980392157,2.0
7.0,4.0,8.0,16.0,1598.8101307189545,2.0
7.0,16.0,8.0,19.0,637.0130718954247,2.0
3.0,16.0,6.0,17.0,918.0209150326796,2.0
2.0,16.0,3.0,18.0,934.6509803921567,2.0
2.0,4.0,3.0,6.0,1626.4085561497322,2.0
2.0,6.0,3.0,14.0,2036.6844117647065,1.0
1.0,2.0,3.0,3.0,199.26535947712415,4.0
1.0,18.0,3.0,20.0,556.4888888888888,4.0
3.0,17.0,4.0,20.0,175.87287581699348,4.0
4.0,17.0,6.0,19.0,231.129411764706,4.0
6.0,16.0,7.0,18.0,34.36218487394958,4.0
0.0,3.0,1.0,4.0,355.18431372549026,4.0
0.0,4.0,1.0,18.0,335.7691876750701,4.0
0.0,18.0,1.0,20.0,440.0098039215686,4.0
1.0,3.0,2.0,4.0,340.435294117647,4.0
0.0,0.0,1.0,3.0,10.16470588235294,5.0
1.0,0.0,7.0,2.0,44.71797385620914,5.0
7.0,0.0,8.0,2.0,3.6647058823529415,5.0
3.0,2.0,4.0,3.0,2.541176470588235,5.0
4.0,2.0,7.0,4.0,4.356302521008403,5.0
6.0,18.0,7.0,19.0,1.4521008403361344,5.0
4.0,19.0,8.0,20.0,28.319607843137256,5.0
2.0,14.0,3.0,15.0,3.388235294117647,5.0
