l_l_m,l_l_n,u_r_m,u_r_n,avg_sal,sal_state
8.0,4.0,9.0,6.0,918.2235294117647,2.0
8.0,11.0,9.0,20.0,909.0753812636168,2.0
3.0,1.0,8.0,6.0,1701.7273725490195,1.0
3.0,6.0,8.0,14.0,1892.1023529411764,1.0
3.0,14.0,8.0,20.0,2171.4972549019612,1.0
2.0,0.0,3.0,4.0,1042.0754901960786,2.0
2.0,4.0,3.0,16.0,1059.473202614379,2.0
2.0,16.0,3.0,20.0,867.2196078431372,2.0
8.0,0.0,9.0,3.0,1143.4875816993465,2.0
1.0,2.0,2.0,3.0,564.0078431372549,2.0
3.0,0.0,8.0,1.0,1509.9788235294116,2.0
9.0,0.0,10.0,3.0,225.48496732026143,4.0
9.0,3.0,10.0,17.0,219.16302521008404,4.0
9.0,17.0,10.0,20.0,218.3882352941177,4.0
8.0,6.0,9.0,11.0,72.28313725490196,4.0
8.0,3.0,9.0,4.0,83.22919389978212,4.0
1.0,11.0,2.0,20.0,164.60980392156858,4.0
-0.0,17.0,1.0,20.0,113.15424836601306,4.0
0.0,0.0,1.0,3.0,105.85098039215687,4.0
1.0,0.0,2.0,2.0,240.18725490196084,4.0
-0.0,3.0,2.0,10.0,10.164705882352944,5.0
-0.0,10.0,1.0,17.0,10.164705882352944,5.0
1.0,10.0,2.0,11.0,5.08235294117647,5.0
