l_l_m,l_l_n,u_r_m,u_r_n,avg_sal,sal_state
2.0,0.0,8.0,8.0,2324.285294117647,1.0
3.0,12.0,7.0,14.0,2363.116176470588,1.0
2.0,8.0,3.0,19.0,2289.6848484848488,2.0
3.0,8.0,7.0,12.0,2059.914705882353,2.0
7.0,11.0,8.0,14.0,838.9398692810457,2.0
7.0,8.0,8.0,9.0,976.0,2.0
4.0,18.0,8.0,20.0,1697.725,2.0
2.0,19.0,4.0,20.0,1915.7078431372547,1.0
3.0,18.0,4.0,19.0,1915.7078431372547,1.0
3.0,14.0,8.0,18.0,784.1993872549019,4.0
1.0,8.0,2.0,19.0,135.56310160427807,4.0
8.0,0.0,10.0,3.0,15.209150326797385,5.0
8.0,3.0,10.0,17.0,4.917787114845939,5.0
8.0,17.0,10.0,20.0,10.96470588235294,5.0
7.0,9.0,8.0,11.0,1.2705882352941176,5.0
0.0,0.0,1.0,3.0,0.0,5.0
0.0,3.0,1.0,17.0,2.392436974789916,5.0
0.0,17.0,1.0,20.0,0.06666666666666668,5.0
1.0,0.0,2.0,8.0,5.08235294117647,5.0
1.0,19.0,2.0,20.0,5.08235294117647,5.0
