l_l_m,l_l_n,u_r_m,u_r_n,avg_sal,sal_state
2.0,3.0,8.0,9.0,2190.9043572984747,1.0
3.0,18.0,7.0,20.0,2286.971568627451,1.0
2.0,9.0,6.0,12.0,2154.240522875817,2.0
6.0,9.0,8.0,10.0,1510.6431372549018,2.0
6.0,11.0,7.0,12.0,2134.749019607844,2.0
7.0,11.0,8.0,16.0,867.7960784313724,2.0
2.0,18.0,3.0,20.0,2270.282352941177,2.0
1.0,12.0,7.0,18.0,1966.049673202615,2.0
0.0,0.0,1.0,1.0,58.83921568627451,4.0
2.0,0.0,5.0,3.0,433.37202614379083,4.0
1.0,0.0,2.0,12.0,251.5679738562092,4.0
5.0,0.0,8.0,2.0,181.59362745098042,4.0
7.0,16.0,8.0,20.0,45.69044117647058,4.0
-0.0,17.0,1.0,20.0,125.63267973856208,4.0
1.0,18.0,2.0,20.0,295.1137254901961,4.0
6.0,10.0,8.0,11.0,170.22745098039218,4.0
8.0,0.0,10.0,3.0,0.0,5.0
8.0,3.0,10.0,17.0,0.95406162464986,5.0
8.0,17.0,10.0,20.0,0.0,5.0
5.0,2.0,8.0,3.0,3.8117647058823527,5.0
0.0,1.0,1.0,2.0,6.9568627450980385,5.0
0.0,2.0,1.0,16.0,7.777591036414565,5.0
0.0,16.0,1.0,17.0,67.26666666666667,5.0
