l_l_m,l_l_n,u_r_m,u_r_n,avg_sal,sal_state
3.0,9.0,7.0,11.0,2477.856862745098,1.0
3.0,15.0,7.0,17.0,2519.063725490196,1.0
1.0,7.0,2.0,12.0,809.3317647058823,2.0
2.0,7.0,3.0,19.0,2217.619281045752,2.0
2.0,19.0,3.0,20.0,2090.2745098039222,2.0
4.0,8.0,7.0,9.0,1304.437908496732,2.0
3.0,11.0,7.0,15.0,2187.382843137255,2.0
7.0,10.0,8.0,12.0,933.672549019608,2.0
3.0,17.0,6.0,20.0,1999.6222222222225,2.0
6.0,17.0,7.0,19.0,1875.743137254902,2.0
1.0,18.0,2.0,20.0,670.8313725490194,2.0
3.0,7.0,4.0,9.0,1236.1372549019611,2.0
2.0,1.0,7.0,6.0,2483.3954509803925,1.0
2.0,0.0,7.0,1.0,1882.6917647058826,2.0
7.0,0.0,8.0,6.0,763.8130718954249,2.0
1.0,2.0,2.0,7.0,688.4525490196077,2.0
2.0,6.0,5.0,7.0,758.9464052287584,2.0
7.0,12.0,8.0,20.0,62.07132352941176,4.0
6.0,19.0,7.0,20.0,86.74509803921568,4.0
8.0,0.0,10.0,3.0,1.4928104575163401,5.0
8.0,3.0,10.0,17.0,9.426890756302518,5.0
8.0,17.0,10.0,20.0,2.130718954248366,5.0
4.0,7.0,5.0,8.0,2.032941176470588,5.0
5.0,6.0,7.0,8.0,2.9042016806722684,5.0
7.0,6.0,8.0,10.0,1.2705882352941176,5.0
0.0,0.0,1.0,3.0,0.0,5.0
0.0,3.0,1.0,17.0,4.2442577030812325,5.0
0.0,17.0,1.0,20.0,1.4326797385620915,5.0
1.0,0.0,2.0,2.0,5.08235294117647,5.0
1.0,12.0,2.0,18.0,5.08235294117647,5.0
