l_l_m,l_l_n,u_r_m,u_r_n,avg_sal,sal_state
8.0,13.0,9.0,15.0,557.1490196078431,2.0
1.0,16.0,2.0,18.0,128.11960784313726,2.0
4.0,4.0,8.0,5.0,2378.460784313725,1.0
3.0,7.0,7.0,8.0,2013.300980392157,1.0
3.0,8.0,7.0,16.0,2278.02818627451,1.0
3.0,16.0,7.0,18.0,1482.8470588235293,1.0
7.0,7.0,8.0,17.0,2026.4741176470595,1.0
2.0,10.0,3.0,18.0,1439.6686274509805,1.0
7.0,2.0,8.0,4.0,1650.343137254902,2.0
8.0,2.0,9.0,12.0,870.8145098039215,2.0
2.0,4.0,3.0,6.0,484.3313725490197,2.0
3.0,4.0,4.0,7.0,1767.792156862745,2.0
3.0,3.0,7.0,4.0,1343.3519607843139,2.0
4.0,5.0,8.0,7.0,2078.300980392157,2.0
2.0,6.0,3.0,10.0,195.2339869281046,4.0
0.0,0.0,2.0,10.0,10.16470588235294,5.0
2.0,0.0,3.0,4.0,3.388235294117647,5.0
3.0,0.0,5.0,3.0,4.065882352941176,5.0
5.0,0.0,7.0,3.0,2.9042016806722684,5.0
9.0,0.0,10.0,10.0,1.016470588235294,5.0
7.0,0.0,9.0,2.0,2.2588235294117647,5.0
-0.0,10.0,1.0,20.0,10.16470588235294,5.0
1.0,10.0,2.0,16.0,5.08235294117647,5.0
1.0,18.0,5.0,20.0,0.0,5.0
9.0,10.0,10.0,20.0,1.016470588235294,5.0
5.0,18.0,7.0,20.0,2.9042016806722684,5.0
7.0,17.0,8.0,20.0,1.2705882352941176,5.0
8.0,13.0,9.0,20.0,0.8067226890756303,5.0
8.0,12.0,9.0,13.0,1.1294117647058823,5.0
