l_l_m,l_l_n,u_r_m,u_r_n,avg_sal,sal_state
7.0,2.0,8.0,3.0,719.2470588235294,2.0
2.0,3.0,8.0,8.0,2211.632156862745,1.0
3.0,12.0,7.0,15.0,2499.168300653595,1.0
3.0,18.0,7.0,20.0,2383.944117647059,1.0
2.0,8.0,3.0,20.0,2263.904901960785,2.0
3.0,8.0,7.0,12.0,2107.783578431373,2.0
7.0,11.0,8.0,15.0,918.5303921568628,2.0
5.0,17.0,7.0,18.0,1867.4627450980392,2.0
1.0,14.0,2.0,20.0,878.3209150326796,2.0
1.0,9.0,2.0,11.0,537.8392156862743,2.0
3.0,15.0,5.0,18.0,1990.745751633987,2.0
7.0,8.0,8.0,10.0,1295.549019607843,2.0
5.0,15.0,7.0,16.0,1739.6980392156865,2.0
3.0,0.0,7.0,1.0,2516.857843137255,1.0
1.0,0.0,3.0,2.0,1670.9784313725495,2.0
3.0,1.0,7.0,2.0,2130.0215686274514,2.0
2.0,2.0,5.0,3.0,1363.921568627451,2.0
7.0,15.0,8.0,20.0,32.022352941176464,4.0
5.0,16.0,7.0,17.0,189.08515406162465,4.0
7.0,0.0,8.0,2.0,1.2705882352941176,5.0
8.0,0.0,10.0,3.0,4.1006535947712415,5.0
8.0,3.0,10.0,17.0,33.090616246498605,5.0
8.0,17.0,10.0,20.0,0.0,5.0
7.0,10.0,8.0,11.0,1.2705882352941176,5.0
0.0,0.0,1.0,3.0,4.6640522875817,5.0
0.0,3.0,1.0,17.0,3.961624649859945,5.0
0.0,17.0,1.0,20.0,17.376470588235293,5.0
1.0,2.0,2.0,9.0,5.082352941176472,5.0
1.0,11.0,2.0,14.0,5.08235294117647,5.0
5.0,2.0,7.0,3.0,2.9042016806722684,5.0
