l_l_m,l_l_n,u_r_m,u_r_n,avg_sal,sal_state
1.0,17.0,2.0,18.0,623.7254901960785,2.0
3.0,9.0,7.0,13.0,2354.887009803922,1.0
2.0,17.0,5.0,19.0,2334.011764705883,1.0
5.0,14.0,7.0,16.0,2370.294117647059,1.0
2.0,15.0,5.0,16.0,2402.9869281045753,1.0
4.0,7.0,6.0,9.0,1951.8284313725487,2.0
6.0,8.0,7.0,9.0,1567.1529411764707,2.0
7.0,9.0,8.0,19.0,1123.5156862745098,2.0
2.0,19.0,7.0,20.0,2125.44,2.0
2.0,16.0,5.0,17.0,2374.3281045751637,2.0
5.0,16.0,7.0,19.0,2277.354248366013,2.0
5.0,13.0,7.0,14.0,2352.364705882353,2.0
3.0,13.0,5.0,15.0,2445.583333333333,2.0
2.0,0.0,8.0,7.0,2151.02735760971,1.0
2.0,7.0,3.0,15.0,2045.061437908497,2.0
3.0,7.0,4.0,9.0,2095.921568627451,2.0
1.0,0.0,2.0,2.0,155.78039215686275,4.0
1.0,2.0,2.0,14.0,288.4013071895425,4.0
1.0,14.0,2.0,17.0,341.33202614379087,4.0
6.0,7.0,7.0,8.0,127.29915966386557,4.0
8.0,7.0,9.0,18.0,19.620479302832237,4.0
7.0,7.0,8.0,9.0,83.41985294117646,4.0
8.0,0.0,9.0,7.0,1.1294117647058823,5.0
9.0,0.0,10.0,3.0,0.0,5.0
9.0,3.0,10.0,17.0,2.268347338935574,5.0
9.0,17.0,10.0,20.0,0.0,5.0
7.0,19.0,8.0,20.0,1.2705882352941176,5.0
8.0,7.0,9.0,19.0,163.7503267973856,5.0
8.0,19.0,9.0,20.0,30.63137254901961,5.0
0.0,0.0,1.0,3.0,0.0,5.0
0.0,3.0,1.0,17.0,12.908683473389356,5.0
0.0,17.0,1.0,20.0,0.0,5.0
1.0,18.0,2.0,20.0,5.08235294117647,5.0
