l_l_m,l_l_n,u_r_m,u_r_n,avg_sal,sal_state
2.0,1.0,7.0,4.0,2178.2190849673198,1.0
3.0,12.0,7.0,14.0,2321.8627450980393,1.0
3.0,15.0,7.0,17.0,2491.164705882353,1.0
1.0,0.0,2.0,3.0,802.4183006535948,2.0
2.0,0.0,6.0,1.0,1529.2617647058826,2.0
7.0,1.0,8.0,3.0,681.8980392156863,2.0
7.0,3.0,8.0,15.0,1425.03954248366,2.0
7.0,15.0,8.0,18.0,756.7437908496731,2.0
1.0,8.0,2.0,20.0,617.837908496732,2.0
2.0,4.0,3.0,6.0,1279.4607843137255,2.0
2.0,6.0,3.0,18.0,2058.752614379085,2.0
2.0,18.0,3.0,20.0,2049.1960784313724,2.0
3.0,4.0,7.0,12.0,2341.2993872549027,2.0
3.0,14.0,7.0,15.0,2233.152941176471,2.0
6.0,17.0,7.0,18.0,1935.2,2.0
3.0,17.0,6.0,20.0,1765.4945533769067,2.0
8.0,2.0,9.0,11.0,49.296344710723794,4.0
6.0,0.0,8.0,1.0,2.541176470588235,5.0
9.0,0.0,10.0,3.0,0.0,5.0
9.0,3.0,10.0,17.0,41.29439775910364,5.0
9.0,17.0,10.0,20.0,89.79084967320263,5.0
6.0,18.0,8.0,20.0,2.541176470588235,5.0
8.0,2.0,9.0,5.0,353.01437908496735,5.0
8.0,5.0,9.0,17.0,372.5326797385621,5.0
8.0,17.0,9.0,20.0,411.918954248366,5.0
8.0,0.0,9.0,2.0,1.1294117647058823,5.0
0.0,0.0,1.0,3.0,0.0,5.0
0.0,3.0,1.0,17.0,0.0,5.0
0.0,17.0,1.0,20.0,0.0,5.0
1.0,3.0,2.0,8.0,5.08235294117647,5.0
