l_l_m,l_l_n,u_r_m,u_r_n,avg_sal,sal_state
8.0,13.0,9.0,14.0,626.8313725490194,2.0
1.0,17.0,2.0,18.0,193.89803921568625,2.0
4.0,4.0,7.0,6.0,2044.358823529412,1.0
4.0,7.0,7.0,9.0,2240.4307189542487,1.0
2.0,10.0,8.0,18.0,2004.3879901960786,1.0
7.0,0.0,8.0,10.0,1897.8647058823526,2.0
8.0,0.0,9.0,12.0,1169.063725490196,2.0
3.0,7.0,4.0,10.0,1376.2967320261441,2.0
4.0,6.0,7.0,7.0,1465.38431372549,2.0
3.0,3.0,4.0,6.0,1046.1372549019611,2.0
4.0,3.0,5.0,4.0,1470.3960784313724,2.0
5.0,2.0,7.0,4.0,1632.2705882352939,2.0
4.0,9.0,7.0,10.0,2118.6026143790855,2.0
2.0,0.0,3.0,6.0,73.18257080610022,4.0
3.0,0.0,5.0,3.0,321.66091503267967,4.0
5.0,0.0,7.0,2.0,262.55462184873943,4.0
0.0,0.0,2.0,10.0,10.16470588235294,5.0
2.0,6.0,3.0,10.0,3.388235294117647,5.0
3.0,6.0,4.0,7.0,2.541176470588235,5.0
9.0,0.0,10.0,10.0,1.016470588235294,5.0
-0.0,10.0,1.0,20.0,10.16470588235294,5.0
1.0,10.0,2.0,17.0,5.082352941176472,5.0
1.0,18.0,5.0,20.0,9.610294117647056,5.0
9.0,10.0,10.0,20.0,1.016470588235294,5.0
5.0,18.0,8.0,20.0,3.8117647058823527,5.0
8.0,13.0,9.0,20.0,0.9680672268907562,5.0
8.0,12.0,9.0,13.0,1.1294117647058823,5.0
