l_l_m,l_l_n,u_r_m,u_r_n,avg_sal,sal_state
5.0,2.0,7.0,6.0,1904.745098039216,1.0
5.0,1.0,7.0,2.0,1314.0764705882352,1.0
5.0,6.0,7.0,10.0,2178.837254901961,1.0
5.0,10.0,7.0,14.0,2078.725980392157,1.0
5.0,14.0,7.0,16.0,1086.3009803921566,1.0
7.0,1.0,8.0,5.0,2016.2666666666669,1.0
7.0,5.0,8.0,9.0,2000.9245098039214,1.0
7.0,9.0,8.0,13.0,1430.2529411764706,1.0
7.0,13.0,8.0,14.0,875.6823529411764,1.0
3.0,6.0,5.0,9.0,1784.91045751634,1.0
2.0,6.0,3.0,9.0,1396.0183006535947,1.0
3.0,9.0,5.0,13.0,2273.5102941176474,1.0
2.0,9.0,3.0,13.0,1937.3598039215685,1.0
3.0,13.0,5.0,16.0,1722.4607843137255,1.0
2.0,13.0,3.0,16.0,2064.4810457516337,1.0
3.0,4.0,5.0,6.0,1411.0117647058826,2.0
3.0,2.0,5.0,4.0,1345.61862745098,2.0
3.0,0.0,5.0,2.0,1112.5254901960784,2.0
9.0,0.0,10.0,2.0,607.5156862745098,2.0
2.0,4.0,3.0,6.0,773.0843137254902,2.0
5.0,0.0,7.0,1.0,1123.5529411764703,2.0
7.0,0.0,8.0,1.0,1338.6196078431376,2.0
8.0,7.0,9.0,11.0,847.871568627451,2.0
8.0,3.0,9.0,7.0,1078.6235294117646,2.0
8.0,0.0,9.0,3.0,1427.1124183006534,2.0
1.0,7.0,2.0,11.0,848.7725490196077,2.0
1.0,11.0,2.0,15.0,1212.536274509804,2.0
1.0,15.0,2.0,19.0,1352.5029411764706,2.0
1.0,19.0,2.0,20.0,939.6666666666667,2.0
2.0,16.0,3.0,20.0,1085.6441176470587,2.0
-0.0,17.0,1.0,19.0,419.9921568627451,2.0
9.0,5.0,10.0,9.0,425.3205882352941,4.0
9.0,2.0,10.0,5.0,481.28366013071883,4.0
9.0,9.0,10.0,13.0,307.03235294117644,4.0
9.0,13.0,10.0,17.0,287.43627450980387,4.0
9.0,17.0,10.0,20.0,501.8784313725489,4.0
3.0,16.0,4.0,18.0,832.2019607843138,4.0
4.0,16.0,6.0,18.0,871.1803921568628,4.0
6.0,16.0,7.0,18.0,480.0235294117647,4.0
3.0,18.0,4.0,20.0,713.4509803921568,4.0
4.0,18.0,6.0,20.0,530.6696078431372,4.0
6.0,18.0,7.0,20.0,480.1176470588235,4.0
7.0,14.0,8.0,18.0,889.1696078431372,4.0
7.0,18.0,8.0,20.0,927.1490196078433,4.0
8.0,11.0,9.0,15.0,779.335294117647,4.0
8.0,15.0,9.0,19.0,983.029411764706,4.0
8.0,19.0,9.0,20.0,1499.6039215686276,4.0
0.0,0.0,1.0,2.0,367.4196078431372,4.0
1.0,0.0,3.0,4.0,716.2730392156864,4.0
0.0,8.0,1.0,10.0,226.9823529411765,4.0
0.0,10.0,1.0,14.0,323.01960784313724,4.0
0.0,14.0,1.0,17.0,465.5503267973857,4.0
0.0,4.0,1.0,8.0,178.52352941176468,5.0
0.0,2.0,1.0,4.0,220.98039215686276,5.0
1.0,4.0,2.0,7.0,5.08235294117647,5.0
-0.0,19.0,1.0,20.0,10.16470588235294,5.0
