l_l_m,l_l_n,u_r_m,u_r_n,avg_sal,sal_state
8.0,13.0,9.0,15.0,557.1490196078431,2.0
1.0,16.0,2.0,18.0,128.11960784313726,2.0
4.0,4.0,5.0,5.0,2227.462745098039,1.0
5.0,4.0,7.0,5.0,2461.2137254901963,1.0
7.0,4.0,8.0,5.0,2363.9529411764706,1.0
3.0,7.0,7.0,10.0,2121.2228758169936,1.0
3.0,10.0,7.0,14.0,2333.925,1.0
3.0,14.0,7.0,18.0,1875.9629901960784,1.0
7.0,7.0,8.0,9.0,2243.8803921568624,1.0
7.0,9.0,8.0,15.0,2058.9411764705883,1.0
7.0,15.0,8.0,17.0,1711.666666666667,1.0
2.0,10.0,3.0,16.0,1357.4333333333334,1.0
2.0,16.0,3.0,18.0,1686.3745098039215,1.0
7.0,2.0,8.0,4.0,1650.343137254902,2.0
8.0,6.0,9.0,12.0,843.3098039215688,2.0
8.0,2.0,9.0,6.0,912.0715686274507,2.0
2.0,4.0,3.0,6.0,484.3313725490197,2.0
3.0,4.0,4.0,7.0,1767.792156862745,2.0
3.0,3.0,7.0,4.0,1343.3519607843139,2.0
4.0,5.0,5.0,7.0,1993.9098039215687,2.0
5.0,5.0,7.0,7.0,2072.916666666667,2.0
7.0,5.0,8.0,7.0,2173.460784313725,2.0
2.0,6.0,3.0,10.0,195.2339869281046,4.0
0.0,4.0,2.0,10.0,52.672222222222224,5.0
0.0,0.0,2.0,4.0,0.0,5.0
2.0,0.0,3.0,4.0,3.388235294117647,5.0
3.0,0.0,5.0,3.0,4.065882352941176,5.0
5.0,0.0,7.0,3.0,126.6,5.0
9.0,2.0,10.0,10.0,125.20343137254902,5.0
9.0,0.0,10.0,2.0,0.0,5.0
7.0,0.0,9.0,2.0,51.84901960784314,5.0
0.0,10.0,1.0,18.0,1.931372549019608,5.0
0.0,18.0,1.0,20.0,0.0,5.0
1.0,10.0,2.0,16.0,295.9562091503268,5.0
3.0,18.0,5.0,20.0,0.0,5.0
1.0,18.0,3.0,20.0,0.0,5.0
9.0,10.0,10.0,18.0,35.202941176470596,5.0
9.0,18.0,10.0,20.0,0.0,5.0
5.0,18.0,7.0,20.0,0.0,5.0
7.0,17.0,8.0,20.0,1.2705882352941176,5.0
8.0,13.0,9.0,19.0,40.75359477124183,5.0
8.0,19.0,9.0,20.0,0.0,5.0
8.0,12.0,9.0,13.0,1.1294117647058823,5.0
