l_l_m,l_l_n,u_r_m,u_r_n,avg_sal,sal_state
2.0,3.0,3.0,7.0,1833.6676470588238,1.0
3.0,3.0,7.0,7.0,2459.6303921568633,1.0
7.0,3.0,8.0,7.0,1844.2352941176473,1.0
2.0,1.0,3.0,3.0,1111.3686274509803,1.0
3.0,1.0,7.0,3.0,2511.791666666667,1.0
7.0,1.0,8.0,3.0,2221.286274509804,1.0
2.0,0.0,3.0,1.0,1388.1529411764707,2.0
3.0,0.0,7.0,1.0,2073.9205882352944,2.0
7.0,0.0,8.0,1.0,1802.8392156862744,2.0
8.0,0.0,9.0,2.0,591.1078431372549,2.0
2.0,7.0,6.0,9.0,2216.703431372549,2.0
6.0,7.0,7.0,9.0,2257.782352941176,2.0
7.0,7.0,8.0,10.0,1581.708496732026,2.0
7.0,10.0,8.0,16.0,1400.0385620915033,2.0
7.0,16.0,8.0,20.0,1022.9666666666667,2.0
1.0,18.0,2.0,20.0,580.6313725490196,2.0
2.0,9.0,6.0,13.0,2301.127941176471,2.0
6.0,9.0,7.0,13.0,2435.787254901961,2.0
2.0,13.0,6.0,17.0,2382.8117647058825,2.0
6.0,13.0,7.0,17.0,2384.578431372549,2.0
2.0,17.0,6.0,20.0,2061.316013071896,2.0
6.0,17.0,7.0,20.0,1952.164705882353,2.0
8.0,2.0,9.0,7.0,207.17254901960786,4.0
8.0,7.0,9.0,13.0,288.6313725490196,4.0
8.0,13.0,9.0,18.0,129.77254901960782,4.0
9.0,10.0,10.0,12.0,6.4507843137254905,4.0
0.0,0.0,1.0,6.0,0.0,5.0
0.0,6.0,1.0,14.0,0.0,5.0
0.0,14.0,1.0,20.0,0.0,5.0
1.0,0.0,2.0,6.0,88.63137254901959,5.0
1.0,6.0,2.0,12.0,176.259477124183,5.0
1.0,12.0,2.0,18.0,300.4104575163399,5.0
9.0,12.0,10.0,20.0,7.281862745098039,5.0
8.0,18.0,9.0,20.0,1.1294117647058823,5.0
9.0,2.0,10.0,10.0,11.806372549019606,5.0
9.0,0.0,10.0,2.0,0.0,5.0
