l_l_m,l_l_n,u_r_m,u_r_n,avg_sal,sal_state
8.0,0.0,9.0,2.0,989.6941176470588,2.0
2.0,3.0,3.0,7.0,1555.577450980392,1.0
3.0,3.0,7.0,7.0,2315.8504901960778,1.0
7.0,3.0,8.0,7.0,1853.6774509803922,1.0
2.0,0.0,3.0,3.0,689.5738562091503,1.0
3.0,0.0,7.0,3.0,2518.556209150327,1.0
7.0,0.0,8.0,3.0,2226.2954248366013,1.0
4.0,9.0,7.0,11.0,2388.069934640523,1.0
3.0,12.0,7.0,16.0,2372.6193627450984,1.0
3.0,16.0,7.0,17.0,2446.072549019608,1.0
8.0,5.0,9.0,8.0,593.2535947712419,2.0
1.0,15.0,2.0,19.0,509.20490196078435,2.0
1.0,12.0,2.0,14.0,353.0921568627451,2.0
2.0,12.0,3.0,18.0,1964.9882352941174,2.0
2.0,18.0,3.0,19.0,1748.3764705882354,2.0
2.0,7.0,4.0,12.0,1899.9894117647061,2.0
7.0,7.0,8.0,9.0,1716.372549019608,2.0
7.0,9.0,8.0,15.0,1589.9202614379087,2.0
7.0,15.0,8.0,18.0,1289.1712418300654,2.0
6.0,17.0,7.0,18.0,1884.949019607843,2.0
4.0,7.0,7.0,9.0,2302.545098039216,2.0
4.0,11.0,7.0,12.0,2166.6522875816995,2.0
3.0,17.0,6.0,19.0,1545.6320261437909,2.0
8.0,8.0,9.0,14.0,574.3666666666667,4.0
8.0,14.0,9.0,20.0,647.7209150326797,4.0
9.0,17.0,10.0,20.0,35.68431372549019,4.0
6.0,18.0,8.0,20.0,911.2588235294119,4.0
1.0,6.0,2.0,12.0,285.8176470588235,4.0
1.0,2.0,2.0,6.0,184.97352941176476,4.0
8.0,2.0,9.0,5.0,66.91038489469862,4.0
4.0,19.0,6.0,20.0,735.4745098039217,4.0
2.0,19.0,4.0,20.0,386.2450980392157,4.0
1.0,19.0,2.0,20.0,154.0078431372549,4.0
0.0,0.0,1.0,6.0,0.0,5.0
0.0,6.0,1.0,14.0,0.39019607843137255,5.0
0.0,14.0,1.0,20.0,3.454901960784313,5.0
1.0,0.0,2.0,2.0,5.08235294117647,5.0
1.0,14.0,2.0,15.0,5.08235294117647,5.0
9.0,0.0,10.0,4.0,299.9519607843137,5.0
9.0,4.0,10.0,12.0,216.54803921568626,5.0
9.0,12.0,10.0,17.0,200.5764705882353,5.0
