l_l_m,l_l_n,u_r_m,u_r_n,avg_sal,sal_state
1.0,12.0,2.0,13.0,673.8705882352941,2.0
1.0,14.0,2.0,15.0,628.7803921568627,2.0
2.0,10.0,6.0,14.0,2391.6539215686275,1.0
2.0,14.0,6.0,15.0,2319.959803921569,1.0
3.0,16.0,7.0,20.0,2300.094852941177,1.0
7.0,16.0,8.0,20.0,1437.344117647059,1.0
4.0,8.0,6.0,10.0,1437.7607843137255,2.0
2.0,8.0,4.0,10.0,1891.194117647059,2.0
1.0,8.0,2.0,10.0,894.4039215686274,2.0
6.0,9.0,7.0,15.0,1994.632679738562,2.0
6.0,15.0,7.0,16.0,1866.4980392156867,2.0
7.0,11.0,8.0,16.0,873.7356862745097,2.0
1.0,16.0,2.0,17.0,805.1960784313725,2.0
2.0,16.0,3.0,20.0,1872.8892156862744,2.0
2.0,15.0,6.0,16.0,2186.487254901961,2.0
2.0,0.0,4.0,5.0,1813.4580392156865,1.0
4.0,0.0,5.0,6.0,1985.5535947712415,1.0
5.0,0.0,7.0,6.0,2080.0068627450987,1.0
7.0,0.0,8.0,6.0,1919.9058823529413,1.0
1.0,6.0,3.0,8.0,564.5843137254901,4.0
3.0,7.0,6.0,8.0,175.040522875817,4.0
0.0,2.0,1.0,10.0,2.0921568627450977,5.0
0.0,0.0,1.0,2.0,0.0,5.0
1.0,0.0,2.0,6.0,83.12418300653594,5.0
2.0,5.0,4.0,6.0,91.12745098039215,5.0
3.0,6.0,5.0,7.0,4.065882352941176,5.0
8.0,2.0,10.0,10.0,45.22230392156861,5.0
8.0,0.0,10.0,2.0,178.8019607843137,5.0
5.0,6.0,6.0,7.0,1.6941176470588235,5.0
7.0,6.0,8.0,10.0,1.2705882352941176,5.0
6.0,6.0,7.0,9.0,1.4521008403361344,5.0
0.0,10.0,1.0,18.0,35.30147058823529,5.0
0.0,18.0,1.0,20.0,0.07058823529411765,5.0
1.0,10.0,2.0,12.0,5.08235294117647,5.0
1.0,13.0,2.0,14.0,5.08235294117647,5.0
1.0,15.0,2.0,16.0,5.08235294117647,5.0
1.0,17.0,2.0,20.0,5.08235294117647,5.0
7.0,10.0,8.0,11.0,1.2705882352941176,5.0
8.0,10.0,10.0,18.0,57.757107843137256,5.0
8.0,18.0,10.0,20.0,194.08431372549018,5.0
