l_l_m,l_l_n,u_r_m,u_r_n,avg_sal,sal_state
3.0,8.0,4.0,9.0,2549.070588235294,1.0
4.0,8.0,6.0,9.0,2576.4745098039216,1.0
6.0,8.0,7.0,9.0,2562.6784313725493,1.0
3.0,9.0,4.0,11.0,2564.296078431373,1.0
4.0,9.0,6.0,11.0,2583.195098039216,1.0
6.0,9.0,7.0,11.0,2566.9666666666667,1.0
3.0,11.0,4.0,12.0,2472.372549019608,1.0
4.0,11.0,6.0,12.0,2543.1725490196077,1.0
6.0,11.0,7.0,12.0,2561.196078431373,1.0
2.0,6.0,3.0,8.0,1447.092156862745,2.0
2.0,8.0,3.0,12.0,1947.7460784313728,2.0
2.0,12.0,3.0,14.0,1745.105882352941,2.0
7.0,7.0,8.0,8.0,1471.105882352941,2.0
7.0,8.0,8.0,12.0,1618.7764705882355,2.0
7.0,12.0,8.0,13.0,1384.8313725490198,2.0
4.0,12.0,6.0,14.0,1119.9539215686273,4.0
3.0,12.0,4.0,14.0,1208.6039215686276,4.0
6.0,12.0,7.0,13.0,195.38655462184875,4.0
0.0,6.0,2.0,10.0,99.69656862745096,5.0
0.0,2.0,2.0,6.0,0.0,5.0
0.0,0.0,2.0,2.0,0.0,5.0
3.0,6.0,5.0,8.0,1203.6450980392156,5.0
3.0,4.0,5.0,6.0,0.2911764705882353,5.0
3.0,2.0,5.0,4.0,0.0,5.0
3.0,0.0,5.0,2.0,0.0,5.0
2.0,2.0,3.0,6.0,0.0,5.0
2.0,0.0,3.0,2.0,0.0,5.0
5.0,4.0,7.0,8.0,646.0377450980393,5.0
5.0,0.0,7.0,4.0,0.0,5.0
8.0,6.0,10.0,10.0,131.13823529411764,5.0
8.0,2.0,10.0,6.0,39.958823529411774,5.0
8.0,0.0,10.0,2.0,0.0,5.0
7.0,3.0,8.0,7.0,446.7735294117647,5.0
7.0,0.0,8.0,3.0,0.0,5.0
0.0,10.0,2.0,14.0,121.175,5.0
0.0,14.0,2.0,18.0,3.0073529411764706,5.0
0.0,18.0,2.0,20.0,0.0,5.0
3.0,14.0,5.0,18.0,0.24754901960784315,5.0
2.0,14.0,3.0,18.0,4.58921568627451,5.0
3.0,18.0,5.0,20.0,0.0,5.0
2.0,18.0,3.0,20.0,0.0,5.0
8.0,10.0,10.0,14.0,84.13137254901962,5.0
8.0,14.0,10.0,18.0,0.012254901960784314,5.0
8.0,18.0,10.0,20.0,0.0,5.0
5.0,14.0,6.0,16.0,2.533333333333333,5.0
5.0,16.0,6.0,18.0,0.0,5.0
5.0,18.0,6.0,20.0,0.0,5.0
6.0,13.0,8.0,17.0,227.39264705882354,5.0
6.0,17.0,8.0,20.0,0.0,5.0
