l_l_m,l_l_n,u_r_m,u_r_n,avg_sal,sal_state
2.0,0.0,4.0,1.0,2192.837254901961,1.0
4.0,0.0,6.0,1.0,2310.3901960784315,1.0
6.0,0.0,8.0,1.0,1952.7176470588236,1.0
3.0,6.0,4.0,8.0,2237.7431372549013,1.0
4.0,6.0,6.0,8.0,2502.149019607843,1.0
6.0,6.0,7.0,8.0,2509.3274509803923,1.0
3.0,4.0,4.0,6.0,2108.041176470588,1.0
4.0,4.0,6.0,6.0,2483.875490196079,1.0
6.0,4.0,7.0,6.0,2512.8529411764707,1.0
3.0,3.0,4.0,4.0,2253.1294117647053,1.0
4.0,3.0,6.0,4.0,2554.4666666666667,1.0
6.0,3.0,7.0,4.0,2543.5686274509803,1.0
2.0,10.0,4.0,12.0,2071.2343137254898,1.0
4.0,10.0,6.0,12.0,2494.0862745098043,1.0
6.0,10.0,8.0,12.0,2251.2735294117647,1.0
2.0,12.0,4.0,14.0,2190.8235294117653,1.0
4.0,12.0,6.0,14.0,2562.4823529411765,1.0
6.0,12.0,8.0,14.0,2201.2598039215686,1.0
2.0,14.0,4.0,15.0,2116.578431372549,1.0
4.0,14.0,6.0,15.0,2500.898039215687,1.0
6.0,14.0,8.0,15.0,2216.894117647059,1.0
3.0,15.0,5.0,18.0,1717.2516339869285,2.0
2.0,15.0,3.0,18.0,1806.567320261438,2.0
5.0,15.0,7.0,17.0,2134.346078431373,2.0
7.0,15.0,8.0,17.0,1412.7705882352939,2.0
1.0,16.0,2.0,18.0,359.0196078431373,2.0
7.0,6.0,8.0,10.0,2043.593137254902,2.0
7.0,2.0,8.0,6.0,1992.9568627450979,2.0
7.0,1.0,8.0,2.0,1796.1450980392153,2.0
2.0,6.0,3.0,10.0,1417.329411764706,2.0
2.0,3.0,3.0,6.0,1516.022222222222,2.0
3.0,8.0,4.0,10.0,2039.327450980392,2.0
4.0,8.0,6.0,10.0,2125.574509803921,2.0
6.0,8.0,7.0,10.0,2277.7274509803924,2.0
2.0,1.0,3.0,3.0,716.9392156862746,4.0
3.0,1.0,5.0,3.0,852.4098039215685,4.0
5.0,1.0,7.0,3.0,1145.7980392156862,4.0
8.0,2.0,9.0,6.0,358.19019607843137,4.0
8.0,0.0,9.0,2.0,450.0274509803921,4.0
8.0,6.0,9.0,10.0,348.07941176470587,4.0
8.0,10.0,9.0,14.0,148.9392156862745,4.0
8.0,14.0,9.0,17.0,66.75424836601307,4.0
9.0,1.0,10.0,4.0,4.788496732026144,4.0
1.0,7.0,2.0,9.0,44.24509803921568,4.0
1.0,9.0,2.0,13.0,102.5823529411765,4.0
1.0,13.0,2.0,16.0,147.24575163398694,4.0
0.0,4.0,1.0,8.0,0.0,5.0
0.0,0.0,1.0,4.0,0.0,5.0
0.0,8.0,1.0,12.0,0.0,5.0
0.0,12.0,1.0,16.0,0.0,5.0
0.0,16.0,1.0,20.0,0.0,5.0
1.0,3.0,2.0,7.0,19.32647058823529,5.0
1.0,0.0,2.0,3.0,18.564705882352943,5.0
3.0,18.0,5.0,20.0,0.0,5.0
1.0,18.0,3.0,20.0,2.3225490196078433,5.0
5.0,17.0,7.0,20.0,28.68496732026144,5.0
7.0,17.0,9.0,20.0,0.6,5.0
9.0,6.0,10.0,10.0,32.11274509803921,5.0
9.0,4.0,10.0,6.0,75.5843137254902,5.0
9.0,10.0,10.0,14.0,0.0,5.0
9.0,14.0,10.0,18.0,0.0,5.0
9.0,18.0,10.0,20.0,0.0,5.0
9.0,0.0,10.0,1.0,1.016470588235294,5.0
