l_l_m,l_l_n,u_r_m,u_r_n,avg_sal,sal_state
3.0,1.0,4.0,2.0,2571.8549019607844,1.0
4.0,1.0,6.0,2.0,2567.692156862745,1.0
6.0,1.0,7.0,2.0,2526.705882352941,1.0
3.0,6.0,4.0,8.0,2534.709803921569,1.0
4.0,6.0,6.0,8.0,2542.0117647058823,1.0
6.0,6.0,7.0,8.0,2491.872549019608,1.0
3.0,4.0,4.0,6.0,2501.1529411764704,1.0
4.0,4.0,6.0,6.0,2500.221568627451,1.0
6.0,4.0,7.0,6.0,2453.4254901960785,1.0
3.0,3.0,4.0,4.0,2453.0156862745102,1.0
4.0,3.0,6.0,4.0,2507.1960784313724,1.0
6.0,3.0,7.0,4.0,2462.917647058824,1.0
2.0,10.0,4.0,12.0,2287.2441176470597,1.0
4.0,10.0,6.0,12.0,2428.019607843137,1.0
6.0,10.0,8.0,12.0,2020.214705882353,1.0
2.0,12.0,4.0,14.0,2314.690196078432,1.0
4.0,12.0,6.0,14.0,2505.1627450980395,1.0
6.0,12.0,8.0,14.0,2118.7264705882353,1.0
2.0,14.0,4.0,16.0,1966.1911764705883,1.0
4.0,14.0,6.0,16.0,2351.8970588235293,1.0
6.0,14.0,8.0,16.0,2093.2313725490194,1.0
2.0,6.0,3.0,10.0,1931.9715686274512,2.0
2.0,2.0,3.0,6.0,2015.6735294117652,2.0
2.0,0.0,3.0,2.0,1807.2862745098041,2.0
7.0,6.0,8.0,10.0,1702.5343137254904,2.0
7.0,2.0,8.0,6.0,1517.2117647058826,2.0
7.0,0.0,8.0,2.0,1677.6999999999996,2.0
3.0,2.0,4.0,3.0,2300.5294117647063,2.0
4.0,2.0,6.0,3.0,2163.803921568628,2.0
6.0,2.0,7.0,3.0,2034.1960784313726,2.0
3.0,0.0,4.0,1.0,2045.6509803921567,2.0
4.0,0.0,6.0,1.0,2112.898039215687,2.0
6.0,0.0,7.0,1.0,2194.427450980392,2.0
3.0,8.0,4.0,10.0,2275.7764705882355,2.0
4.0,8.0,6.0,10.0,2269.300980392157,2.0
6.0,8.0,7.0,10.0,2284.9745098039216,2.0
3.0,16.0,4.0,18.0,2003.3117647058825,1.0
4.0,16.0,6.0,18.0,2478.524509803921,1.0
6.0,16.0,7.0,18.0,2439.043137254902,1.0
3.0,18.0,4.0,19.0,2110.454901960785,1.0
4.0,18.0,6.0,19.0,2495.045098039216,1.0
6.0,18.0,7.0,19.0,2485.572549019608,1.0
7.0,16.0,8.0,20.0,2119.2960784313727,2.0
3.0,19.0,4.0,20.0,1973.8980392156866,2.0
4.0,19.0,6.0,20.0,2074.3254901960777,2.0
6.0,19.0,7.0,20.0,2050.5490196078435,2.0
8.0,13.0,9.0,17.0,267.44607843137254,4.0
8.0,17.0,9.0,20.0,521.7150326797387,4.0
0.0,4.0,2.0,8.0,67.06764705882354,5.0
0.0,0.0,2.0,4.0,93.12990196078432,5.0
0.0,8.0,2.0,12.0,39.57450980392157,5.0
0.0,12.0,2.0,16.0,36.61323529411764,5.0
0.0,16.0,2.0,20.0,27.717647058823534,5.0
2.0,16.0,3.0,20.0,202.27549019607847,5.0
8.0,9.0,9.0,13.0,27.64901960784314,5.0
8.0,5.0,9.0,9.0,73.66372549019607,5.0
8.0,1.0,9.0,5.0,46.27549019607844,5.0
8.0,0.0,9.0,1.0,190.9450980392157,5.0
9.0,4.0,10.0,8.0,0.0,5.0
9.0,0.0,10.0,4.0,0.0,5.0
9.0,8.0,10.0,12.0,0.0,5.0
9.0,12.0,10.0,16.0,0.011764705882352941,5.0
9.0,16.0,10.0,20.0,3.6352941176470583,5.0
