l_l_m,l_l_n,u_r_m,u_r_n,avg_sal,sal_state
4.0,2.0,6.0,4.0,2427.746078431373,1.0
6.0,2.0,7.0,4.0,2365.100000000001,1.0
4.0,0.0,6.0,2.0,2425.7558823529416,1.0
6.0,0.0,7.0,2.0,2425.572549019608,1.0
3.0,1.0,4.0,4.0,2407.230065359477,1.0
4.0,9.0,6.0,11.0,2467.446078431373,1.0
6.0,9.0,7.0,11.0,2517.1843137254905,1.0
4.0,7.0,6.0,9.0,2345.959803921569,1.0
6.0,7.0,7.0,9.0,2310.7137254901963,1.0
4.0,5.0,6.0,7.0,2383.629411764706,1.0
6.0,5.0,7.0,7.0,2434.286274509805,1.0
4.0,11.0,6.0,13.0,2446.546078431373,1.0
6.0,11.0,7.0,13.0,2367.7156862745096,1.0
4.0,13.0,6.0,15.0,2457.0705882352945,1.0
6.0,13.0,7.0,15.0,2462.778431372549,1.0
4.0,15.0,6.0,17.0,2322.437254901961,1.0
6.0,15.0,7.0,17.0,2252.6764705882347,1.0
4.0,17.0,6.0,19.0,2209.772549019608,1.0
6.0,17.0,7.0,19.0,2102.605882352941,1.0
4.0,19.0,6.0,20.0,2312.0392156862745,1.0
6.0,19.0,7.0,20.0,2159.4431372549016,1.0
7.0,6.0,8.0,10.0,1761.2911764705884,1.0
7.0,5.0,8.0,6.0,1808.701960784314,1.0
7.0,10.0,8.0,14.0,1734.0990196078433,1.0
7.0,14.0,8.0,18.0,1262.5,1.0
7.0,18.0,8.0,19.0,1594.1294117647058,1.0
2.0,7.0,4.0,11.0,2126.0156862745107,1.0
2.0,11.0,4.0,15.0,2231.035784313726,1.0
2.0,15.0,4.0,19.0,2227.855882352941,1.0
2.0,19.0,4.0,20.0,2137.790196078432,1.0
2.0,3.0,3.0,7.0,1821.4941176470584,2.0
2.0,0.0,3.0,3.0,1639.1725490196075,2.0
3.0,0.0,4.0,1.0,2162.3450980392154,2.0
3.0,4.0,4.0,7.0,2332.530718954249,2.0
4.0,4.0,6.0,5.0,2397.974509803922,2.0
6.0,4.0,7.0,5.0,2393.5254901960793,2.0
7.0,1.0,8.0,5.0,1631.0303921568632,2.0
7.0,0.0,8.0,1.0,1522.4078431372545,2.0
1.0,4.0,2.0,8.0,76.08725490196078,4.0
1.0,0.0,2.0,4.0,195.60098039215686,4.0
1.0,8.0,2.0,12.0,68.35882352941175,4.0
1.0,12.0,2.0,16.0,163.89607843137253,4.0
1.0,16.0,2.0,20.0,244.3401960784314,4.0
8.0,1.0,9.0,5.0,228.56764705882355,4.0
8.0,0.0,9.0,1.0,258.89019607843136,4.0
8.0,5.0,9.0,9.0,133.41666666666669,4.0
8.0,9.0,9.0,13.0,77.09607843137255,4.0
8.0,13.0,9.0,15.0,54.02156862745098,4.0
8.0,17.0,9.0,20.0,11.559912854030502,4.0
7.0,19.0,8.0,20.0,86.17941176470589,4.0
9.0,4.0,10.0,8.0,0.11176470588235296,5.0
9.0,0.0,10.0,4.0,1.1254901960784314,5.0
9.0,8.0,10.0,12.0,0.0,5.0
9.0,12.0,10.0,16.0,0.0,5.0
9.0,16.0,10.0,20.0,0.0,5.0
8.0,15.0,9.0,17.0,1.1294117647058823,5.0
0.0,4.0,1.0,8.0,0.0,5.0
0.0,0.0,1.0,4.0,0.0,5.0
0.0,8.0,1.0,12.0,0.0,5.0
0.0,12.0,1.0,16.0,0.0,5.0
0.0,16.0,1.0,20.0,0.0,5.0
