l_l_m,l_l_n,u_r_m,u_r_n,avg_sal,sal_state
2.0,9.0,4.0,10.0,2159.070588235294,2.0
4.0,9.0,6.0,10.0,2462.4254901960785,2.0
6.0,9.0,8.0,10.0,2027.9823529411765,2.0
2.0,18.0,4.0,19.0,1909.8196078431372,2.0
4.0,18.0,6.0,19.0,2243.188235294117,2.0
6.0,18.0,8.0,19.0,2167.7333333333336,2.0
2.0,7.0,4.0,9.0,2320.2754901960793,1.0
4.0,7.0,6.0,9.0,2448.810784313726,1.0
6.0,7.0,8.0,9.0,1954.6833333333332,1.0
2.0,5.0,4.0,7.0,2072.268627450981,1.0
4.0,5.0,6.0,7.0,2360.6980392156865,1.0
6.0,5.0,8.0,7.0,2168.898039215687,1.0
2.0,3.0,4.0,5.0,2070.8990196078435,1.0
4.0,3.0,6.0,5.0,2543.185294117648,1.0
6.0,3.0,8.0,5.0,2225.2794117647063,1.0
2.0,1.0,4.0,3.0,1996.6254901960788,1.0
4.0,1.0,6.0,3.0,2560.543137254902,1.0
6.0,1.0,8.0,3.0,2265.6107843137256,1.0
2.0,0.0,4.0,1.0,1696.7215686274508,1.0
4.0,0.0,6.0,1.0,2379.7352941176473,1.0
6.0,0.0,8.0,1.0,2246.350980392157,1.0
2.0,10.0,4.0,12.0,2166.0343137254904,1.0
4.0,10.0,6.0,12.0,2443.819607843137,1.0
6.0,10.0,8.0,12.0,1996.7460784313728,1.0
2.0,12.0,4.0,14.0,2039.1519607843134,1.0
4.0,12.0,6.0,14.0,2441.0147058823527,1.0
6.0,12.0,8.0,14.0,2089.935294117648,1.0
2.0,14.0,4.0,16.0,1982.5264705882355,1.0
4.0,14.0,6.0,16.0,2496.788235294118,1.0
6.0,14.0,8.0,16.0,2275.13137254902,1.0
2.0,16.0,4.0,18.0,2087.2235294117645,1.0
4.0,16.0,6.0,18.0,2548.185294117647,1.0
6.0,16.0,8.0,18.0,2306.288235294118,1.0
8.0,18.0,9.0,20.0,23.95468409586057,4.0
1.0,19.0,3.0,20.0,247.8156862745098,4.0
3.0,19.0,5.0,20.0,512.0137254901962,4.0
5.0,19.0,7.0,20.0,598.2098039215688,4.0
7.0,19.0,8.0,20.0,871.4156862745098,4.0
8.0,7.0,9.0,11.0,57.99509803921569,4.0
8.0,3.0,9.0,7.0,177.6980392156863,4.0
8.0,0.0,9.0,3.0,236.82875816993462,4.0
1.0,9.0,2.0,13.0,89.25588235294117,4.0
1.0,5.0,2.0,9.0,64.79313725490196,4.0
1.0,2.0,2.0,5.0,57.56470588235293,4.0
0.0,4.0,1.0,8.0,0.0,5.0
0.0,0.0,1.0,4.0,0.0,5.0
0.0,8.0,1.0,12.0,0.0,5.0
0.0,12.0,1.0,16.0,0.0,5.0
0.0,16.0,1.0,20.0,0.0,5.0
1.0,0.0,2.0,2.0,5.08235294117647,5.0
1.0,13.0,2.0,17.0,14.473529411764705,5.0
1.0,17.0,2.0,19.0,5.074509803921568,5.0
9.0,4.0,10.0,8.0,0.0,5.0
9.0,0.0,10.0,4.0,0.9882352941176468,5.0
9.0,8.0,10.0,12.0,0.0,5.0
9.0,12.0,10.0,16.0,0.0,5.0
9.0,16.0,10.0,20.0,0.0,5.0
8.0,11.0,9.0,15.0,34.01176470588236,5.0
8.0,15.0,9.0,18.0,34.55947712418301,5.0
