l_l_m,l_l_n,u_r_m,u_r_n,avg_sal,sal_state
2.0,0.0,4.0,1.0,1938.7196078431373,2.0
4.0,0.0,6.0,1.0,2269.6196078431367,2.0
6.0,0.0,8.0,1.0,2065.113725490196,2.0
2.0,11.0,4.0,13.0,2167.095098039216,1.0
4.0,11.0,6.0,13.0,2558.9460784313724,1.0
6.0,11.0,8.0,13.0,2191.206862745098,1.0
2.0,9.0,4.0,11.0,2139.7205882352937,1.0
4.0,9.0,6.0,11.0,2416.592156862745,1.0
6.0,9.0,8.0,11.0,2127.435294117647,1.0
2.0,7.0,4.0,9.0,2208.3362745098043,1.0
4.0,7.0,6.0,9.0,2330.973529411765,1.0
6.0,7.0,8.0,9.0,1960.0970588235293,1.0
2.0,5.0,4.0,7.0,2263.7549019607845,1.0
4.0,5.0,6.0,7.0,2359.410784313726,1.0
6.0,5.0,8.0,7.0,1881.563725490196,1.0
2.0,3.0,4.0,5.0,2248.999019607844,1.0
4.0,3.0,6.0,5.0,2552.436274509804,1.0
6.0,3.0,8.0,5.0,2111.788235294118,1.0
2.0,1.0,4.0,3.0,2229.6127450980393,1.0
4.0,1.0,6.0,3.0,2482.3176470588237,1.0
6.0,1.0,8.0,3.0,1996.877450980392,1.0
4.0,14.0,6.0,16.0,2533.814705882353,1.0
3.0,14.0,4.0,16.0,2381.152941176471,1.0
2.0,13.0,3.0,16.0,1578.7032679738559,2.0
4.0,13.0,6.0,14.0,2397.596078431373,2.0
3.0,13.0,4.0,14.0,2376.0000000000005,2.0
3.0,16.0,4.0,18.0,1860.0098039215686,1.0
4.0,16.0,6.0,18.0,2273.4598039215684,1.0
6.0,16.0,7.0,18.0,2303.837254901961,1.0
3.0,18.0,4.0,19.0,2281.4235294117643,1.0
4.0,18.0,6.0,19.0,2498.309803921569,1.0
6.0,18.0,7.0,19.0,2408.964705882353,1.0
7.0,16.0,8.0,20.0,2120.714705882353,2.0
3.0,19.0,4.0,20.0,1509.329411764706,2.0
4.0,19.0,6.0,20.0,1868.4725490196079,2.0
6.0,19.0,7.0,20.0,2140.5647058823533,2.0
6.0,13.0,8.0,16.0,2203.177777777779,2.0
8.0,8.0,9.0,12.0,52.318627450980394,4.0
8.0,12.0,9.0,16.0,171.45294117647057,4.0
8.0,16.0,9.0,20.0,484.73725490196085,4.0
1.0,7.0,2.0,10.0,93.0248366013072,4.0
1.0,10.0,2.0,14.0,96.40294117647059,4.0
1.0,14.0,2.0,17.0,52.50588235294117,4.0
2.0,16.0,3.0,17.0,77.32679738562092,4.0
2.0,17.0,3.0,20.0,73.28888888888889,4.0
1.0,3.0,2.0,7.0,119.90196078431372,4.0
1.0,0.0,2.0,3.0,89.58431372549019,4.0
8.0,4.0,9.0,8.0,35.078431372549026,5.0
8.0,0.0,9.0,4.0,85.60490196078432,5.0
9.0,4.0,10.0,8.0,0.0,5.0
9.0,0.0,10.0,4.0,0.0,5.0
9.0,8.0,10.0,12.0,0.0,5.0
9.0,12.0,10.0,16.0,0.020588235294117647,5.0
9.0,16.0,10.0,20.0,2.6088235294117643,5.0
0.0,4.0,1.0,8.0,0.0,5.0
0.0,0.0,1.0,4.0,0.0,5.0
0.0,8.0,1.0,12.0,0.0,5.0
0.0,12.0,1.0,16.0,0.0,5.0
0.0,16.0,1.0,20.0,0.0,5.0
1.0,17.0,2.0,20.0,5.08235294117647,5.0
