l_l_m,l_l_n,u_r_m,u_r_n,avg_sal,sal_state
2.0,6.0,8.0,11.0,2195.0413071895427,1.0
5.0,12.0,8.0,13.0,2338.1006535947713,1.0
4.0,14.0,6.0,15.0,2480.8117647058825,1.0
3.0,16.0,7.0,18.0,2508.848039215686,1.0
2.0,0.0,3.0,3.0,1771.0640522875813,2.0
7.0,0.0,8.0,6.0,1318.9169934640522,2.0
2.0,5.0,3.0,6.0,1605.113725490196,2.0
3.0,2.0,7.0,6.0,2334.2654411764706,2.0
3.0,0.0,7.0,2.0,2295.500980392157,2.0
2.0,11.0,3.0,20.0,1603.0736383442263,2.0
3.0,11.0,4.0,16.0,2309.137254901961,2.0
5.0,13.0,6.0,14.0,2251.7333333333336,2.0
7.0,13.0,8.0,20.0,1980.4179271708688,2.0
5.0,11.0,8.0,12.0,2172.071895424837,2.0
4.0,11.0,5.0,14.0,2327.4980392156867,2.0
6.0,13.0,7.0,16.0,2464.444444444445,2.0
4.0,15.0,6.0,16.0,2406.637254901961,2.0
3.0,18.0,7.0,20.0,2318.859313725491,2.0
8.0,0.0,9.0,4.0,268.2911764705882,4.0
8.0,4.0,9.0,16.0,206.1447712418301,4.0
8.0,16.0,9.0,20.0,243.07156862745097,4.0
0.0,0.0,2.0,4.0,157.89852941176474,5.0
0.0,4.0,2.0,16.0,50.239052287581714,5.0
0.0,16.0,2.0,20.0,57.08235294117646,5.0
2.0,3.0,3.0,5.0,3.388235294117647,5.0
9.0,0.0,10.0,3.0,0.007843137254901959,5.0
9.0,3.0,10.0,17.0,1.7546218487394956,5.0
9.0,17.0,10.0,20.0,7.9150326797385615,5.0
