l_l_m,l_l_n,u_r_m,u_r_n,avg_sal,sal_state
6.0,9.0,8.0,10.0,2176.717647058824,1.0
2.0,19.0,4.0,20.0,2234.337254901961,1.0
2.0,0.0,8.0,8.0,2195.3561274509807,1.0
3.0,8.0,5.0,13.0,2419.4980392156867,1.0
2.0,8.0,3.0,19.0,1869.0320855614973,2.0
3.0,13.0,4.0,19.0,2303.937908496733,2.0
4.0,13.0,5.0,20.0,2206.3971988795524,2.0
5.0,8.0,6.0,16.0,2137.3524509803924,2.0
5.0,16.0,6.0,20.0,2254.8696078431376,2.0
6.0,8.0,8.0,9.0,2153.1843137254905,2.0
6.0,10.0,8.0,20.0,1793.9896078431375,2.0
0.0,0.0,1.0,6.0,495.9098039215688,4.0
1.0,0.0,2.0,4.0,331.3813725490196,4.0
1.0,4.0,2.0,16.0,514.3411764705883,4.0
1.0,16.0,2.0,20.0,532.0411764705882,4.0
8.0,3.0,9.0,14.0,27.275341651812237,4.0
8.0,0.0,9.0,3.0,1.1294117647058823,5.0
9.0,0.0,10.0,3.0,0.0,5.0
9.0,3.0,10.0,17.0,0.0,5.0
9.0,17.0,10.0,20.0,0.0,5.0
8.0,14.0,9.0,20.0,1.1294117647058823,5.0
0.0,6.0,1.0,20.0,185.4361344537815,5.0
