l_l_m,l_l_n,u_r_m,u_r_n,avg_sal,sal_state
8.0,8.0,9.0,9.0,486.48627450980393,2.0
2.0,19.0,4.0,20.0,2055.2078431372547,2.0
2.0,2.0,8.0,10.0,2111.8888071895426,1.0
2.0,0.0,8.0,2.0,2237.265032679739,1.0
2.0,11.0,4.0,19.0,2098.0928921568634,1.0
4.0,11.0,7.0,19.0,2370.945424836601,1.0
4.0,19.0,7.0,20.0,2416.688888888889,1.0
2.0,10.0,7.0,11.0,2130.3874509803927,2.0
7.0,10.0,8.0,20.0,1657.0705882352945,2.0
1.0,8.0,2.0,20.0,307.7460784313725,4.0
8.0,9.0,9.0,20.0,21.21235888294712,4.0
1.0,0.0,2.0,8.0,79.12549019607843,4.0
8.0,0.0,9.0,8.0,17.585021786492373,4.0
9.0,0.0,10.0,3.0,0.0,5.0
9.0,3.0,10.0,17.0,0.0,5.0
9.0,17.0,10.0,20.0,0.0,5.0
0.0,0.0,1.0,3.0,0.0,5.0
0.0,3.0,1.0,17.0,30.533893557422967,5.0
0.0,17.0,1.0,20.0,4.295424836601307,5.0
