l_l_m,l_l_n,u_r_m,u_r_n,avg_sal,sal_state
1.0,11.0,2.0,13.0,563.7686274509804,2.0
3.0,1.0,8.0,5.0,2219.1860784313726,1.0
3.0,6.0,8.0,7.0,2433.289411764706,1.0
3.0,8.0,8.0,10.0,2304.773725490196,1.0
2.0,11.0,7.0,13.0,2364.3627450980393,1.0
3.0,14.0,8.0,18.0,2135.8678431372555,1.0
1.0,0.0,2.0,2.0,372.7254901960785,2.0
2.0,0.0,3.0,11.0,1904.6456327985736,2.0
3.0,5.0,8.0,6.0,2146.6321568627454,2.0
3.0,7.0,8.0,8.0,2013.962352941177,2.0
3.0,10.0,7.0,11.0,2239.4196078431373,2.0
7.0,10.0,8.0,14.0,1396.1264705882352,2.0
1.0,19.0,2.0,20.0,360.4196078431372,2.0
2.0,18.0,8.0,20.0,1915.35522875817,2.0
1.0,17.0,2.0,18.0,472.08627450980384,2.0
3.0,13.0,7.0,14.0,2145.837254901961,2.0
3.0,0.0,8.0,1.0,2089.888627450981,2.0
2.0,13.0,3.0,18.0,1776.5288515406162,2.0
9.0,3.0,10.0,6.0,26.20065359477125,4.0
8.0,8.0,9.0,20.0,549.5539215686274,4.0
1.0,13.0,2.0,17.0,296.1725490196078,4.0
1.0,7.0,2.0,11.0,185.2049019607843,4.0
1.0,2.0,2.0,7.0,112.38509803921568,4.0
8.0,0.0,9.0,8.0,62.10254175744372,4.0
0.0,0.0,1.0,3.0,0.0,5.0
0.0,3.0,1.0,17.0,25.52016806722689,5.0
0.0,17.0,1.0,20.0,0.026143790849673203,5.0
1.0,18.0,2.0,19.0,5.08235294117647,5.0
9.0,6.0,10.0,20.0,213.24957983193283,5.0
9.0,0.0,10.0,3.0,1.016470588235294,5.0
