l_l_m,l_l_n,u_r_m,u_r_n,avg_sal,sal_state
7.0,1.0,8.0,2.0,917.7058823529413,2.0
8.0,2.0,9.0,5.0,355.1202614379085,2.0
2.0,10.0,8.0,12.0,2005.9205882352944,2.0
2.0,2.0,8.0,10.0,2181.414297385621,1.0
2.0,12.0,8.0,20.0,2191.898529411765,1.0
0.0,0.0,1.0,13.0,395.8769230769232,4.0
1.0,0.0,2.0,4.0,743.9401960784314,4.0
1.0,4.0,2.0,16.0,526.1754901960784,4.0
1.0,16.0,2.0,20.0,469.00392156862745,4.0
7.0,0.0,8.0,1.0,148.39460784313724,4.0
8.0,0.0,9.0,2.0,49.89302832244008,4.0
2.0,0.0,7.0,2.0,635.3366946778713,4.0
8.0,5.0,9.0,6.0,255.61568627450973,4.0
8.0,6.0,9.0,18.0,249.83006535947712,4.0
8.0,18.0,9.0,20.0,463.9529411764706,4.0
9.0,0.0,10.0,3.0,0.0,5.0
9.0,3.0,10.0,17.0,0.1176470588235294,5.0
9.0,17.0,10.0,20.0,2.5620915032679736,5.0
-0.0,13.0,1.0,20.0,10.164705882352944,5.0
