l_l_m,l_l_n,u_r_m,u_r_n,avg_sal,sal_state
2.0,0.0,8.0,4.0,2330.114705882353,1.0
5.0,5.0,7.0,6.0,2234.2294117647057,1.0
3.0,8.0,7.0,10.0,2541.4313725490197,1.0
3.0,11.0,7.0,13.0,2457.8088235294117,1.0
3.0,14.0,8.0,16.0,2300.3984313725496,1.0
2.0,17.0,8.0,20.0,2142.0509803921573,1.0
2.0,4.0,3.0,16.0,1660.5647058823529,2.0
2.0,16.0,3.0,17.0,1684.8549019607847,2.0
3.0,4.0,5.0,8.0,2285.0068627450987,2.0
3.0,16.0,8.0,17.0,2059.668235294118,2.0
3.0,10.0,7.0,11.0,2382.375490196079,2.0
3.0,13.0,7.0,14.0,2247.383333333333,2.0
5.0,4.0,7.0,5.0,1815.258823529412,2.0
7.0,4.0,8.0,14.0,1855.6701960784314,2.0
5.0,6.0,7.0,8.0,2478.5147058823527,2.0
8.0,1.0,9.0,3.0,35.51176470588236,4.0
8.0,3.0,9.0,15.0,146.08692810457515,4.0
8.0,15.0,9.0,18.0,109.17777777777776,4.0
1.0,3.0,2.0,12.0,69.96296296296296,4.0
1.0,12.0,2.0,20.0,50.95735294117648,4.0
8.0,0.0,9.0,1.0,1.1294117647058823,5.0
9.0,0.0,10.0,3.0,0.0,5.0
9.0,3.0,10.0,17.0,0.0,5.0
9.0,17.0,10.0,20.0,0.0,5.0
8.0,18.0,9.0,20.0,1.1294117647058823,5.0
0.0,0.0,1.0,3.0,0.0,5.0
0.0,3.0,1.0,17.0,0.0,5.0
0.0,17.0,1.0,20.0,0.0,5.0
1.0,0.0,2.0,3.0,5.08235294117647,5.0
