l_l_m,l_l_n,u_r_m,u_r_n,avg_sal,sal_state
2.0,4.0,8.0,5.0,2235.21568627451,2.0
2.0,0.0,8.0,4.0,2295.284640522876,1.0
2.0,5.0,8.0,7.0,2246.2307189542485,1.0
3.0,10.0,7.0,13.0,2490.556535947713,1.0
2.0,15.0,8.0,19.0,2180.5383986928105,1.0
2.0,7.0,3.0,15.0,1566.5764705882348,2.0
7.0,7.0,8.0,15.0,1972.1671568627453,2.0
3.0,7.0,7.0,10.0,2404.1075163398696,2.0
3.0,13.0,7.0,15.0,2351.343137254902,2.0
8.0,1.0,9.0,4.0,47.26013071895425,4.0
8.0,4.0,9.0,16.0,205.32026143790853,4.0
8.0,16.0,9.0,19.0,88.54117647058823,4.0
1.0,0.0,2.0,4.0,61.71666666666667,4.0
1.0,4.0,2.0,16.0,170.1486928104575,4.0
1.0,16.0,2.0,20.0,73.58235294117647,4.0
2.0,19.0,8.0,20.0,322.4607843137255,4.0
8.0,0.0,9.0,1.0,1.1294117647058823,5.0
9.0,0.0,10.0,3.0,0.0,5.0
9.0,3.0,10.0,17.0,0.2252100840336135,5.0
9.0,17.0,10.0,20.0,0.0,5.0
8.0,19.0,9.0,20.0,1.1294117647058823,5.0
0.0,0.0,1.0,3.0,0.0,5.0
0.0,3.0,1.0,17.0,0.0,5.0
0.0,17.0,1.0,20.0,0.0,5.0
