l_l_m,l_l_n,u_r_m,u_r_n,avg_sal,sal_state
2.0,3.0,8.0,5.0,2052.8366013071895,2.0
2.0,5.0,8.0,8.0,2281.361002178649,1.0
3.0,10.0,7.0,16.0,2430.73137254902,1.0
2.0,17.0,3.0,18.0,764.3803921568626,1.0
3.0,17.0,8.0,20.0,2145.9887581699345,1.0
2.0,19.0,3.0,20.0,1063.0862745098038,1.0
2.0,8.0,3.0,17.0,1695.2326797385626,2.0
7.0,8.0,8.0,17.0,1808.875816993464,2.0
3.0,8.0,7.0,10.0,2414.703431372549,2.0
3.0,16.0,7.0,17.0,2271.7137254901963,2.0
8.0,1.0,9.0,3.0,370.04117647058814,2.0
2.0,0.0,8.0,3.0,2162.295206971677,1.0
8.0,3.0,9.0,5.0,72.24313725490197,4.0
8.0,5.0,9.0,17.0,151.63039215686277,4.0
8.0,17.0,9.0,20.0,201.0666666666667,4.0
0.0,0.0,2.0,4.0,4.7181372549019605,5.0
0.0,4.0,2.0,16.0,81.6388888888889,5.0
0.0,16.0,2.0,20.0,17.70441176470588,5.0
2.0,18.0,3.0,19.0,3.388235294117647,5.0
8.0,0.0,9.0,1.0,1.1294117647058823,5.0
9.0,0.0,10.0,3.0,0.0,5.0
9.0,3.0,10.0,17.0,0.0,5.0
9.0,17.0,10.0,20.0,0.0,5.0
