l_l_m,l_l_n,u_r_m,u_r_n,avg_sal,sal_state
2.0,6.0,8.0,7.0,1881.2124183006533,2.0
2.0,7.0,8.0,12.0,2271.3559477124186,1.0
5.0,13.0,6.0,14.0,2396.356862745098,1.0
3.0,15.0,7.0,19.0,2431.726960784314,1.0
2.0,12.0,5.0,14.0,2108.479738562092,2.0
6.0,12.0,7.0,15.0,2340.9202614379087,2.0
2.0,19.0,7.0,20.0,1957.8627450980387,2.0
3.0,14.0,6.0,15.0,2116.783006535948,2.0
7.0,12.0,8.0,20.0,2005.8916666666669,2.0
5.0,12.0,6.0,13.0,2401.937254901961,2.0
2.0,0.0,8.0,1.0,2138.8849673202617,2.0
2.0,1.0,8.0,5.0,2281.883986928105,1.0
2.0,5.0,6.0,6.0,2079.807843137255,2.0
6.0,5.0,8.0,6.0,2026.73137254902,2.0
2.0,14.0,3.0,19.0,179.03555555555562,4.0
1.0,16.0,2.0,20.0,26.03333333333334,4.0
8.0,0.0,10.0,3.0,75.90392156862745,5.0
8.0,3.0,10.0,17.0,72.92787114845939,5.0
8.0,17.0,10.0,20.0,141.41699346405233,5.0
0.0,0.0,1.0,3.0,0.0,5.0
0.0,3.0,1.0,17.0,0.0,5.0
0.0,17.0,1.0,20.0,0.0,5.0
1.0,0.0,2.0,2.0,53.03333333333333,5.0
1.0,2.0,2.0,14.0,56.56862745098039,5.0
1.0,14.0,2.0,16.0,12.149019607843142,5.0
