l_l_m,l_l_n,u_r_m,u_r_n,avg_sal,sal_state
2.0,0.0,8.0,1.0,2225.0084967320267,1.0
3.0,2.0,8.0,5.0,2161.852549019608,1.0
2.0,6.0,6.0,10.0,2275.287990196079,1.0
3.0,12.0,7.0,16.0,2361.261519607843,1.0
4.0,17.0,7.0,18.0,2438.843137254902,1.0
3.0,19.0,8.0,20.0,2310.299607843137,1.0
3.0,1.0,8.0,2.0,2102.032941176471,2.0
7.0,5.0,8.0,6.0,1150.278431372549,2.0
7.0,6.0,8.0,18.0,1595.2885620915033,2.0
7.0,18.0,8.0,19.0,1865.1960784313724,2.0
2.0,17.0,3.0,20.0,1765.827450980392,2.0
3.0,17.0,4.0,19.0,2258.645098039216,2.0
1.0,16.0,3.0,17.0,1335.1372549019611,2.0
3.0,16.0,7.0,17.0,2166.7450980392155,2.0
6.0,5.0,7.0,12.0,2065.4666666666667,2.0
4.0,18.0,7.0,19.0,2242.0980392156866,2.0
1.0,0.0,2.0,1.0,78.0372549019608,4.0
2.0,1.0,3.0,6.0,347.31241830065363,4.0
3.0,5.0,6.0,6.0,809.0549019607843,4.0
2.0,10.0,3.0,16.0,406.6971677559912,4.0
3.0,10.0,6.0,12.0,936.0522875816993,4.0
-0.0,2.0,1.0,5.0,324.76209150326804,4.0
1.0,1.0,2.0,2.0,158.34901960784313,4.0
1.0,2.0,2.0,14.0,510.56143790849677,4.0
1.0,14.0,2.0,16.0,574.0725490196079,4.0
8.0,0.0,9.0,4.0,396.6107843137255,4.0
8.0,4.0,9.0,16.0,373.5186274509804,4.0
8.0,16.0,9.0,20.0,409.9921568627451,4.0
9.0,0.0,10.0,3.0,0.0,5.0
9.0,3.0,10.0,17.0,8.605322128851542,5.0
9.0,17.0,10.0,20.0,0.2627450980392157,5.0
0.0,5.0,1.0,19.0,110.6341736694678,5.0
0.0,19.0,1.0,20.0,0.611764705882353,5.0
1.0,17.0,2.0,20.0,5.08235294117647,5.0
0.0,0.0,1.0,2.0,10.16470588235294,5.0
