l_l_m,l_l_n,u_r_m,u_r_n,avg_sal,sal_state
2.0,4.0,8.0,9.0,2157.8920261437906,1.0
3.0,10.0,7.0,15.0,2379.6249019607844,1.0
3.0,16.0,7.0,18.0,2426.542647058824,1.0
3.0,19.0,7.0,20.0,2431.408823529412,1.0
2.0,0.0,8.0,4.0,2128.512091503268,2.0
2.0,9.0,3.0,20.0,1841.0959001782533,2.0
7.0,9.0,8.0,20.0,1638.1433155080215,2.0
3.0,15.0,7.0,16.0,2274.228431372549,2.0
3.0,18.0,7.0,19.0,2335.975490196079,2.0
3.0,9.0,7.0,10.0,2020.8529411764707,2.0
1.0,0.0,2.0,4.0,431.2705882352942,4.0
1.0,4.0,2.0,16.0,380.34640522875816,4.0
1.0,16.0,2.0,20.0,360.9794117647059,4.0
-0.0,7.0,1.0,13.0,90.20196078431371,4.0
8.0,0.0,9.0,4.0,187.37647058823532,4.0
8.0,4.0,9.0,16.0,264.23464052287585,4.0
8.0,16.0,9.0,20.0,369.1156862745098,4.0
9.0,18.0,10.0,19.0,5.612156862745096,4.0
9.0,0.0,10.0,2.0,0.12352941176470587,5.0
9.0,2.0,10.0,16.0,15.991596638655462,5.0
9.0,16.0,10.0,18.0,81.08431372549019,5.0
-0.0,13.0,1.0,20.0,10.164705882352944,5.0
0.0,0.0,1.0,7.0,10.164705882352944,5.0
9.0,19.0,10.0,20.0,1.016470588235294,5.0
