l_l_m,l_l_n,u_r_m,u_r_n,avg_sal,sal_state
2.0,19.0,8.0,20.0,1955.855555555556,2.0
2.0,0.0,8.0,4.0,2297.267973856209,1.0
3.0,5.0,7.0,6.0,2462.994117647059,1.0
5.0,7.0,7.0,8.0,2454.045098039216,1.0
3.0,11.0,7.0,12.0,2535.190196078432,1.0
3.0,13.0,6.0,14.0,2504.6784313725493,1.0
2.0,17.0,8.0,19.0,2290.8362745098043,1.0
2.0,4.0,3.0,16.0,1768.8326797385625,2.0
2.0,16.0,3.0,17.0,2232.3764705882354,2.0
7.0,4.0,8.0,16.0,1743.367320261438,2.0
7.0,16.0,8.0,17.0,1253.858823529412,2.0
3.0,6.0,5.0,11.0,2416.8356862745104,2.0
5.0,6.0,7.0,7.0,2206.954901960784,2.0
3.0,12.0,6.0,13.0,2427.066666666667,2.0
6.0,12.0,7.0,17.0,2286.746666666667,2.0
3.0,4.0,7.0,5.0,2200.1009803921575,2.0
5.0,8.0,7.0,11.0,2426.169281045752,2.0
3.0,14.0,6.0,17.0,2222.332897603486,2.0
1.0,0.0,2.0,3.0,34.36601307189542,4.0
1.0,3.0,2.0,15.0,206.8003267973856,4.0
1.0,15.0,2.0,18.0,119.0732026143791,4.0
8.0,1.0,9.0,2.0,12.49019607843137,4.0
8.0,2.0,9.0,14.0,139.70032679738563,4.0
8.0,14.0,9.0,16.0,90.60196078431372,4.0
8.0,0.0,9.0,1.0,1.1294117647058823,5.0
9.0,0.0,10.0,3.0,0.0,5.0
9.0,3.0,10.0,17.0,0.0,5.0
9.0,17.0,10.0,20.0,0.0,5.0
8.0,16.0,9.0,20.0,1.1294117647058823,5.0
0.0,0.0,1.0,3.0,0.0,5.0
0.0,3.0,1.0,17.0,2.768067226890756,5.0
0.0,17.0,1.0,20.0,0.0,5.0
1.0,18.0,2.0,20.0,5.08235294117647,5.0
