l_l_m,l_l_n,u_r_m,u_r_n,avg_sal,sal_state
2.0,4.0,8.0,12.0,2217.645179738562,1.0
2.0,0.0,8.0,4.0,2207.0944444444444,1.0
4.0,13.0,6.0,14.0,2391.3450980392154,1.0
4.0,15.0,7.0,19.0,2397.2352941176473,1.0
3.0,19.0,4.0,20.0,2291.5999999999995,1.0
3.0,12.0,4.0,19.0,1932.678431372549,2.0
7.0,12.0,8.0,20.0,2030.129901960784,2.0
2.0,14.0,3.0,20.0,1360.3006535947713,2.0
4.0,19.0,7.0,20.0,2158.8993464052287,2.0
4.0,14.0,6.0,15.0,2170.4470588235295,2.0
4.0,12.0,6.0,13.0,2146.4764705882353,2.0
6.0,12.0,7.0,15.0,2352.018300653595,2.0
8.0,0.0,9.0,4.0,186.42352941176472,4.0
8.0,4.0,9.0,16.0,231.124183006536,4.0
8.0,16.0,9.0,20.0,384.5137254901962,4.0
9.0,14.0,10.0,20.0,11.639607843137254,4.0
1.0,0.0,2.0,11.0,59.78716577540106,4.0
2.0,12.0,3.0,14.0,206.840522875817,4.0
0.0,0.0,1.0,3.0,0.0,5.0
0.0,3.0,1.0,17.0,0.0,5.0
0.0,17.0,1.0,20.0,0.0,5.0
1.0,11.0,2.0,20.0,5.08235294117647,5.0
9.0,0.0,10.0,14.0,16.811764705882357,5.0
