l_l_m,l_l_n,u_r_m,u_r_n,avg_sal,sal_state
2.0,12.0,8.0,15.0,2213.370806100218,2.0
2.0,18.0,8.0,19.0,2207.091503267974,2.0
3.0,0.0,6.0,1.0,2308.4117647058824,1.0
3.0,3.0,7.0,6.0,2452.668954248366,1.0
2.0,9.0,8.0,12.0,2321.424836601307,1.0
2.0,15.0,8.0,18.0,2294.357734204793,1.0
2.0,19.0,8.0,20.0,2242.1130718954246,1.0
7.0,0.0,8.0,9.0,1633.6496732026144,2.0
1.0,0.0,2.0,5.0,34.20980392156862,4.0
2.0,0.0,3.0,6.0,307.3581699346405,4.0
1.0,6.0,2.0,13.0,29.032212885154056,4.0
2.0,6.0,7.0,9.0,929.7710550887019,4.0
3.0,0.0,7.0,3.0,446.83323996265176,4.0
8.0,1.0,9.0,2.0,64.50588235294119,4.0
8.0,2.0,9.0,14.0,175.90555555555557,4.0
8.0,14.0,9.0,16.0,48.64509803921568,4.0
0.0,0.0,1.0,3.0,0.0,5.0
0.0,3.0,1.0,17.0,0.0,5.0
0.0,17.0,1.0,20.0,0.0,5.0
1.0,5.0,2.0,6.0,5.08235294117647,5.0
1.0,13.0,2.0,20.0,5.082352941176472,5.0
8.0,0.0,9.0,1.0,1.1294117647058823,5.0
9.0,0.0,10.0,3.0,0.0,5.0
9.0,3.0,10.0,17.0,0.36330532212885147,5.0
9.0,17.0,10.0,20.0,0.0,5.0
8.0,16.0,9.0,20.0,1.1294117647058823,5.0
