l_l_m,l_l_n,u_r_m,u_r_n,avg_sal,sal_state
2.0,14.0,3.0,20.0,1807.7,2.0
6.0,14.0,8.0,20.0,1958.7235294117647,2.0
3.0,2.0,8.0,4.0,2269.5282352941176,1.0
3.0,4.0,8.0,12.0,2288.005784313726,1.0
3.0,12.0,8.0,14.0,2103.3407843137256,1.0
3.0,14.0,6.0,20.0,2397.561873638345,1.0
2.0,6.0,3.0,14.0,1686.4602941176474,1.0
5.0,1.0,8.0,2.0,1160.7424836601306,2.0
8.0,1.0,9.0,5.0,1239.736274509804,2.0
0.0,0.0,1.0,6.0,534.2058823529411,4.0
1.0,0.0,2.0,5.0,349.5545098039217,4.0
5.0,0.0,9.0,1.0,934.378431372549,4.0
3.0,0.0,5.0,2.0,301.8921568627452,4.0
2.0,0.0,3.0,4.0,224.60718954248367,4.0
2.0,4.0,3.0,6.0,199.44052287581692,4.0
1.0,5.0,2.0,6.0,68.5529411764706,4.0
1.0,6.0,2.0,18.0,415.6493464052288,4.0
1.0,18.0,2.0,20.0,458.7941176470588,4.0
8.0,5.0,9.0,6.0,672.2352941176471,4.0
8.0,6.0,9.0,18.0,307.46339869281053,4.0
8.0,18.0,9.0,20.0,313.2568627450981,4.0
9.0,0.0,10.0,3.0,1.794771241830065,5.0
9.0,3.0,10.0,17.0,5.86610644257703,5.0
9.0,17.0,10.0,20.0,0.0,5.0
0.0,6.0,1.0,20.0,217.26106442577037,5.0
