l_l_m,l_l_n,u_r_m,u_r_n,avg_sal,sal_state
2.0,6.0,8.0,7.0,2175.04705882353,2.0
2.0,5.0,8.0,6.0,2308.651633986928,1.0
2.0,7.0,8.0,13.0,2212.751198257081,1.0
3.0,14.0,7.0,18.0,2351.363480392157,1.0
2.0,0.0,8.0,5.0,2162.263006535948,2.0
2.0,13.0,3.0,19.0,1336.9745098039216,2.0
7.0,13.0,8.0,20.0,1829.5574229691879,2.0
3.0,18.0,7.0,20.0,2152.0299019607846,2.0
3.0,13.0,7.0,14.0,1927.4607843137253,2.0
8.0,12.0,9.0,20.0,56.26252723311547,4.0
0.0,0.0,2.0,4.0,137.50294117647059,5.0
0.0,4.0,2.0,16.0,141.83022875816994,5.0
0.0,16.0,2.0,20.0,95.47205882352941,5.0
2.0,19.0,3.0,20.0,3.388235294117647,5.0
8.0,0.0,9.0,12.0,202.83235294117645,5.0
9.0,0.0,10.0,3.0,63.16601307189543,5.0
9.0,3.0,10.0,17.0,40.98515406162465,5.0
9.0,17.0,10.0,20.0,99.9751633986928,5.0
