l_l_m,l_l_n,u_r_m,u_r_n,avg_sal,sal_state
2.0,0.0,3.0,1.0,845.2745098039215,2.0
3.0,0.0,7.0,3.0,2265.033660130719,1.0
4.0,8.0,7.0,12.0,2433.44477124183,1.0
7.0,0.0,8.0,4.0,2035.6500000000005,2.0
3.0,7.0,4.0,13.0,1271.1594771241828,2.0
7.0,5.0,8.0,7.0,1057.0509803921566,2.0
7.0,7.0,8.0,13.0,2228.5980392156866,2.0
7.0,13.0,8.0,16.0,1475.8352941176474,2.0
7.0,4.0,8.0,5.0,323.47450980392165,2.0
5.0,3.0,7.0,4.0,413.7156862745097,2.0
4.0,12.0,5.0,13.0,1757.141176470588,2.0
2.0,16.0,3.0,20.0,807.9343137254903,2.0
3.0,16.0,7.0,20.0,2096.991666666667,2.0
7.0,16.0,9.0,20.0,1434.1676470588236,2.0
8.0,0.0,9.0,5.0,1015.9623529411763,2.0
8.0,5.0,9.0,11.0,1221.977777777778,2.0
8.0,11.0,9.0,16.0,1215.8596078431372,2.0
3.0,15.0,7.0,16.0,690.5588235294118,2.0
5.0,12.0,7.0,15.0,1294.7856209150327,4.0
3.0,13.0,4.0,14.0,179.71764705882356,4.0
4.0,13.0,5.0,15.0,141.37607843137258,4.0
0.0,1.0,2.0,7.0,0.0,5.0
0.0,0.0,2.0,1.0,0.0,5.0
0.0,7.0,2.0,13.0,0.0,5.0
0.0,13.0,2.0,19.0,0.0,5.0
0.0,19.0,2.0,20.0,0.0,5.0
2.0,1.0,3.0,5.0,84.46764705882352,5.0
2.0,5.0,3.0,11.0,304.4869281045752,5.0
2.0,11.0,3.0,16.0,402.35294117647067,5.0
3.0,3.0,4.0,7.0,2.541176470588235,5.0
4.0,4.0,5.0,8.0,416.14705882352933,5.0
4.0,3.0,5.0,4.0,21.623529411764707,5.0
5.0,4.0,7.0,8.0,646.9960784313726,5.0
3.0,14.0,4.0,15.0,2.541176470588235,5.0
9.0,0.0,10.0,6.0,125.3071895424837,5.0
9.0,6.0,10.0,14.0,325.53333333333336,5.0
9.0,14.0,10.0,20.0,142.6267973856209,5.0
