l_l_m,l_l_n,u_r_m,u_r_n,avg_sal,sal_state
3.0,0.0,5.0,3.0,1410.9045751633985,2.0
2.0,7.0,3.0,8.0,610.4000000000002,2.0
3.0,17.0,5.0,20.0,1477.538562091503,2.0
5.0,0.0,7.0,3.0,1995.4549019607846,1.0
7.0,0.0,8.0,3.0,2177.479738562092,1.0
5.0,17.0,7.0,20.0,1900.7065359477126,1.0
7.0,17.0,8.0,20.0,2200.4196078431373,1.0
4.0,6.0,5.0,12.0,1938.0901960784313,1.0
5.0,6.0,7.0,12.0,2094.127450980392,1.0
7.0,6.0,8.0,12.0,2103.8908496732033,1.0
4.0,12.0,5.0,13.0,1836.5098039215686,1.0
5.0,12.0,7.0,13.0,1973.0098039215686,1.0
7.0,12.0,8.0,13.0,2134.313725490196,1.0
3.0,7.0,4.0,13.0,1678.2437908496731,1.0
8.0,1.0,9.0,7.0,1105.8450980392156,2.0
8.0,0.0,9.0,1.0,1196.035294117647,2.0
8.0,7.0,9.0,13.0,1139.0450980392156,2.0
8.0,13.0,9.0,19.0,1130.7633986928106,2.0
8.0,19.0,9.0,20.0,1181.4901960784316,2.0
3.0,13.0,4.0,14.0,1208.592156862745,2.0
6.0,13.0,8.0,17.0,1630.6333333333332,2.0
5.0,5.0,6.0,6.0,630.2352941176471,2.0
5.0,3.0,6.0,4.0,905.4745098039217,2.0
6.0,3.0,8.0,6.0,1403.9084967320264,2.0
4.0,13.0,6.0,15.0,1355.774509803921,2.0
2.0,8.0,3.0,14.0,636.749019607843,4.0
2.0,14.0,3.0,20.0,177.9385620915033,4.0
3.0,14.0,4.0,17.0,191.90653594771243,4.0
4.0,15.0,6.0,17.0,301.8009803921569,4.0
2.0,0.0,3.0,6.0,140.02222222222224,4.0
3.0,3.0,5.0,6.0,220.124183006536,4.0
5.0,4.0,6.0,5.0,149.25620915032678,4.0
1.0,6.0,2.0,8.0,51.31176470588235,4.0
2.0,6.0,4.0,7.0,575.6549019607842,4.0
9.0,2.0,10.0,8.0,34.16627450980392,4.0
0.0,0.0,1.0,6.0,0.0,5.0
0.0,6.0,1.0,14.0,0.0,5.0
0.0,14.0,1.0,20.0,0.0,5.0
1.0,0.0,2.0,6.0,0.0,5.0
1.0,8.0,2.0,14.0,150.75620915032678,5.0
1.0,14.0,2.0,20.0,0.0,5.0
9.0,8.0,10.0,16.0,248.95539215686276,5.0
9.0,16.0,10.0,20.0,259.68725490196084,5.0
9.0,0.0,10.0,2.0,1.016470588235294,5.0
