l_l_m,l_l_n,u_r_m,u_r_n,avg_sal,sal_state
1.0,0.0,2.0,2.0,537.2372549019608,2.0
7.0,0.0,8.0,4.0,898.7725490196077,2.0
3.0,8.0,4.0,10.0,2544.372549019608,1.0
4.0,8.0,6.0,10.0,2557.459803921569,1.0
6.0,8.0,7.0,10.0,2540.4411764705883,1.0
4.0,11.0,6.0,12.0,2520.8274509803923,1.0
4.0,14.0,6.0,16.0,2489.8470588235296,1.0
3.0,14.0,4.0,16.0,2121.0686274509812,1.0
3.0,18.0,4.0,20.0,2385.398039215687,1.0
4.0,18.0,6.0,20.0,2241.2980392156865,1.0
6.0,18.0,7.0,20.0,2089.401960784314,1.0
2.0,4.0,3.0,6.0,2091.780392156863,1.0
3.0,4.0,5.0,6.0,2255.8254901960786,1.0
5.0,4.0,7.0,6.0,2186.5980392156866,1.0
2.0,2.0,3.0,4.0,2343.7039215686277,1.0
3.0,2.0,5.0,4.0,2541.043137254902,1.0
5.0,2.0,7.0,4.0,2435.3323529411764,1.0
2.0,0.0,3.0,2.0,2424.1117647058827,1.0
3.0,0.0,5.0,2.0,2388.7245098039216,1.0
5.0,0.0,7.0,2.0,2254.7411764705885,1.0
7.0,4.0,8.0,6.0,1593.007843137255,1.0
7.0,7.0,8.0,11.0,1920.3058823529414,2.0
7.0,6.0,8.0,7.0,2064.247058823529,2.0
7.0,11.0,8.0,15.0,1745.5960784313727,2.0
7.0,15.0,8.0,19.0,1241.980392156863,2.0
7.0,19.0,8.0,20.0,903.2980392156862,2.0
6.0,10.0,7.0,14.0,2463.1803921568626,2.0
6.0,14.0,7.0,18.0,2211.5941176470587,2.0
3.0,6.0,4.0,8.0,2308.101960784313,2.0
4.0,6.0,6.0,8.0,2351.7186274509804,2.0
6.0,6.0,7.0,8.0,2391.9901960784314,2.0
4.0,10.0,6.0,11.0,2442.962745098039,2.0
4.0,12.0,6.0,14.0,2425.108823529412,2.0
2.0,7.0,3.0,11.0,991.3343137254905,4.0
2.0,6.0,3.0,7.0,884.407843137255,4.0
2.0,11.0,3.0,15.0,879.1039215686275,4.0
2.0,15.0,3.0,19.0,1315.1450980392158,4.0
2.0,19.0,3.0,20.0,1909.7333333333331,4.0
3.0,10.0,4.0,14.0,1474.6960784313724,4.0
4.0,16.0,6.0,18.0,1084.8245098039217,4.0
3.0,16.0,4.0,18.0,1203.7098039215684,4.0
1.0,15.0,2.0,19.0,222.7843137254902,4.0
1.0,19.0,2.0,20.0,301.7921568627452,4.0
1.0,13.0,2.0,14.0,103.11764705882356,4.0
8.0,4.0,10.0,8.0,45.52549019607844,5.0
8.0,0.0,10.0,4.0,0.026470588235294117,5.0
8.0,8.0,10.0,12.0,107.45686274509804,5.0
8.0,12.0,10.0,16.0,186.93039215686275,5.0
8.0,16.0,10.0,20.0,107.4299019607843,5.0
0.0,4.0,1.0,8.0,0.0,5.0
0.0,0.0,1.0,4.0,0.0,5.0
0.0,8.0,1.0,12.0,0.0,5.0
0.0,12.0,1.0,16.0,0.0,5.0
0.0,16.0,1.0,20.0,0.0,5.0
1.0,9.0,2.0,13.0,172.6705882352941,5.0
1.0,5.0,2.0,9.0,132.57647058823528,5.0
1.0,2.0,2.0,5.0,180.29411764705884,5.0
1.0,14.0,2.0,15.0,5.08235294117647,5.0
