l_l_m,l_l_n,u_r_m,u_r_n,avg_sal,sal_state
5.0,3.0,7.0,4.0,2483.0588235294117,1.0
7.0,3.0,8.0,4.0,2082.7960784313727,1.0
4.0,9.0,6.0,11.0,2489.142156862745,1.0
3.0,9.0,4.0,11.0,2284.378431372549,1.0
4.0,7.0,6.0,9.0,2524.290196078431,1.0
3.0,7.0,4.0,9.0,2284.745098039216,1.0
4.0,6.0,6.0,7.0,2530.0117647058823,1.0
3.0,6.0,4.0,7.0,2312.4588235294127,1.0
2.0,12.0,4.0,14.0,2045.023529411765,1.0
4.0,12.0,6.0,14.0,2485.9098039215687,1.0
6.0,12.0,8.0,14.0,2179.3029411764705,1.0
2.0,14.0,4.0,16.0,1810.1715686274508,1.0
4.0,14.0,6.0,16.0,2358.522549019608,1.0
6.0,14.0,8.0,16.0,2165.502941176471,1.0
2.0,16.0,4.0,18.0,1893.093137254902,1.0
4.0,16.0,6.0,18.0,2221.5274509803926,1.0
6.0,16.0,8.0,18.0,2146.923529411765,1.0
2.0,18.0,4.0,20.0,2404.9666666666667,1.0
4.0,18.0,6.0,20.0,2554.850980392157,1.0
6.0,18.0,8.0,20.0,2117.927450980392,1.0
3.0,2.0,4.0,3.0,886.1450980392157,2.0
4.0,2.0,6.0,3.0,860.8549019607843,2.0
6.0,2.0,8.0,3.0,781.5117647058822,2.0
5.0,4.0,6.0,6.0,2188.460784313725,2.0
6.0,8.0,8.0,12.0,2024.2068627450979,2.0
6.0,4.0,8.0,8.0,2049.278431372549,2.0
4.0,11.0,6.0,12.0,2271.335294117647,2.0
3.0,11.0,4.0,12.0,2333.317647058823,2.0
2.0,8.0,3.0,12.0,1140.0911764705882,4.0
2.0,4.0,3.0,8.0,1206.9470588235295,4.0
2.0,2.0,3.0,4.0,903.4313725490197,4.0
3.0,4.0,5.0,6.0,1467.3166666666666,4.0
3.0,3.0,5.0,4.0,1909.154901960784,4.0
1.0,11.0,2.0,12.0,243.83921568627446,4.0
2.0,0.0,4.0,1.0,993.6411764705882,4.0
4.0,0.0,6.0,1.0,791.9686274509804,4.0
6.0,0.0,8.0,1.0,558.6078431372549,4.0
0.0,6.0,2.0,10.0,258.88774509803915,5.0
0.0,2.0,2.0,6.0,209.47352941176467,5.0
0.0,0.0,2.0,2.0,7.82843137254902,5.0
3.0,1.0,5.0,2.0,0.0,5.0
2.0,1.0,3.0,2.0,0.0,5.0
8.0,6.0,10.0,10.0,246.5906862745098,5.0
8.0,2.0,10.0,6.0,248.13333333333333,5.0
8.0,0.0,10.0,2.0,0.0784313725490196,5.0
5.0,1.0,7.0,2.0,0.0,5.0
7.0,1.0,8.0,2.0,0.0,5.0
0.0,10.0,1.0,14.0,55.31176470588236,5.0
0.0,14.0,1.0,18.0,0.0,5.0
0.0,18.0,1.0,20.0,0.0,5.0
1.0,10.0,2.0,11.0,5.08235294117647,5.0
1.0,12.0,2.0,16.0,242.521568627451,5.0
1.0,16.0,2.0,20.0,71.61078431372547,5.0
8.0,10.0,10.0,14.0,299.7406862745098,5.0
8.0,14.0,10.0,18.0,205.0112745098039,5.0
8.0,18.0,10.0,20.0,2.7215686274509805,5.0
