l_l_m,l_l_n,u_r_m,u_r_n,avg_sal,sal_state
2.0,1.0,3.0,3.0,1970.3549019607847,1.0
3.0,1.0,7.0,3.0,2364.035294117647,1.0
7.0,1.0,8.0,3.0,1731.7588235294115,1.0
4.0,5.0,6.0,6.0,2278.4529411764706,1.0
2.0,7.0,6.0,11.0,2351.85955882353,1.0
6.0,7.0,7.0,13.0,2431.009803921569,1.0
2.0,11.0,6.0,14.0,1897.2137254901966,2.0
6.0,13.0,7.0,14.0,637.9176470588235,2.0
2.0,3.0,4.0,7.0,2120.7720588235293,2.0
6.0,3.0,7.0,7.0,2012.0627450980392,2.0
7.0,4.0,8.0,5.0,1352.6,2.0
7.0,5.0,8.0,11.0,1601.3222222222225,2.0
7.0,11.0,8.0,13.0,1779.5098039215686,2.0
4.0,3.0,6.0,5.0,1912.470588235294,2.0
4.0,6.0,6.0,7.0,2391.666666666667,2.0
1.0,2.0,2.0,5.0,228.8862745098039,4.0
1.0,5.0,2.0,11.0,226.03006535947708,4.0
1.0,11.0,2.0,15.0,131.4,4.0
2.0,14.0,3.0,15.0,15.295424836601304,4.0
0.0,2.0,1.0,10.0,0.0,5.0
0.0,0.0,1.0,2.0,0.0,5.0
1.0,0.0,2.0,2.0,5.08235294117647,5.0
3.0,0.0,5.0,1.0,59.57058823529411,5.0
2.0,0.0,3.0,1.0,56.89803921568628,5.0
5.0,0.0,7.0,1.0,53.147058823529406,5.0
7.0,0.0,8.0,1.0,37.909803921568624,5.0
8.0,2.0,10.0,10.0,42.09264705882353,5.0
8.0,0.0,10.0,2.0,1.3705882352941177,5.0
7.0,3.0,8.0,4.0,1.2705882352941176,5.0
0.0,10.0,1.0,18.0,0.0,5.0
0.0,18.0,1.0,20.0,0.0,5.0
1.0,15.0,3.0,20.0,0.0,5.0
3.0,14.0,5.0,18.0,0.37450980392156863,5.0
3.0,18.0,5.0,20.0,0.0,5.0
8.0,10.0,10.0,18.0,20.36544117647059,5.0
8.0,18.0,10.0,20.0,0.0,5.0
5.0,14.0,7.0,20.0,0.0,5.0
7.0,13.0,8.0,19.0,38.43464052287582,5.0
7.0,19.0,8.0,20.0,0.0,5.0
