l_l_m,l_l_n,u_r_m,u_r_n,avg_sal,sal_state
5.0,9.0,7.0,10.0,2552.61568627451,1.0
2.0,4.0,3.0,6.0,1560.5274509803921,2.0
2.0,6.0,3.0,12.0,1841.643137254902,2.0
2.0,12.0,3.0,14.0,1862.656862745098,2.0
7.0,4.0,8.0,5.0,2201.737254901961,2.0
7.0,5.0,8.0,11.0,1810.275163398693,2.0
7.0,11.0,8.0,13.0,1869.733333333333,2.0
3.0,4.0,5.0,6.0,2129.1460784313726,2.0
3.0,6.0,5.0,10.0,2497.9235294117652,2.0
3.0,10.0,5.0,13.0,2355.413071895425,2.0
5.0,4.0,7.0,9.0,2314.116078431373,2.0
5.0,10.0,7.0,13.0,2307.156209150327,2.0
2.0,0.0,3.0,3.0,2336.777777777778,1.0
3.0,0.0,7.0,3.0,2565.771895424837,1.0
7.0,0.0,8.0,3.0,1597.521568627451,1.0
5.0,3.0,7.0,4.0,2354.866666666667,2.0
7.0,3.0,8.0,4.0,1891.3372549019612,2.0
2.0,14.0,3.0,16.0,1529.6117647058825,1.0
3.0,14.0,7.0,16.0,2046.3343137254901,1.0
7.0,14.0,8.0,16.0,1643.892156862745,1.0
2.0,18.0,3.0,20.0,1960.7725490196078,1.0
3.0,18.0,7.0,20.0,2043.7122549019607,1.0
7.0,18.0,8.0,20.0,1217.7901960784316,1.0
3.0,3.0,5.0,4.0,2274.933333333333,2.0
2.0,3.0,3.0,4.0,1696.0509803921566,2.0
3.0,13.0,7.0,14.0,2179.4245098039223,2.0
7.0,13.0,8.0,14.0,1790.6235294117646,2.0
1.0,4.0,2.0,6.0,97.11764705882351,4.0
1.0,6.0,2.0,12.0,228.18104575163397,4.0
1.0,12.0,2.0,15.0,210.397385620915,4.0
0.0,2.0,1.0,10.0,1.2794117647058825,5.0
0.0,0.0,1.0,2.0,0.0,5.0
1.0,0.0,2.0,4.0,5.08235294117647,5.0
8.0,2.0,10.0,10.0,50.52426470588236,5.0
8.0,0.0,10.0,2.0,0.0,5.0
0.0,10.0,1.0,18.0,0.9348039215686276,5.0
0.0,18.0,1.0,20.0,0.0,5.0
1.0,15.0,2.0,20.0,5.08235294117647,5.0
3.0,16.0,5.0,18.0,0.8029411764705882,5.0
2.0,16.0,3.0,18.0,3.93921568627451,5.0
8.0,10.0,10.0,18.0,25.284803921568628,5.0
8.0,18.0,10.0,20.0,0.0,5.0
5.0,16.0,7.0,18.0,0.0,5.0
7.0,16.0,8.0,18.0,0.0,5.0
