l_l_m,l_l_n,u_r_m,u_r_n,avg_sal,sal_state
2.0,0.0,3.0,3.0,1931.9973856209149,1.0
3.0,0.0,7.0,3.0,2415.864705882353,1.0
7.0,0.0,8.0,3.0,1844.9816993464053,1.0
3.0,5.0,6.0,6.0,2509.409150326797,1.0
3.0,7.0,7.0,9.0,2525.4078431372554,1.0
4.0,13.0,7.0,16.0,2248.9917211328975,1.0
2.0,18.0,3.0,20.0,2031.0274509803924,1.0
3.0,18.0,7.0,20.0,2357.6014705882353,1.0
7.0,18.0,8.0,20.0,1784.478431372549,1.0
2.0,3.0,3.0,5.0,1785.5313725490196,2.0
2.0,5.0,3.0,11.0,1816.6986928104573,2.0
2.0,11.0,3.0,13.0,1175.4352941176473,2.0
7.0,3.0,8.0,7.0,1698.1745098039214,2.0
7.0,7.0,8.0,13.0,1787.6104575163397,2.0
7.0,13.0,8.0,18.0,2093.617254901961,2.0
8.0,12.0,9.0,18.0,1032.118954248366,2.0
3.0,3.0,6.0,5.0,2222.609803921569,2.0
3.0,9.0,7.0,13.0,1625.1691176470583,4.0
6.0,3.0,7.0,7.0,237.03487394957986,4.0
3.0,6.0,6.0,7.0,971.2960784313727,4.0
4.0,16.0,6.0,17.0,234.1450980392157,4.0
6.0,16.0,7.0,18.0,159.21260504201678,4.0
0.0,1.0,2.0,7.0,85.14084967320261,5.0
0.0,0.0,2.0,1.0,22.29019607843137,5.0
0.0,7.0,2.0,13.0,115.63366013071895,5.0
0.0,13.0,2.0,19.0,3.600653594771241,5.0
0.0,19.0,2.0,20.0,19.717647058823527,5.0
2.0,13.0,4.0,18.0,346.0945098039216,5.0
4.0,17.0,6.0,18.0,3.388235294117647,5.0
8.0,6.0,9.0,12.0,293.97843137254904,5.0
8.0,0.0,9.0,6.0,152.28039215686275,5.0
9.0,0.0,10.0,6.0,0.0,5.0
9.0,6.0,10.0,14.0,91.37107843137257,5.0
9.0,14.0,10.0,20.0,256.23594771241835,5.0
8.0,18.0,9.0,20.0,1.1294117647058823,5.0
