l_l_m,l_l_n,u_r_m,u_r_n,avg_sal,sal_state
4.0,6.0,6.0,7.0,2520.078431372549,1.0
3.0,10.0,7.0,11.0,2527.945098039216,1.0
3.0,12.0,7.0,13.0,2537.752941176471,1.0
2.0,15.0,8.0,20.0,2090.9780392156867,1.0
2.0,4.0,3.0,13.0,1466.3507625272332,2.0
7.0,4.0,8.0,15.0,2031.7632798573973,2.0
3.0,13.0,5.0,14.0,2135.268627450981,2.0
5.0,13.0,7.0,15.0,2140.592156862745,2.0
3.0,11.0,7.0,12.0,2489.123529411765,2.0
4.0,4.0,6.0,6.0,2135.3754901960788,2.0
6.0,4.0,7.0,10.0,2340.896078431373,2.0
4.0,7.0,6.0,10.0,2378.1705882352944,2.0
3.0,4.0,4.0,10.0,2208.537254901961,2.0
2.0,2.0,3.0,3.0,412.93725490196084,2.0
3.0,0.0,7.0,4.0,2351.4227941176473,1.0
8.0,0.0,9.0,4.0,963.2245098039217,2.0
7.0,0.0,8.0,4.0,2205.413333333333,2.0
1.0,11.0,2.0,20.0,46.02745098039216,4.0
2.0,13.0,3.0,15.0,193.978431372549,4.0
3.0,14.0,5.0,15.0,311.19529411764705,4.0
9.0,0.0,10.0,3.0,0.0,5.0
9.0,3.0,10.0,17.0,3.0109243697478987,5.0
9.0,17.0,10.0,20.0,0.0,5.0
8.0,4.0,9.0,6.0,73.57254901960783,5.0
8.0,6.0,9.0,18.0,228.32777777777775,5.0
8.0,18.0,9.0,20.0,273.5411764705882,5.0
0.0,0.0,1.0,3.0,0.0,5.0
0.0,3.0,1.0,17.0,0.0,5.0
0.0,17.0,1.0,20.0,0.0,5.0
1.0,0.0,2.0,11.0,5.08235294117647,5.0
2.0,3.0,3.0,4.0,3.388235294117647,5.0
2.0,0.0,3.0,2.0,3.388235294117647,5.0
