l_l_m,l_l_n,u_r_m,u_r_n,avg_sal,sal_state
3.0,2.0,8.0,6.0,2207.612352941177,1.0
4.0,7.0,8.0,12.0,2386.114705882353,1.0
3.0,13.0,7.0,18.0,2130.3023529411767,1.0
2.0,2.0,3.0,4.0,1567.3372549019612,2.0
2.0,4.0,3.0,16.0,1581.684640522876,2.0
2.0,16.0,3.0,19.0,1700.2261437908496,2.0
3.0,6.0,4.0,13.0,2267.6773109243704,2.0
4.0,6.0,8.0,7.0,2221.272549019608,2.0
4.0,12.0,7.0,13.0,2318.541176470589,2.0
7.0,12.0,8.0,16.0,1829.695098039216,2.0
3.0,18.0,4.0,19.0,119.09411764705885,2.0
1.0,16.0,2.0,19.0,1227.8418300653595,2.0
2.0,1.0,8.0,2.0,166.38169934640518,4.0
8.0,1.0,9.0,3.0,134.57450980392156,4.0
8.0,3.0,9.0,15.0,421.1245098039215,4.0
8.0,15.0,9.0,17.0,296.1666666666667,4.0
9.0,5.0,10.0,15.0,9.594941176470588,4.0
7.0,16.0,8.0,17.0,87.7299019607843,4.0
1.0,2.0,2.0,3.0,22.717647058823534,4.0
1.0,3.0,2.0,15.0,262.8248366013072,4.0
1.0,15.0,2.0,16.0,621.0313725490198,4.0
-0.0,14.0,1.0,18.0,24.20980392156863,4.0
0.0,0.0,1.0,14.0,0.8913165266106441,5.0
1.0,0.0,2.0,2.0,5.08235294117647,5.0
2.0,0.0,8.0,1.0,0.0,5.0
8.0,0.0,9.0,1.0,0.0,5.0
9.0,0.0,10.0,5.0,1.016470588235294,5.0
9.0,15.0,10.0,20.0,1.016470588235294,5.0
-0.0,18.0,1.0,20.0,10.16470588235294,5.0
1.0,19.0,4.0,20.0,7.623529411764705,5.0
4.0,18.0,7.0,20.0,4.356302521008403,5.0
7.0,17.0,9.0,20.0,2.2588235294117647,5.0
