l_l_m,l_l_n,u_r_m,u_r_n,avg_sal,sal_state
3.0,0.0,7.0,5.0,2359.4017647058827,1.0
2.0,7.0,5.0,9.0,2271.5228758169933,1.0
3.0,10.0,8.0,14.0,2436.765882352941,1.0
1.0,0.0,2.0,1.0,897.8901960784316,2.0
2.0,0.0,3.0,7.0,2206.4638655462186,2.0
3.0,5.0,5.0,7.0,2304.7186274509804,2.0
5.0,5.0,7.0,10.0,2291.585098039216,2.0
7.0,4.0,8.0,10.0,1584.4620915032676,2.0
3.0,14.0,6.0,15.0,2156.7477124183006,2.0
6.0,14.0,8.0,16.0,1797.1735294117648,2.0
2.0,9.0,3.0,15.0,1613.4313725490194,2.0
3.0,9.0,5.0,10.0,2328.83137254902,2.0
2.0,16.0,8.0,19.0,1867.1525054466229,1.0
1.0,18.0,2.0,20.0,648.9294117647057,2.0
2.0,19.0,5.0,20.0,1835.6901960784314,2.0
1.0,1.0,2.0,2.0,445.6980392156863,4.0
1.0,2.0,2.0,14.0,185.00882352941173,4.0
1.0,14.0,2.0,16.0,36.25686274509804,4.0
2.0,15.0,6.0,16.0,234.34117647058827,4.0
7.0,0.0,8.0,4.0,62.001838235294116,4.0
5.0,19.0,8.0,20.0,209.55441176470592,4.0
8.0,7.0,9.0,16.0,14.169450496247881,4.0
8.0,0.0,9.0,7.0,1.1294117647058823,5.0
9.0,0.0,10.0,3.0,0.0,5.0
9.0,3.0,10.0,17.0,0.0,5.0
9.0,17.0,10.0,20.0,0.0,5.0
8.0,16.0,9.0,20.0,1.1294117647058823,5.0
0.0,0.0,1.0,3.0,18.665359477124184,5.0
0.0,3.0,1.0,17.0,2.0845938375350137,5.0
0.0,17.0,1.0,20.0,0.031372549019607836,5.0
1.0,16.0,2.0,18.0,5.08235294117647,5.0
