l_l_m,l_l_n,u_r_m,u_r_n,avg_sal,sal_state
7.0,1.0,8.0,2.0,1494.156862745098,2.0
2.0,12.0,8.0,14.0,2188.378758169935,2.0
3.0,0.0,7.0,6.0,2396.5789215686277,1.0
2.0,8.0,8.0,12.0,2292.210784313726,1.0
2.0,14.0,8.0,17.0,2235.504357298475,1.0
3.0,18.0,8.0,20.0,2154.833725490196,1.0
2.0,0.0,3.0,8.0,1782.8465686274508,2.0
3.0,6.0,7.0,8.0,2350.4245098039223,2.0
7.0,4.0,8.0,8.0,1846.836274509804,2.0
1.0,17.0,7.0,18.0,1892.7705882352939,2.0
7.0,17.0,8.0,18.0,966.6235294117647,2.0
2.0,18.0,3.0,20.0,1646.5137254901956,2.0
7.0,0.0,8.0,1.0,74.37990196078431,4.0
8.0,0.0,9.0,1.0,92.89019607843142,4.0
8.0,1.0,9.0,13.0,84.47908496732026,4.0
8.0,13.0,9.0,15.0,44.08235294117648,4.0
7.0,2.0,8.0,4.0,82.89901960784314,4.0
0.0,0.0,1.0,3.0,0.0,5.0
0.0,3.0,1.0,17.0,0.0,5.0
0.0,17.0,1.0,20.0,0.0,5.0
1.0,0.0,2.0,2.0,218.6156862745098,5.0
1.0,2.0,2.0,14.0,107.0941176470588,5.0
1.0,14.0,2.0,17.0,72.17647058823529,5.0
1.0,18.0,2.0,20.0,5.08235294117647,5.0
9.0,0.0,10.0,3.0,0.0,5.0
9.0,3.0,10.0,17.0,0.0,5.0
9.0,17.0,10.0,20.0,0.0,5.0
8.0,15.0,9.0,20.0,1.1294117647058823,5.0
