l_l_m,l_l_n,u_r_m,u_r_n,avg_sal,sal_state
3.0,12.0,8.0,14.0,2130.6933333333336,2.0
2.0,14.0,3.0,18.0,911.5078431372548,2.0
8.0,15.0,9.0,19.0,539.4058823529411,2.0
4.0,3.0,6.0,4.0,2336.3803921568624,1.0
6.0,4.0,7.0,6.0,2365.564705882353,1.0
3.0,8.0,8.0,12.0,2435.056470588235,1.0
3.0,14.0,8.0,19.0,2201.0012549019607,1.0
5.0,2.0,6.0,3.0,429.0901960784314,2.0
6.0,2.0,9.0,4.0,1369.213071895425,2.0
2.0,3.0,3.0,12.0,1457.0100217864926,2.0
3.0,3.0,4.0,8.0,340.23333333333335,4.0
4.0,4.0,6.0,8.0,496.28823529411767,4.0
6.0,6.0,7.0,8.0,247.00588235294117,4.0
7.0,4.0,8.0,8.0,136.36299019607844,4.0
8.0,4.0,9.0,5.0,22.734204793028322,4.0
2.0,12.0,3.0,14.0,162.73006535947712,4.0
0.0,0.0,2.0,10.0,10.16470588235294,5.0
2.0,0.0,5.0,3.0,6.0988235294117645,5.0
5.0,0.0,9.0,2.0,1.6480392156862744,5.0
9.0,0.0,10.0,10.0,1.016470588235294,5.0
8.0,5.0,9.0,10.0,1.1294117647058823,5.0
-0.0,10.0,2.0,20.0,10.16470588235294,5.0
2.0,18.0,3.0,20.0,3.388235294117647,5.0
3.0,19.0,5.0,20.0,4.065882352941176,5.0
8.0,10.0,9.0,15.0,1.1294117647058823,5.0
9.0,10.0,10.0,20.0,1.016470588235294,5.0
5.0,19.0,9.0,20.0,9.079411764705881,5.0
