l_l_m,l_l_n,u_r_m,u_r_n,avg_sal,sal_state
2.0,0.0,8.0,6.0,2195.1763616557737,1.0
4.0,8.0,7.0,12.0,2507.3764705882354,1.0
4.0,13.0,6.0,15.0,2408.1617647058824,1.0
3.0,6.0,4.0,15.0,2321.074509803922,2.0
7.0,6.0,8.0,16.0,2166.365098039216,2.0
4.0,15.0,6.0,16.0,1805.5352941176468,2.0
2.0,7.0,3.0,15.0,1458.3039215686276,2.0
4.0,12.0,6.0,13.0,2449.513725490196,2.0
6.0,12.0,7.0,16.0,2370.427450980393,2.0
4.0,6.0,7.0,8.0,2289.8379084967323,2.0
2.0,16.0,8.0,20.0,2060.314705882353,1.0
2.0,15.0,4.0,16.0,246.28137254901964,4.0
0.0,0.0,2.0,4.0,59.566176470588225,5.0
0.0,4.0,2.0,16.0,6.756535947712418,5.0
0.0,16.0,2.0,20.0,42.90686274509804,5.0
2.0,6.0,3.0,7.0,3.388235294117647,5.0
8.0,0.0,10.0,3.0,0.13660130718954247,5.0
8.0,3.0,10.0,17.0,37.97899159663864,5.0
8.0,17.0,10.0,20.0,0.0,5.0
