l_l_m,l_l_n,u_r_m,u_r_n,avg_sal,sal_state
7.0,7.0,8.0,13.0,1693.4823529411767,2.0
3.0,7.0,7.0,13.0,2450.0385620915035,1.0
1.0,5.0,3.0,7.0,974.293137254902,2.0
3.0,6.0,4.0,7.0,802.5411764705882,2.0
2.0,7.0,3.0,14.0,1773.2308123249302,2.0
4.0,6.0,8.0,7.0,407.19607843137254,4.0
8.0,6.0,9.0,14.0,25.06481481481481,4.0
3.0,13.0,8.0,14.0,334.4897058823529,4.0
1.0,7.0,2.0,15.0,207.2313725490196,4.0
0.0,0.0,1.0,10.0,10.16470588235294,5.0
3.0,0.0,5.0,6.0,4.065882352941176,5.0
1.0,0.0,3.0,5.0,6.776470588235294,5.0
5.0,0.0,9.0,6.0,0.0,5.0
9.0,0.0,10.0,10.0,1.016470588235294,5.0
-0.0,10.0,1.0,20.0,10.16470588235294,5.0
1.0,15.0,2.0,20.0,5.08235294117647,5.0
2.0,14.0,5.0,20.0,6.0988235294117645,5.0
9.0,10.0,10.0,20.0,1.016470588235294,5.0
5.0,14.0,9.0,20.0,1.0978758169934641,5.0
