l_l_m,l_l_n,u_r_m,u_r_n,avg_sal,sal_state
2.0,4.0,8.0,6.0,1916.9588235294125,1.0
5.0,7.0,6.0,8.0,2494.1960784313724,1.0
3.0,10.0,6.0,11.0,2541.073202614379,1.0
3.0,13.0,6.0,14.0,2439.4013071895433,1.0
2.0,6.0,3.0,14.0,1572.2725490196078,2.0
3.0,6.0,5.0,10.0,2343.902941176471,2.0
3.0,14.0,6.0,15.0,1905.1751633986926,2.0
3.0,11.0,6.0,13.0,2377.6732026143795,2.0
5.0,6.0,6.0,7.0,2295.9215686274515,2.0
6.0,6.0,8.0,15.0,2170.272549019608,2.0
5.0,8.0,6.0,10.0,2409.792156862745,2.0
8.0,0.0,9.0,4.0,536.429411764706,2.0
2.0,0.0,8.0,4.0,2096.9084967320264,1.0
6.0,17.0,8.0,18.0,513.6,2.0
8.0,18.0,9.0,20.0,476.69999999999993,2.0
2.0,18.0,8.0,20.0,2116.4581699346404,1.0
1.0,3.0,2.0,4.0,3.8117647058823527,4.0
1.0,4.0,2.0,16.0,164.95065359477124,4.0
1.0,16.0,2.0,17.0,73.93725490196078,4.0
2.0,14.0,3.0,17.0,216.758605664488,4.0
3.0,15.0,7.0,16.0,192.89859943977592,4.0
7.0,15.0,9.0,17.0,58.76732026143792,4.0
8.0,5.0,9.0,15.0,33.40745098039216,4.0
9.0,12.0,10.0,15.0,5.844183006535947,4.0
0.0,0.0,1.0,3.0,0.0,5.0
0.0,3.0,1.0,17.0,0.0,5.0
0.0,17.0,1.0,20.0,0.0,5.0
1.0,0.0,2.0,3.0,5.08235294117647,5.0
1.0,17.0,2.0,20.0,5.08235294117647,5.0
2.0,17.0,6.0,18.0,6.776470588235294,5.0
3.0,16.0,7.0,17.0,5.808403361344537,5.0
9.0,0.0,10.0,12.0,1.016470588235294,5.0
8.0,4.0,9.0,5.0,1.1294117647058823,5.0
9.0,15.0,10.0,20.0,1.016470588235294,5.0
8.0,17.0,9.0,18.0,1.1294117647058823,5.0
