l_l_m,l_l_n,u_r_m,u_r_n,avg_sal,sal_state
3.0,7.0,6.0,10.0,2443.1420479302833,1.0
4.0,13.0,7.0,15.0,2375.81568627451,1.0
2.0,16.0,8.0,20.0,2216.3529411764707,1.0
8.0,2.0,9.0,5.0,1182.986928104575,2.0
1.0,3.0,2.0,5.0,1008.029411764706,2.0
6.0,4.0,7.0,13.0,2216.690196078432,2.0
7.0,3.0,8.0,15.0,1715.0787581699344,2.0
7.0,15.0,8.0,16.0,1696.627450980392,2.0
2.0,3.0,3.0,15.0,1703.9990196078436,2.0
2.0,15.0,3.0,16.0,2002.156862745098,2.0
4.0,15.0,7.0,16.0,2121.6509803921567,2.0
3.0,1.0,7.0,4.0,2234.221568627451,1.0
2.0,0.0,3.0,2.0,1615.8117647058825,2.0
3.0,0.0,7.0,1.0,1945.9313725490201,2.0
7.0,0.0,8.0,3.0,1872.0617647058825,2.0
3.0,10.0,4.0,16.0,413.8187908496732,4.0
4.0,10.0,6.0,13.0,642.0729847494554,4.0
3.0,4.0,6.0,7.0,836.005010893246,4.0
0.0,0.0,1.0,3.0,510.8928104575164,5.0
0.0,3.0,1.0,17.0,285.6350140056022,5.0
0.0,17.0,1.0,20.0,337.48496732026143,5.0
1.0,0.0,2.0,3.0,5.08235294117647,5.0
2.0,2.0,3.0,3.0,3.388235294117647,5.0
1.0,5.0,2.0,6.0,822.6705882352942,5.0
1.0,6.0,2.0,18.0,582.1359477124182,5.0
1.0,18.0,2.0,20.0,354.75686274509803,5.0
8.0,0.0,9.0,2.0,1.1294117647058823,5.0
9.0,0.0,10.0,3.0,34.08627450980392,5.0
9.0,3.0,10.0,17.0,258.121568627451,5.0
9.0,17.0,10.0,20.0,312.8091503267973,5.0
8.0,5.0,9.0,6.0,806.5843137254902,5.0
8.0,6.0,9.0,18.0,681.1862745098039,5.0
8.0,18.0,9.0,20.0,435.4333333333333,5.0
