l_l_m,l_l_n,u_r_m,u_r_n,avg_sal,sal_state
2.0,14.0,8.0,16.0,1758.2748366013075,2.0
3.0,2.0,7.0,5.0,2245.978104575164,1.0
4.0,7.0,5.0,8.0,2464.043137254902,1.0
2.0,10.0,8.0,14.0,2300.049346405229,1.0
2.0,2.0,3.0,10.0,1920.492156862745,2.0
3.0,5.0,4.0,10.0,2340.1890196078434,2.0
5.0,5.0,7.0,10.0,2263.964705882353,2.0
7.0,6.0,8.0,10.0,1766.5980392156866,2.0
4.0,5.0,5.0,7.0,2182.7607843137257,2.0
4.0,8.0,5.0,10.0,2401.186274509804,2.0
2.0,16.0,8.0,18.0,1900.3872549019611,1.0
1.0,16.0,2.0,19.0,580.1385620915032,2.0
2.0,18.0,8.0,19.0,1509.0562091503268,2.0
3.0,0.0,7.0,2.0,2324.853921568628,1.0
1.0,0.0,3.0,2.0,1649.3751633986926,2.0
1.0,2.0,2.0,3.0,1649.3751633986926,2.0
1.0,19.0,7.0,20.0,857.2104575163397,4.0
7.0,19.0,8.0,20.0,187.54117647058825,4.0
7.0,0.0,8.0,6.0,1.2705882352941176,5.0
8.0,0.0,10.0,3.0,1.3078431372549022,5.0
8.0,3.0,10.0,17.0,26.42142857142857,5.0
8.0,17.0,10.0,20.0,0.0,5.0
0.0,0.0,1.0,3.0,28.601307189542478,5.0
0.0,3.0,1.0,17.0,3.2955182072829134,5.0
0.0,17.0,1.0,20.0,0.18954248366013068,5.0
1.0,3.0,2.0,15.0,144.8892156862745,5.0
1.0,15.0,2.0,16.0,41.31372549019608,5.0
