l_l_m,l_l_n,u_r_m,u_r_n,avg_sal,sal_state
2.0,0.0,3.0,3.0,1273.5359477124182,2.0
7.0,13.0,8.0,16.0,1580.8470588235293,2.0
3.0,0.0,8.0,3.0,2348.6760784313724,1.0
2.0,6.0,4.0,16.0,1920.6994117647062,1.0
2.0,16.0,4.0,17.0,2193.417647058824,1.0
4.0,7.0,7.0,8.0,2356.576470588236,1.0
4.0,8.0,7.0,16.0,2336.2369281045753,1.0
4.0,16.0,7.0,17.0,1772.708496732026,1.0
7.0,7.0,8.0,13.0,1974.0908496732031,1.0
5.0,3.0,7.0,4.0,1636.7509803921564,2.0
7.0,3.0,9.0,5.0,1333.5500000000004,2.0
3.0,5.0,4.0,6.0,1477.7254901960782,2.0
4.0,5.0,8.0,7.0,1911.2661764705888,2.0
7.0,16.0,8.0,17.0,1173.9411764705885,2.0
2.0,17.0,3.0,20.0,1586.5568627450982,2.0
3.0,17.0,8.0,20.0,2155.225620915033,1.0
2.0,3.0,3.0,6.0,204.91721132897598,4.0
3.0,3.0,5.0,5.0,447.8560784313725,4.0
5.0,4.0,7.0,5.0,357.1988795518206,4.0
8.0,5.0,9.0,6.0,589.9019607843137,4.0
8.0,6.0,9.0,18.0,484.7705882352942,4.0
8.0,18.0,9.0,20.0,709.0078431372549,4.0
9.0,16.0,10.0,20.0,31.11245098039216,4.0
1.0,7.0,2.0,19.0,392.9581699346405,4.0
1.0,19.0,2.0,20.0,357.30196078431374,4.0
8.0,0.0,9.0,3.0,75.95962236746551,4.0
9.0,0.0,10.0,2.0,33.532352941176484,4.0
0.0,0.0,1.0,3.0,0.0,5.0
0.0,3.0,1.0,17.0,1.8904761904761904,5.0
0.0,17.0,1.0,20.0,1.3032679738562092,5.0
1.0,0.0,2.0,7.0,5.082352941176472,5.0
9.0,2.0,10.0,16.0,190.35854341736692,5.0
