l_l_m,l_l_n,u_r_m,u_r_n,avg_sal,sal_state
6.0,5.0,8.0,7.0,1607.799019607843,2.0
2.0,17.0,7.0,19.0,2497.016862745098,1.0
3.0,3.0,6.0,5.0,2325.579738562092,1.0
3.0,5.0,6.0,13.0,2438.3619281045753,1.0
3.0,13.0,6.0,16.0,2229.162962962964,1.0
6.0,7.0,8.0,16.0,2220.993246187364,1.0
2.0,2.0,3.0,3.0,1899.6823529411765,2.0
2.0,3.0,3.0,15.0,1751.7238562091504,2.0
2.0,15.0,3.0,16.0,1379.5254901960784,2.0
3.0,2.0,6.0,3.0,1458.1856209150324,2.0
7.0,16.0,8.0,19.0,944.9058823529413,2.0
1.0,16.0,2.0,19.0,664.9333333333333,2.0
2.0,16.0,7.0,17.0,1738.9905882352937,2.0
0.0,0.0,1.0,7.0,420.96358543417364,4.0
1.0,0.0,2.0,2.0,837.3352941176471,4.0
1.0,2.0,2.0,14.0,444.52647058823527,4.0
1.0,14.0,2.0,16.0,83.54509803921569,4.0
2.0,0.0,8.0,2.0,742.1888888888889,4.0
8.0,5.0,9.0,17.0,356.50620915032687,4.0
8.0,17.0,9.0,18.0,445.10196078431375,4.0
0.0,19.0,1.0,20.0,89.92156862745098,4.0
1.0,19.0,7.0,20.0,892.8065359477125,4.0
7.0,19.0,8.0,20.0,227.11764705882354,4.0
8.0,0.0,9.0,5.0,1.1294117647058823,5.0
9.0,0.0,10.0,3.0,0.0,5.0
9.0,3.0,10.0,17.0,8.9484593837535,5.0
9.0,17.0,10.0,20.0,0.0,5.0
8.0,18.0,9.0,20.0,1.1294117647058823,5.0
6.0,2.0,8.0,5.0,2.541176470588235,5.0
-0.0,7.0,1.0,19.0,10.16470588235294,5.0
