l_l_m,l_l_n,u_r_m,u_r_n,avg_sal,sal_state
7.0,0.0,8.0,2.0,1513.594117647059,2.0
8.0,16.0,9.0,19.0,879.7843137254903,2.0
3.0,0.0,7.0,2.0,2267.921568627451,1.0
5.0,2.0,6.0,3.0,2252.447058823529,1.0
2.0,5.0,8.0,8.0,2138.5023965141613,1.0
2.0,8.0,8.0,16.0,2193.308660130719,1.0
2.0,16.0,8.0,19.0,1930.357080610022,1.0
3.0,19.0,7.0,20.0,2193.0823529411764,1.0
2.0,0.0,3.0,5.0,1723.4392156862743,2.0
3.0,2.0,5.0,5.0,2210.0875816993466,2.0
5.0,3.0,6.0,5.0,2218.0117647058823,2.0
6.0,2.0,7.0,5.0,1806.9084967320264,2.0
7.0,4.0,8.0,5.0,1546.6392156862744,2.0
1.0,0.0,2.0,4.0,605.928431372549,4.0
1.0,4.0,2.0,16.0,245.05098039215682,4.0
1.0,16.0,2.0,20.0,319.8725490196078,4.0
2.0,19.0,3.0,20.0,241.49150326797385,4.0
-0.0,1.0,1.0,6.0,56.77725490196078,4.0
8.0,0.0,9.0,1.0,429.92549019607833,4.0
8.0,1.0,9.0,13.0,318.51339869281054,4.0
8.0,13.0,9.0,15.0,65.57058823529411,4.0
9.0,0.0,10.0,3.0,6.637777777777778,4.0
7.0,2.0,8.0,4.0,90.44730392156862,4.0
9.0,17.0,10.0,20.0,6.9755555555555535,4.0
7.0,19.0,9.0,20.0,162.0078431372549,4.0
9.0,3.0,10.0,17.0,3.6787114845938365,5.0
8.0,15.0,9.0,16.0,1.1294117647058823,5.0
0.0,6.0,1.0,20.0,4.563305322128851,5.0
0.0,0.0,1.0,1.0,10.16470588235294,5.0
