l_l_m,l_l_n,u_r_m,u_r_n,avg_sal,sal_state
8.0,0.0,9.0,5.0,903.7490196078434,2.0
3.0,10.0,6.0,11.0,2512.5111111111114,1.0
3.0,0.0,8.0,6.0,2291.72954248366,1.0
2.0,2.0,3.0,6.0,1156.714705882353,1.0
2.0,6.0,3.0,14.0,1483.6357843137255,2.0
6.0,6.0,8.0,15.0,2215.4442265795205,2.0
3.0,11.0,6.0,15.0,2248.8810457516347,2.0
3.0,6.0,6.0,10.0,2322.792810457517,2.0
2.0,18.0,3.0,20.0,236.13725490196083,2.0
3.0,18.0,7.0,20.0,2284.983823529412,1.0
6.0,17.0,7.0,18.0,522.4588235294118,2.0
7.0,17.0,9.0,20.0,1405.2254901960785,2.0
7.0,16.0,8.0,17.0,788.5176470588235,2.0
2.0,17.0,4.0,18.0,475.7941176470588,2.0
1.0,15.0,5.0,17.0,1715.8549019607842,2.0
5.0,15.0,7.0,17.0,1854.899346405229,2.0
8.0,5.0,9.0,17.0,264.54901960784315,4.0
9.0,12.0,10.0,15.0,3.96,4.0
7.0,15.0,8.0,16.0,71.44950980392157,4.0
0.0,0.0,1.0,3.0,0.0,5.0
0.0,3.0,1.0,17.0,0.0,5.0
0.0,17.0,1.0,20.0,0.0,5.0
1.0,0.0,2.0,1.0,0.0,5.0
1.0,1.0,2.0,13.0,66.27058823529411,5.0
1.0,13.0,2.0,15.0,269.3647058823529,5.0
2.0,14.0,3.0,15.0,3.388235294117647,5.0
1.0,17.0,2.0,20.0,5.08235294117647,5.0
2.0,0.0,3.0,2.0,3.388235294117647,5.0
9.0,0.0,10.0,12.0,1.016470588235294,5.0
9.0,15.0,10.0,20.0,1.016470588235294,5.0
4.0,17.0,6.0,18.0,3.388235294117647,5.0
