l_l_m,l_l_n,u_r_m,u_r_n,avg_sal,sal_state
1.0,0.0,2.0,2.0,958.3549019607843,2.0
1.0,5.0,2.0,9.0,600.9754901960785,2.0
1.0,3.0,2.0,5.0,838.2470588235294,2.0
2.0,11.0,4.0,13.0,2102.856862745098,1.0
4.0,11.0,6.0,13.0,2084.7568627450987,1.0
6.0,11.0,8.0,13.0,1922.1549019607846,1.0
2.0,9.0,4.0,11.0,2149.410784313726,1.0
4.0,9.0,6.0,11.0,2289.401960784314,1.0
6.0,9.0,8.0,11.0,1819.345098039216,1.0
2.0,7.0,4.0,9.0,2161.7823529411767,1.0
4.0,7.0,6.0,9.0,2224.58137254902,1.0
6.0,7.0,8.0,9.0,1841.9882352941174,1.0
2.0,5.0,4.0,7.0,2269.8068627450984,1.0
4.0,5.0,6.0,7.0,2140.899019607844,1.0
6.0,5.0,8.0,7.0,1579.7509803921566,1.0
2.0,3.0,4.0,5.0,2274.956862745098,1.0
4.0,3.0,6.0,5.0,2356.160784313726,1.0
6.0,3.0,8.0,5.0,1650.7921568627453,1.0
2.0,1.0,4.0,3.0,2197.307843137255,1.0
4.0,1.0,6.0,3.0,2252.7205882352937,1.0
6.0,1.0,8.0,3.0,1705.343137254902,1.0
2.0,0.0,4.0,1.0,1829.4117647058827,1.0
4.0,0.0,6.0,1.0,1910.5549019607847,1.0
6.0,0.0,8.0,1.0,1356.0,1.0
4.0,18.0,5.0,20.0,1954.7627450980392,1.0
5.0,18.0,7.0,20.0,2078.1607843137253,1.0
7.0,18.0,8.0,20.0,1958.9392156862743,1.0
1.0,12.0,2.0,14.0,711.8392156862745,2.0
4.0,13.0,6.0,14.0,1069.7392156862745,2.0
2.0,13.0,4.0,14.0,1309.770588235294,2.0
2.0,18.0,4.0,20.0,1283.713725490196,2.0
4.0,14.0,6.0,16.0,1004.2313725490196,2.0
2.0,14.0,4.0,16.0,1030.3656862745095,2.0
4.0,16.0,6.0,18.0,1705.735294117647,2.0
2.0,16.0,4.0,18.0,722.7578431372549,2.0
6.0,13.0,8.0,17.0,1702.0867647058826,2.0
6.0,17.0,8.0,18.0,1692.1411764705883,2.0
8.0,4.0,10.0,8.0,314.1313725490196,4.0
8.0,0.0,10.0,4.0,495.00294117647064,4.0
8.0,8.0,10.0,12.0,326.3044117647059,4.0
8.0,12.0,10.0,16.0,702.1107843137254,4.0
8.0,16.0,10.0,20.0,903.7176470588234,4.0
1.0,9.0,2.0,12.0,375.481045751634,4.0
1.0,14.0,2.0,18.0,713.6735294117645,4.0
1.0,18.0,2.0,20.0,944.0392156862746,4.0
0.0,11.0,1.0,15.0,339.2313725490196,4.0
0.0,15.0,1.0,19.0,351.8284313725489,4.0
0.0,19.0,1.0,20.0,360.9607843137255,4.0
0.0,2.0,1.0,6.0,287.3245098039216,4.0
0.0,0.0,1.0,2.0,324.6803921568627,4.0
1.0,2.0,2.0,3.0,458.6254901960783,4.0
0.0,6.0,1.0,10.0,282.91274509803924,5.0
-0.0,10.0,1.0,11.0,10.16470588235294,5.0
