l_l_m,l_l_n,u_r_m,u_r_n,avg_sal,sal_state
3.0,0.0,4.0,2.0,1460.1294117647058,1.0
4.0,0.0,6.0,2.0,1911.440196078432,1.0
6.0,0.0,8.0,2.0,1965.2823529411767,1.0
2.0,5.0,3.0,7.0,1517.0607843137257,1.0
3.0,5.0,5.0,7.0,2054.8784313725487,1.0
5.0,5.0,7.0,7.0,2095.78137254902,1.0
2.0,3.0,3.0,5.0,1050.4588235294118,1.0
3.0,3.0,5.0,5.0,1805.3598039215685,1.0
5.0,3.0,7.0,5.0,2124.5264705882355,1.0
2.0,7.0,3.0,9.0,1989.894117647059,1.0
3.0,7.0,5.0,9.0,2268.288235294118,1.0
5.0,7.0,7.0,9.0,2255.990196078432,1.0
2.0,9.0,3.0,11.0,1742.533333333333,1.0
3.0,9.0,5.0,11.0,2196.872549019608,1.0
5.0,9.0,7.0,11.0,2301.644117647059,1.0
2.0,11.0,3.0,13.0,1716.6372549019611,1.0
3.0,11.0,5.0,13.0,2154.2068627450985,1.0
5.0,11.0,7.0,13.0,2118.493137254902,1.0
2.0,13.0,3.0,14.0,1437.5607843137257,1.0
3.0,13.0,5.0,14.0,1882.607843137255,1.0
5.0,13.0,7.0,14.0,1679.0666666666666,1.0
3.0,16.0,4.0,18.0,1717.0901960784313,1.0
4.0,16.0,6.0,18.0,2201.940196078432,1.0
6.0,16.0,8.0,18.0,2127.280392156863,1.0
3.0,18.0,4.0,20.0,1704.450980392157,1.0
4.0,18.0,6.0,20.0,2392.724509803922,1.0
6.0,18.0,8.0,20.0,2161.0617647058825,1.0
8.0,7.0,9.0,11.0,760.8254901960784,2.0
8.0,3.0,9.0,7.0,940.7813725490196,2.0
8.0,0.0,9.0,3.0,1414.8013071895427,2.0
8.0,13.0,9.0,17.0,1194.0862745098038,2.0
8.0,17.0,9.0,20.0,1040.8,2.0
1.0,5.0,2.0,8.0,965.8222222222223,2.0
1.0,8.0,2.0,12.0,936.8382352941176,2.0
1.0,12.0,2.0,15.0,837.2941176470589,2.0
1.0,2.0,2.0,4.0,683.0372549019608,2.0
7.0,3.0,8.0,7.0,1371.2872549019608,2.0
7.0,2.0,8.0,3.0,1914.2392156862745,2.0
7.0,7.0,8.0,11.0,1359.9843137254902,2.0
7.0,11.0,8.0,15.0,1213.093137254902,2.0
7.0,15.0,8.0,16.0,1611.3176470588235,2.0
0.0,12.0,1.0,16.0,118.98039215686272,4.0
1.0,15.0,2.0,16.0,237.9764705882353,4.0
2.0,14.0,3.0,16.0,748.5058823529413,4.0
3.0,14.0,5.0,16.0,647.9009803921567,4.0
5.0,14.0,7.0,16.0,832.6803921568627,4.0
1.0,16.0,3.0,20.0,563.2553921568629,4.0
0.0,8.0,1.0,12.0,129.28529411764706,4.0
0.0,4.0,1.0,8.0,163.65196078431373,4.0
0.0,0.0,1.0,4.0,120.1,4.0
1.0,0.0,3.0,2.0,726.3421568627452,4.0
2.0,2.0,3.0,3.0,865.1372549019608,4.0
3.0,2.0,5.0,3.0,1099.1823529411763,4.0
5.0,2.0,7.0,3.0,1609.4,4.0
1.0,4.0,2.0,5.0,330.2490196078432,4.0
9.0,4.0,10.0,8.0,327.14705882352945,4.0
9.0,0.0,10.0,4.0,318.243137254902,4.0
9.0,8.0,10.0,12.0,199.5549019607843,4.0
9.0,12.0,10.0,16.0,251.76960784313724,4.0
9.0,16.0,10.0,20.0,191.6686274509804,4.0
8.0,11.0,9.0,13.0,60.553594771241826,4.0
0.0,16.0,1.0,20.0,0.1715686274509804,5.0
