l_l_m,l_l_n,u_r_m,u_r_n,avg_sal,sal_state
3.0,7.0,4.0,9.0,2101.592156862745,1.0
4.0,7.0,6.0,9.0,2355.4225490196077,1.0
6.0,7.0,7.0,9.0,2403.664705882353,1.0
3.0,5.0,4.0,7.0,2237.770588235294,1.0
4.0,5.0,6.0,7.0,2548.2656862745102,1.0
6.0,5.0,7.0,7.0,2506.186274509804,1.0
3.0,4.0,4.0,5.0,2176.843137254902,1.0
4.0,4.0,6.0,5.0,2555.743137254902,1.0
6.0,4.0,7.0,5.0,2499.2039215686277,1.0
3.0,10.0,4.0,12.0,2180.788235294117,1.0
4.0,10.0,6.0,12.0,2421.822549019608,1.0
6.0,10.0,7.0,12.0,2399.603921568628,1.0
3.0,12.0,4.0,14.0,2158.4352941176467,1.0
4.0,12.0,6.0,14.0,2244.8205882352945,1.0
6.0,12.0,7.0,14.0,2298.4235294117652,1.0
3.0,14.0,4.0,16.0,2325.282352941176,1.0
4.0,14.0,6.0,16.0,2482.225490196079,1.0
6.0,14.0,7.0,16.0,2464.280392156863,1.0
3.0,16.0,4.0,18.0,2140.268627450981,1.0
4.0,16.0,6.0,18.0,2463.902941176471,1.0
6.0,16.0,7.0,18.0,2400.4098039215687,1.0
7.0,10.0,8.0,13.0,1427.7437908496734,1.0
6.0,0.0,8.0,4.0,1499.6602941176475,2.0
8.0,0.0,9.0,4.0,968.293137254902,2.0
7.0,13.0,8.0,17.0,1511.9725490196079,2.0
7.0,17.0,8.0,20.0,1666.022222222222,2.0
8.0,17.0,9.0,20.0,903.7464052287579,2.0
1.0,18.0,3.0,20.0,794.2931372549019,2.0
3.0,18.0,5.0,20.0,1769.779411764706,2.0
5.0,18.0,7.0,20.0,2173.103921568628,2.0
1.0,8.0,2.0,12.0,354.55392156862746,2.0
1.0,12.0,2.0,13.0,321.8705882352941,2.0
2.0,4.0,3.0,8.0,1558.1549019607844,2.0
2.0,2.0,3.0,4.0,1233.786274509804,2.0
2.0,8.0,3.0,12.0,1946.878431372549,2.0
2.0,12.0,3.0,16.0,1696.799019607843,2.0
2.0,16.0,3.0,18.0,1419.4549019607846,2.0
4.0,2.0,6.0,4.0,1749.1,2.0
3.0,2.0,4.0,4.0,1545.1352941176472,2.0
7.0,6.0,8.0,10.0,1087.8784313725494,4.0
7.0,4.0,8.0,6.0,1098.6921568627452,4.0
8.0,7.0,9.0,11.0,451.656862745098,4.0
8.0,4.0,9.0,7.0,433.45490196078435,4.0
3.0,9.0,4.0,10.0,1620.1529411764707,4.0
4.0,9.0,6.0,10.0,1684.4176470588236,4.0
6.0,9.0,7.0,10.0,1671.3843137254905,4.0
0.0,4.0,1.0,8.0,0.0,5.0
0.0,0.0,1.0,4.0,0.0,5.0
0.0,8.0,1.0,12.0,0.0,5.0
0.0,12.0,1.0,16.0,0.0,5.0
0.0,16.0,1.0,20.0,0.0,5.0
1.0,4.0,2.0,8.0,280.7166666666667,5.0
1.0,0.0,2.0,4.0,103.47254901960785,5.0
1.0,13.0,2.0,17.0,247.06274509803916,5.0
1.0,17.0,2.0,18.0,251.77254901960785,5.0
4.0,0.0,6.0,2.0,333.5558823529411,5.0
2.0,0.0,4.0,2.0,457.1725490196079,5.0
9.0,4.0,10.0,8.0,66.06960784313725,5.0
9.0,0.0,10.0,4.0,44.924509803921566,5.0
9.0,8.0,10.0,12.0,52.713725490196076,5.0
9.0,12.0,10.0,16.0,15.207843137254901,5.0
9.0,16.0,10.0,20.0,36.50490196078432,5.0
8.0,11.0,9.0,15.0,463.17254901960786,5.0
8.0,15.0,9.0,17.0,448.8,5.0
