l_l_m,l_l_n,u_r_m,u_r_n,avg_sal,sal_state
2.0,4.0,4.0,5.0,1752.6627450980393,2.0
2.0,5.0,4.0,7.0,2525.4735294117645,1.0
4.0,5.0,6.0,7.0,2540.8470588235296,1.0
6.0,5.0,8.0,7.0,1890.928431372549,1.0
3.0,8.0,4.0,10.0,2261.3882352941173,1.0
4.0,8.0,6.0,10.0,2401.639215686275,1.0
6.0,8.0,7.0,10.0,2469.274509803921,1.0
3.0,10.0,4.0,12.0,2491.850980392157,1.0
4.0,10.0,6.0,12.0,2492.8362745098043,1.0
6.0,10.0,7.0,12.0,2409.676470588236,1.0
3.0,12.0,4.0,14.0,2347.282352941177,1.0
4.0,12.0,6.0,14.0,2455.4480392156865,1.0
6.0,12.0,7.0,14.0,2503.335294117647,1.0
2.0,15.0,4.0,17.0,2189.594117647059,1.0
4.0,15.0,6.0,17.0,2428.789215686275,1.0
6.0,15.0,8.0,17.0,2076.518627450981,1.0
2.0,17.0,4.0,19.0,2273.157843137255,1.0
4.0,17.0,6.0,19.0,2537.057843137255,1.0
6.0,17.0,8.0,19.0,2176.4127450980395,1.0
2.0,19.0,4.0,20.0,2132.7333333333336,1.0
4.0,19.0,6.0,20.0,2435.3686274509805,1.0
6.0,19.0,8.0,20.0,2117.139215686275,1.0
2.0,7.0,3.0,9.0,1656.313725490196,2.0
2.0,9.0,3.0,13.0,1573.244117647059,2.0
2.0,13.0,3.0,15.0,1534.592156862745,2.0
7.0,7.0,8.0,9.0,1898.3274509803925,2.0
7.0,9.0,8.0,13.0,1986.3009803921566,2.0
7.0,13.0,8.0,15.0,1983.8411764705882,2.0
3.0,7.0,4.0,8.0,2132.1529411764704,2.0
4.0,7.0,6.0,8.0,2228.694117647059,2.0
6.0,7.0,7.0,8.0,2399.4313725490197,2.0
3.0,14.0,4.0,15.0,2404.2039215686277,2.0
4.0,14.0,6.0,15.0,2430.019607843137,2.0
6.0,14.0,7.0,15.0,2443.905882352941,2.0
2.0,0.0,4.0,1.0,2229.7843137254904,2.0
4.0,0.0,6.0,1.0,2362.219607843137,2.0
6.0,0.0,8.0,1.0,1904.950980392157,2.0
2.0,2.0,4.0,4.0,2152.657843137255,1.0
4.0,2.0,6.0,4.0,2474.3235294117653,1.0
6.0,2.0,8.0,4.0,2013.8803921568629,1.0
2.0,1.0,4.0,2.0,2199.9843137254898,1.0
4.0,1.0,6.0,2.0,2392.839215686275,1.0
6.0,1.0,8.0,2.0,1933.558823529412,1.0
8.0,2.0,9.0,6.0,65.1186274509804,4.0
8.0,0.0,9.0,2.0,60.85490196078432,4.0
4.0,4.0,5.0,5.0,725.5294117647059,4.0
5.0,4.0,7.0,5.0,851.5843137254901,4.0
7.0,4.0,8.0,5.0,995.6313725490196,4.0
0.0,4.0,2.0,8.0,48.97450980392156,5.0
0.0,0.0,2.0,4.0,63.96078431372549,5.0
0.0,8.0,2.0,12.0,28.804901960784317,5.0
0.0,12.0,2.0,16.0,43.00147058823529,5.0
0.0,16.0,2.0,20.0,39.65588235294118,5.0
9.0,4.0,10.0,8.0,0.0,5.0
9.0,0.0,10.0,4.0,0.0,5.0
9.0,8.0,10.0,12.0,0.0,5.0
9.0,12.0,10.0,16.0,0.0,5.0
9.0,16.0,10.0,20.0,0.0,5.0
8.0,7.0,9.0,11.0,88.8735294117647,5.0
8.0,6.0,9.0,7.0,0.6431372549019607,5.0
8.0,11.0,9.0,15.0,118.1058823529412,5.0
8.0,15.0,9.0,19.0,70.2470588235294,5.0
8.0,19.0,9.0,20.0,46.42745098039216,5.0
