l_l_m,l_l_n,u_r_m,u_r_n,avg_sal,sal_state
2.0,6.0,4.0,8.0,1976.643137254902,2.0
4.0,6.0,6.0,8.0,2285.5137254901965,2.0
6.0,6.0,8.0,8.0,2013.6735294117648,2.0
2.0,4.0,4.0,6.0,2007.75,1.0
4.0,4.0,6.0,6.0,2347.9313725490197,1.0
6.0,4.0,8.0,6.0,2065.648039215687,1.0
2.0,2.0,4.0,4.0,2072.2460784313726,1.0
4.0,2.0,6.0,4.0,2465.697058823529,1.0
6.0,2.0,8.0,4.0,2296.310784313726,1.0
2.0,0.0,4.0,2.0,2138.8803921568633,1.0
4.0,0.0,6.0,2.0,2554.2656862745102,1.0
6.0,0.0,8.0,2.0,2337.0862745098043,1.0
2.0,8.0,4.0,9.0,2171.282352941176,1.0
4.0,8.0,6.0,9.0,2522.9843137254898,1.0
6.0,8.0,8.0,9.0,2085.580392156863,1.0
2.0,9.0,4.0,11.0,2170.0843137254897,1.0
4.0,9.0,6.0,11.0,2517.046078431373,1.0
6.0,9.0,8.0,11.0,2170.000980392157,1.0
2.0,11.0,4.0,13.0,2148.477450980392,1.0
4.0,11.0,6.0,13.0,2498.148039215687,1.0
6.0,11.0,8.0,13.0,2245.626470588235,1.0
3.0,15.0,4.0,17.0,2369.141176470588,1.0
4.0,15.0,6.0,17.0,2533.032352941177,1.0
6.0,15.0,7.0,17.0,2492.233333333333,1.0
3.0,17.0,4.0,19.0,2349.6960784313724,1.0
4.0,17.0,6.0,19.0,2521.1303921568633,1.0
6.0,17.0,7.0,19.0,2512.921568627451,1.0
2.0,13.0,3.0,14.0,1572.6117647058825,2.0
7.0,13.0,8.0,17.0,2129.2254901960787,2.0
7.0,17.0,8.0,20.0,1996.8078431372548,2.0
5.0,19.0,7.0,20.0,2053.9235294117652,2.0
3.0,13.0,4.0,15.0,2119.550980392157,2.0
4.0,13.0,6.0,15.0,2284.5264705882355,2.0
6.0,13.0,7.0,15.0,2414.154901960785,2.0
2.0,14.0,3.0,18.0,494.0235294117647,4.0
2.0,18.0,3.0,20.0,538.9392156862745,4.0
3.0,19.0,5.0,20.0,703.407843137255,4.0
1.0,17.0,2.0,20.0,25.3359477124183,4.0
8.0,6.0,9.0,10.0,109.70686274509804,4.0
8.0,5.0,9.0,6.0,34.47843137254902,4.0
8.0,10.0,9.0,14.0,118.18529411764706,4.0
8.0,14.0,9.0,18.0,339.99117647058824,4.0
8.0,18.0,9.0,20.0,245.7313725490196,4.0
1.0,8.0,2.0,12.0,108.91372549019607,4.0
1.0,4.0,2.0,8.0,179.07254901960786,4.0
1.0,3.0,2.0,4.0,43.996078431372545,4.0
0.0,4.0,1.0,8.0,0.0,5.0
0.0,0.0,1.0,4.0,0.0,5.0
0.0,8.0,1.0,12.0,0.0,5.0
0.0,12.0,1.0,16.0,0.0,5.0
0.0,16.0,1.0,20.0,0.0,5.0
1.0,0.0,2.0,3.0,5.08235294117647,5.0
1.0,12.0,2.0,16.0,24.811764705882357,5.0
1.0,16.0,2.0,17.0,17.058823529411768,5.0
8.0,1.0,9.0,5.0,80.7529411764706,5.0
8.0,0.0,9.0,1.0,110.07058823529414,5.0
9.0,4.0,10.0,8.0,0.0,5.0
9.0,0.0,10.0,4.0,0.0,5.0
9.0,8.0,10.0,12.0,0.0,5.0
9.0,12.0,10.0,16.0,0.6598039215686275,5.0
9.0,16.0,10.0,20.0,1.2254901960784312,5.0
