l_l_m,l_l_n,u_r_m,u_r_n,avg_sal,sal_state
3.0,0.0,4.0,1.0,2526.164705882353,1.0
4.0,0.0,6.0,1.0,2487.141176470588,1.0
6.0,0.0,7.0,1.0,2411.576470588236,1.0
4.0,19.0,6.0,20.0,2427.821568627452,1.0
3.0,19.0,4.0,20.0,2471.603921568628,1.0
3.0,2.0,4.0,4.0,2228.007843137255,1.0
4.0,2.0,6.0,4.0,2368.2852941176475,1.0
6.0,2.0,7.0,4.0,2428.807843137255,1.0
2.0,7.0,3.0,9.0,1508.1686274509802,1.0
2.0,4.0,3.0,6.0,1552.0862745098038,1.0
3.0,7.0,4.0,9.0,2356.3549019607844,1.0
4.0,7.0,6.0,9.0,2378.414705882353,1.0
6.0,7.0,8.0,9.0,2324.494117647059,1.0
3.0,5.0,4.0,7.0,2124.4254901960785,1.0
4.0,5.0,6.0,7.0,2293.0254901960793,1.0
6.0,5.0,8.0,7.0,2247.771568627451,1.0
3.0,4.0,4.0,5.0,2445.4078431372545,1.0
4.0,4.0,6.0,5.0,2351.2647058823527,1.0
6.0,4.0,8.0,5.0,1891.343137254902,1.0
4.0,10.0,6.0,12.0,2393.9911764705885,1.0
2.0,10.0,4.0,12.0,1993.58137254902,1.0
4.0,12.0,6.0,14.0,2394.1529411764714,1.0
2.0,12.0,4.0,14.0,1828.436274509804,1.0
4.0,14.0,6.0,16.0,2418.290196078432,1.0
2.0,14.0,4.0,16.0,1979.8107843137252,1.0
4.0,16.0,5.0,18.0,2289.4686274509813,1.0
5.0,16.0,7.0,18.0,2346.916666666667,1.0
7.0,16.0,8.0,18.0,1908.5117647058826,1.0
4.0,9.0,6.0,10.0,2227.8254901960777,2.0
2.0,9.0,4.0,10.0,1926.6,2.0
6.0,9.0,8.0,13.0,2139.6671568627453,2.0
6.0,13.0,8.0,16.0,1995.5464052287587,2.0
2.0,0.0,3.0,4.0,1283.1107843137254,2.0
7.0,0.0,8.0,4.0,1839.1215686274516,2.0
3.0,1.0,4.0,2.0,2155.694117647059,2.0
4.0,1.0,6.0,2.0,2292.2274509803924,2.0
6.0,1.0,7.0,2.0,2369.403921568628,2.0
3.0,16.0,4.0,19.0,2178.61568627451,2.0
4.0,18.0,6.0,19.0,2200.2274509803924,2.0
8.0,4.0,9.0,8.0,330.69803921568626,4.0
8.0,0.0,9.0,4.0,376.42058823529413,4.0
8.0,8.0,9.0,12.0,160.8078431372549,4.0
8.0,12.0,9.0,16.0,272.28431372549016,4.0
8.0,16.0,9.0,20.0,289.30294117647065,4.0
6.0,18.0,8.0,20.0,1448.913725490196,4.0
0.0,4.0,2.0,8.0,99.49803921568626,5.0
0.0,0.0,2.0,4.0,163.51323529411766,5.0
0.0,8.0,2.0,12.0,257.01274509803926,5.0
0.0,12.0,2.0,16.0,244.46666666666664,5.0
0.0,16.0,2.0,20.0,190.13578431372548,5.0
2.0,6.0,3.0,7.0,3.388235294117647,5.0
2.0,16.0,3.0,20.0,930.6549019607843,5.0
9.0,4.0,10.0,8.0,0.0,5.0
9.0,0.0,10.0,4.0,0.0,5.0
9.0,8.0,10.0,12.0,0.0,5.0
9.0,12.0,10.0,16.0,0.0,5.0
9.0,16.0,10.0,20.0,0.0,5.0
