l_l_m,l_l_n,u_r_m,u_r_n,avg_sal,sal_state
2.0,6.0,4.0,7.0,1655.9156862745099,2.0
4.0,6.0,6.0,7.0,2189.552941176471,2.0
6.0,6.0,8.0,7.0,2256.088235294118,2.0
2.0,18.0,3.0,20.0,1676.964705882353,2.0
6.0,18.0,8.0,20.0,2080.5156862745102,2.0
2.0,4.0,4.0,6.0,2006.041176470588,1.0
4.0,4.0,6.0,6.0,2510.419607843137,1.0
6.0,4.0,8.0,6.0,2345.55,1.0
2.0,2.0,4.0,4.0,1883.619607843137,1.0
4.0,2.0,6.0,4.0,2368.9343137254905,1.0
6.0,2.0,8.0,4.0,2182.4539215686277,1.0
2.0,0.0,4.0,2.0,1863.2715686274514,1.0
4.0,0.0,6.0,2.0,2346.710784313726,1.0
6.0,0.0,8.0,2.0,2189.407843137255,1.0
2.0,7.0,4.0,9.0,1950.7382352941174,1.0
4.0,7.0,6.0,9.0,2429.4225490196077,1.0
6.0,7.0,8.0,9.0,2252.8401960784313,1.0
2.0,9.0,4.0,11.0,2091.1392156862744,1.0
4.0,9.0,6.0,11.0,2524.030392156863,1.0
6.0,9.0,8.0,11.0,2231.719607843137,1.0
2.0,11.0,4.0,13.0,1912.0137254901965,1.0
4.0,11.0,6.0,13.0,2381.7813725490196,1.0
6.0,11.0,8.0,13.0,2214.402941176471,1.0
4.0,13.0,6.0,14.0,2464.945098039216,1.0
3.0,13.0,4.0,14.0,2460.772549019608,1.0
4.0,15.0,6.0,17.0,2537.156862745098,1.0
3.0,15.0,4.0,17.0,2480.6980392156865,1.0
4.0,17.0,6.0,19.0,2368.3617647058827,1.0
3.0,17.0,4.0,19.0,2303.9705882352937,1.0
4.0,19.0,6.0,20.0,2314.190196078432,1.0
3.0,19.0,4.0,20.0,2123.0039215686274,1.0
6.0,15.0,8.0,18.0,2190.165359477124,1.0
2.0,13.0,3.0,17.0,1625.1490196078432,2.0
4.0,14.0,6.0,15.0,2409.307843137255,2.0
3.0,14.0,4.0,15.0,2375.588235294118,2.0
6.0,13.0,8.0,15.0,2073.6892156862746,2.0
8.0,4.0,9.0,8.0,131.92549019607844,4.0
8.0,0.0,9.0,4.0,67.19313725490196,4.0
8.0,8.0,9.0,12.0,122.1921568627451,4.0
8.0,12.0,9.0,16.0,170.7921568627451,4.0
8.0,16.0,9.0,20.0,165.02352941176468,4.0
1.0,12.0,2.0,16.0,72.20392156862745,4.0
1.0,16.0,2.0,20.0,60.45392156862745,4.0
2.0,17.0,3.0,18.0,200.15424836601312,4.0
0.0,4.0,1.0,8.0,0.0,5.0
0.0,0.0,1.0,4.0,0.0,5.0
0.0,8.0,1.0,12.0,0.0,5.0
0.0,12.0,1.0,16.0,0.0,5.0
0.0,16.0,1.0,20.0,0.0,5.0
1.0,8.0,2.0,12.0,66.76862745098039,5.0
1.0,4.0,2.0,8.0,14.739215686274507,5.0
1.0,0.0,2.0,4.0,12.741176470588233,5.0
9.0,4.0,10.0,8.0,0.0,5.0
9.0,0.0,10.0,4.0,0.0,5.0
9.0,8.0,10.0,12.0,0.0,5.0
9.0,12.0,10.0,16.0,0.0,5.0
9.0,16.0,10.0,20.0,0.0,5.0
