l_l_m,l_l_n,u_r_m,u_r_n,avg_sal,sal_state
7.0,18.0,9.0,19.0,1082.6549019607844,2.0
3.0,2.0,8.0,4.0,2386.9458823529408,1.0
2.0,5.0,5.0,6.0,2185.549019607843,1.0
2.0,7.0,7.0,11.0,2402.6623529411763,1.0
3.0,14.0,7.0,17.0,2210.742156862745,1.0
3.0,18.0,7.0,20.0,2297.815196078432,1.0
2.0,0.0,3.0,5.0,1398.7686274509806,2.0
3.0,0.0,4.0,2.0,2168.4235294117652,2.0
4.0,0.0,8.0,2.0,2039.610294117647,2.0
8.0,0.0,9.0,2.0,504.8254901960785,2.0
3.0,4.0,5.0,5.0,2029.1254901960785,2.0
7.0,4.0,8.0,14.0,1626.6129411764707,2.0
3.0,17.0,7.0,18.0,2016.3813725490202,2.0
2.0,11.0,3.0,20.0,1714.663616557734,2.0
3.0,11.0,7.0,14.0,2367.3869281045754,2.0
2.0,6.0,5.0,7.0,2234.579084967321,2.0
5.0,4.0,7.0,7.0,2204.0111111111114,2.0
1.0,0.0,2.0,4.0,209.48627450980396,4.0
1.0,4.0,2.0,16.0,273.1248366013072,4.0
1.0,16.0,2.0,20.0,462.45490196078435,4.0
-0.0,14.0,1.0,18.0,42.771568627450975,4.0
8.0,5.0,9.0,17.0,116.23431372549021,4.0
8.0,17.0,9.0,18.0,109.0,4.0
7.0,14.0,8.0,18.0,86.74975490196077,4.0
7.0,19.0,9.0,20.0,128.8962962962963,4.0
8.0,2.0,9.0,5.0,16.244771241830065,4.0
9.0,0.0,10.0,3.0,0.0,5.0
9.0,3.0,10.0,17.0,0.0,5.0
9.0,17.0,10.0,20.0,0.0,5.0
0.0,0.0,1.0,14.0,4.864705882352942,5.0
-0.0,18.0,1.0,20.0,10.16470588235294,5.0
