l_l_m,l_l_n,u_r_m,u_r_n,avg_sal,sal_state
2.0,0.0,7.0,4.0,2117.2096078431373,1.0
3.0,8.0,6.0,13.0,2442.552418300654,1.0
2.0,16.0,7.0,20.0,2328.436078431373,1.0
7.0,0.0,8.0,7.0,1965.026330532213,2.0
8.0,2.0,9.0,4.0,682.5941176470587,2.0
7.0,8.0,8.0,20.0,1400.897385620915,2.0
8.0,15.0,9.0,17.0,456.9313725490196,2.0
1.0,11.0,2.0,16.0,794.5772549019607,2.0
1.0,5.0,2.0,6.0,1126.6509803921567,2.0
2.0,4.0,3.0,16.0,1858.2862745098041,2.0
3.0,4.0,7.0,8.0,1912.3247549019607,2.0
6.0,8.0,7.0,16.0,1912.1504901960784,2.0
3.0,13.0,6.0,16.0,1789.7115468409586,2.0
8.0,0.0,9.0,2.0,50.439433551198256,4.0
9.0,1.0,10.0,7.0,8.011176470588236,4.0
7.0,7.0,8.0,8.0,97.3078431372549,4.0
8.0,4.0,9.0,15.0,35.36185383244207,4.0
1.0,2.0,2.0,5.0,171.23986928104574,4.0
1.0,6.0,2.0,11.0,303.5882352941177,4.0
-0.0,3.0,1.0,14.0,125.53048128342249,4.0
9.0,7.0,10.0,20.0,1.016470588235294,5.0
8.0,17.0,9.0,20.0,1.1294117647058823,5.0
-0.0,14.0,1.0,20.0,10.16470588235294,5.0
1.0,16.0,2.0,20.0,5.08235294117647,5.0
0.0,0.0,1.0,3.0,10.16470588235294,5.0
1.0,0.0,2.0,2.0,5.08235294117647,5.0
9.0,0.0,10.0,1.0,1.016470588235294,5.0
