l_l_m,l_l_n,u_r_m,u_r_n,avg_sal,sal_state
1.0,8.0,2.0,9.0,348.2941176470588,2.0
2.0,0.0,8.0,3.0,2078.688671023965,1.0
2.0,8.0,7.0,15.0,2238.6584873949587,1.0
8.0,2.0,9.0,9.0,819.8257703081233,2.0
1.0,13.0,2.0,17.0,682.0666666666666,2.0
2.0,15.0,3.0,17.0,958.7215686274507,2.0
3.0,15.0,7.0,16.0,1412.9490196078436,2.0
2.0,3.0,3.0,5.0,942.6470588235294,2.0
7.0,3.0,8.0,15.0,1785.552614379085,2.0
7.0,15.0,8.0,16.0,1318.2117647058822,2.0
3.0,3.0,7.0,8.0,1826.2868627450973,2.0
2.0,17.0,4.0,18.0,215.37647058823532,2.0
2.0,18.0,8.0,20.0,2058.7604575163396,1.0
2.0,5.0,3.0,8.0,1551.9035294117646,2.0
8.0,9.0,9.0,20.0,87.61216082392552,4.0
9.0,15.0,10.0,20.0,50.252078431372546,4.0
3.0,16.0,4.0,17.0,257.578431372549,4.0
4.0,16.0,8.0,18.0,1026.7843137254902,4.0
1.0,0.0,2.0,8.0,287.56348039215686,4.0
-0.0,3.0,1.0,7.0,365.05784313725496,4.0
8.0,0.0,9.0,2.0,96.16666666666669,4.0
9.0,0.0,10.0,9.0,42.96287581699347,4.0
1.0,9.0,2.0,13.0,367.29901960784315,4.0
-0.0,14.0,1.0,19.0,457.2596078431373,4.0
1.0,17.0,2.0,18.0,274.01568627450985,4.0
-0.0,7.0,1.0,14.0,10.164705882352944,5.0
9.0,9.0,10.0,15.0,1.016470588235294,5.0
1.0,18.0,2.0,20.0,5.08235294117647,5.0
-0.0,19.0,1.0,20.0,10.16470588235294,5.0
0.0,0.0,1.0,3.0,10.16470588235294,5.0
