l_l_m,l_l_n,u_r_m,u_r_n,avg_sal,sal_state
6.0,2.0,8.0,13.0,1534.512834224599,1.0
2.0,3.0,6.0,4.0,1854.6107843137256,1.0
2.0,4.0,6.0,12.0,2031.7856617647064,1.0
2.0,12.0,6.0,13.0,1909.5049019607845,1.0
3.0,14.0,7.0,18.0,1750.2639705882355,1.0
7.0,14.0,8.0,19.0,1642.8454901960788,1.0
4.0,0.0,8.0,2.0,1538.3754901960785,2.0
8.0,0.0,9.0,7.0,1061.3512605042017,2.0
1.0,2.0,2.0,4.0,975.349019607843,2.0
2.0,2.0,6.0,3.0,1300.3578431372548,2.0
3.0,1.0,4.0,2.0,990.8862745098039,2.0
1.0,5.0,2.0,14.0,940.9342047930282,2.0
2.0,13.0,8.0,14.0,1496.0967320261434,2.0
-0.0,14.0,2.0,15.0,839.321568627451,2.0
2.0,14.0,3.0,17.0,1227.6,2.0
8.0,16.0,9.0,20.0,1162.9627450980392,2.0
4.0,19.0,8.0,20.0,1175.2137254901966,2.0
3.0,18.0,7.0,19.0,1480.556862745098,2.0
9.0,0.0,10.0,3.0,339.80784313725485,4.0
9.0,3.0,10.0,17.0,233.87815126050427,4.0
9.0,17.0,10.0,20.0,561.9699346405229,4.0
8.0,7.0,9.0,16.0,45.82580488985717,4.0
0.0,0.0,1.0,14.0,337.48683473389355,4.0
1.0,0.0,3.0,2.0,633.2875816993462,4.0
1.0,4.0,2.0,5.0,437.19019607843137,4.0
3.0,0.0,4.0,1.0,185.20686274509805,4.0
-0.0,15.0,2.0,20.0,731.4270588235295,4.0
2.0,17.0,3.0,20.0,230.21176470588242,4.0
3.0,19.0,4.0,20.0,170.54313725490195,4.0
