l_l_m,l_l_n,u_r_m,u_r_n,avg_sal,sal_state
1.0,2.0,2.0,4.0,782.7647058823529,2.0
1.0,5.0,2.0,8.0,694.2065359477124,2.0
1.0,13.0,2.0,16.0,913.5450980392156,2.0
2.0,2.0,8.0,10.0,2014.0840686274512,1.0
2.0,0.0,8.0,2.0,2020.944117647059,1.0
2.0,11.0,6.0,18.0,2124.824509803922,1.0
6.0,19.0,7.0,20.0,1851.0431372549021,1.0
2.0,10.0,6.0,11.0,2084.493137254902,2.0
7.0,10.0,8.0,14.0,1076.478431372549,2.0
7.0,16.0,8.0,20.0,1097.1911764705883,2.0
2.0,19.0,6.0,20.0,1856.9823529411765,2.0
2.0,18.0,6.0,19.0,1240.3901960784312,2.0
1.0,18.0,2.0,19.0,786.6823529411764,2.0
6.0,10.0,7.0,19.0,1646.8823529411764,2.0
1.0,8.0,2.0,13.0,460.84784313725487,4.0
8.0,0.0,10.0,3.0,553.1954248366013,5.0
8.0,3.0,10.0,17.0,379.79537815126054,5.0
8.0,17.0,10.0,20.0,609.7516339869281,5.0
7.0,14.0,8.0,16.0,1.2705882352941176,5.0
0.0,0.0,1.0,3.0,229.1673202614379,5.0
0.0,3.0,1.0,17.0,265.40980392156865,5.0
0.0,17.0,1.0,20.0,364.9647058823529,5.0
1.0,0.0,2.0,2.0,5.08235294117647,5.0
1.0,4.0,2.0,5.0,5.08235294117647,5.0
1.0,16.0,2.0,18.0,5.08235294117647,5.0
1.0,19.0,2.0,20.0,5.08235294117647,5.0
