l_l_m,l_l_n,u_r_m,u_r_n,avg_sal,sal_state
7.0,18.0,8.0,20.0,227.09411764705882,2.0
3.0,1.0,7.0,3.0,2470.670098039216,1.0
3.0,5.0,6.0,6.0,2500.1843137254905,1.0
2.0,7.0,7.0,15.0,2272.291274509804,1.0
2.0,15.0,7.0,16.0,2335.773333333333,1.0
3.0,17.0,7.0,20.0,1976.674836601307,1.0
1.0,13.0,2.0,20.0,842.2162464985994,2.0
2.0,16.0,3.0,20.0,2144.8274509803923,2.0
3.0,16.0,6.0,17.0,1253.554248366013,2.0
1.0,0.0,2.0,2.0,699.5235294117647,2.0
7.0,0.0,8.0,2.0,590.5411764705882,2.0
7.0,2.0,8.0,14.0,1406.6669934640522,2.0
7.0,14.0,8.0,16.0,850.8352941176471,2.0
2.0,5.0,3.0,7.0,2001.1372549019607,2.0
2.0,3.0,6.0,5.0,1785.7161764705884,2.0
1.0,3.0,2.0,5.0,668.7823529411763,2.0
6.0,3.0,7.0,7.0,1827.0431372549021,2.0
2.0,0.0,3.0,3.0,2013.8522875817002,2.0
3.0,0.0,7.0,1.0,1506.7617647058826,2.0
3.0,6.0,6.0,7.0,2334.6836601307195,2.0
8.0,4.0,9.0,15.0,37.93955238661121,4.0
1.0,5.0,2.0,13.0,192.85392156862747,4.0
6.0,16.0,8.0,17.0,89.72107843137255,4.0
8.0,0.0,9.0,4.0,1.1294117647058823,5.0
9.0,0.0,10.0,3.0,0.0,5.0
9.0,3.0,10.0,17.0,40.34285714285714,5.0
9.0,17.0,10.0,20.0,0.0,5.0
7.0,17.0,8.0,18.0,1.2705882352941176,5.0
8.0,15.0,9.0,20.0,1.1294117647058823,5.0
0.0,0.0,1.0,3.0,0.0,5.0
0.0,3.0,1.0,17.0,13.217927170868347,5.0
0.0,17.0,1.0,20.0,0.6235294117647059,5.0
1.0,2.0,2.0,3.0,5.08235294117647,5.0
