l_l_m,l_l_n,u_r_m,u_r_n,avg_sal,sal_state
1.0,7.0,2.0,12.0,890.3796078431373,2.0
3.0,17.0,8.0,18.0,1836.6235294117648,2.0
2.0,18.0,3.0,20.0,1177.007843137255,2.0
8.0,19.0,9.0,20.0,903.3529411764704,2.0
3.0,1.0,8.0,4.0,2060.058300653595,1.0
3.0,18.0,8.0,20.0,1976.5529411764705,1.0
5.0,5.0,6.0,6.0,2325.007843137255,1.0
7.0,10.0,8.0,17.0,1344.080112044818,1.0
2.0,6.0,7.0,7.0,2126.734901960784,1.0
2.0,7.0,7.0,15.0,2168.093235294117,1.0
2.0,15.0,7.0,17.0,2165.7560784313728,1.0
5.0,0.0,8.0,1.0,1709.0183006535947,2.0
8.0,0.0,9.0,2.0,806.5941176470587,2.0
2.0,1.0,3.0,5.0,1803.5549019607847,2.0
3.0,4.0,6.0,5.0,2103.768627450981,2.0
6.0,4.0,7.0,6.0,1663.7960784313723,2.0
2.0,5.0,5.0,6.0,1853.5254901960784,2.0
1.0,2.0,2.0,5.0,820.3150326797386,2.0
8.0,2.0,9.0,7.0,72.48470588235294,4.0
7.0,4.0,8.0,10.0,117.04918300653593,4.0
0.0,0.0,1.0,3.0,238.09803921568627,5.0
0.0,3.0,1.0,17.0,170.3313725490196,5.0
0.0,17.0,1.0,20.0,0.0,5.0
1.0,0.0,2.0,2.0,5.08235294117647,5.0
1.0,5.0,2.0,7.0,5.08235294117647,5.0
1.0,12.0,2.0,20.0,5.08235294117647,5.0
2.0,17.0,3.0,18.0,3.388235294117647,5.0
2.0,0.0,5.0,1.0,6.0988235294117645,5.0
9.0,0.0,10.0,3.0,315.64183006535944,5.0
9.0,3.0,10.0,17.0,210.71512605042014,5.0
9.0,17.0,10.0,20.0,362.68888888888887,5.0
8.0,7.0,9.0,19.0,499.9352941176471,5.0
