l_l_m,l_l_n,u_r_m,u_r_n,avg_sal,sal_state
3.0,12.0,7.0,16.0,2384.201715686275,1.0
3.0,17.0,6.0,19.0,2285.728758169935,1.0
4.0,3.0,8.0,9.0,2141.3861111111114,1.0
3.0,4.0,4.0,9.0,2319.032156862745,1.0
2.0,4.0,3.0,16.0,1641.6633986928107,2.0
3.0,9.0,8.0,12.0,2050.6394771241835,2.0
3.0,16.0,6.0,17.0,2129.0653594771247,2.0
6.0,16.0,7.0,20.0,2079.8392156862747,2.0
7.0,13.0,8.0,20.0,1288.632492997199,2.0
1.0,16.0,3.0,20.0,1428.6529411764707,2.0
1.0,9.0,2.0,11.0,830.6156862745097,2.0
3.0,19.0,6.0,20.0,2138.2261437908496,2.0
7.0,1.0,8.0,3.0,494.92352941176483,2.0
2.0,1.0,7.0,3.0,2311.8737254901957,1.0
1.0,0.0,2.0,4.0,778.6264705882353,2.0
2.0,0.0,7.0,1.0,1935.0031372549026,2.0
2.0,3.0,4.0,4.0,1508.6254901960785,2.0
8.0,3.0,9.0,5.0,215.33921568627446,4.0
8.0,5.0,9.0,17.0,271.5016339869281,4.0
8.0,17.0,9.0,20.0,305.562091503268,4.0
7.0,12.0,8.0,13.0,90.26029411764706,4.0
-0.0,11.0,1.0,14.0,49.691503267973864,4.0
1.0,11.0,2.0,16.0,232.643137254902,4.0
1.0,4.0,2.0,9.0,64.26823529411766,4.0
7.0,0.0,8.0,1.0,1.2705882352941176,5.0
9.0,0.0,10.0,3.0,0.0,5.0
9.0,3.0,10.0,17.0,4.095518207282914,5.0
9.0,17.0,10.0,20.0,12.532026143790851,5.0
8.0,0.0,9.0,3.0,1.1294117647058823,5.0
0.0,0.0,1.0,11.0,10.16470588235294,5.0
-0.0,14.0,1.0,20.0,10.16470588235294,5.0
