l_l_m,l_l_n,u_r_m,u_r_n,avg_sal,sal_state
3.0,14.0,6.0,17.0,2441.0549019607847,1.0
2.0,0.0,8.0,6.0,2205.8132897603487,1.0
4.0,6.0,7.0,11.0,2452.3516339869284,1.0
2.0,6.0,3.0,17.0,1828.7144385026736,2.0
3.0,6.0,4.0,14.0,2280.8946078431377,2.0
4.0,11.0,7.0,14.0,2236.122004357299,2.0
7.0,6.0,8.0,14.0,1690.1151960784314,2.0
6.0,19.0,8.0,20.0,1295.6098039215685,2.0
2.0,17.0,6.0,20.0,1970.109477124183,2.0
1.0,17.0,2.0,20.0,770.0588235294118,2.0
1.0,13.0,2.0,15.0,817.6019607843139,2.0
6.0,14.0,7.0,18.0,1783.9480392156865,2.0
8.0,3.0,9.0,15.0,312.1581699346405,4.0
9.0,5.0,10.0,8.0,7.9575163398692785,4.0
8.0,16.0,9.0,17.0,2.170806100217865,4.0
8.0,18.0,9.0,20.0,3.9958605664488016,4.0
6.0,18.0,8.0,19.0,170.12058823529412,4.0
7.0,14.0,8.0,18.0,73.38063725490196,4.0
1.0,5.0,2.0,13.0,148.61151960784315,4.0
-0.0,13.0,1.0,20.0,141.03585434173667,4.0
1.0,15.0,2.0,17.0,335.82254901960783,4.0
0.0,0.0,1.0,1.0,35.32941176470588,4.0
1.0,0.0,2.0,5.0,110.73921568627449,4.0
9.0,8.0,10.0,20.0,1.016470588235294,5.0
8.0,17.0,9.0,18.0,1.1294117647058823,5.0
8.0,15.0,9.0,16.0,1.1294117647058823,5.0
-0.0,1.0,1.0,13.0,10.16470588235294,5.0
8.0,0.0,9.0,3.0,1.1294117647058823,5.0
9.0,0.0,10.0,5.0,1.016470588235294,5.0
