l_l_m,l_l_n,u_r_m,u_r_n,avg_sal,sal_state
7.0,0.0,8.0,3.0,1504.1450980392153,2.0
1.0,7.0,2.0,8.0,496.49803921568633,2.0
8.0,14.0,9.0,16.0,669.7294117647059,2.0
8.0,19.0,9.0,20.0,1034.7764705882357,2.0
3.0,0.0,7.0,5.0,2164.367843137255,1.0
5.0,19.0,8.0,20.0,1991.0915032679736,1.0
2.0,6.0,3.0,15.0,1789.8474945533774,1.0
3.0,6.0,4.0,16.0,2230.096078431373,1.0
3.0,16.0,4.0,17.0,1420.964705882353,1.0
4.0,7.0,8.0,17.0,2177.071960784314,1.0
2.0,16.0,3.0,17.0,996.4745098039217,1.0
2.0,0.0,3.0,5.0,1209.421176470588,2.0
4.0,6.0,8.0,7.0,1595.7990196078426,2.0
1.0,5.0,7.0,6.0,1499.1503267973856,2.0
2.0,17.0,8.0,19.0,1507.3212418300652,2.0
3.0,19.0,5.0,20.0,1372.8117647058825,2.0
8.0,0.0,9.0,1.0,663.4431372549019,4.0
8.0,1.0,9.0,13.0,467.29052287581703,4.0
8.0,13.0,9.0,14.0,519.9960784313726,4.0
9.0,0.0,10.0,1.0,32.64078431372549,4.0
7.0,3.0,8.0,6.0,139.81503267973858,4.0
0.0,0.0,1.0,7.0,266.13165266106444,4.0
1.0,0.0,2.0,5.0,364.8250980392157,4.0
1.0,6.0,2.0,7.0,312.0019607843137,4.0
1.0,8.0,2.0,19.0,193.1511586452763,4.0
2.0,15.0,3.0,16.0,299.8653594771242,4.0
8.0,16.0,9.0,19.0,78.3610748002905,4.0
-0.0,19.0,3.0,20.0,569.802614379085,4.0
9.0,1.0,10.0,3.0,145.47254901960784,5.0
9.0,3.0,10.0,17.0,163.27787114845938,5.0
9.0,17.0,10.0,20.0,339.25228758169936,5.0
-0.0,7.0,1.0,19.0,10.16470588235294,5.0
