l_l_m,l_l_n,u_r_m,u_r_n,avg_sal,sal_state
1.0,12.0,2.0,13.0,471.8823529411765,2.0
3.0,1.0,7.0,7.0,2230.461111111111,1.0
2.0,8.0,3.0,16.0,1969.4519607843133,1.0
3.0,8.0,7.0,16.0,2383.0992647058824,1.0
3.0,16.0,7.0,19.0,2185.4022875816995,1.0
2.0,17.0,3.0,19.0,887.5745098039215,1.0
2.0,0.0,3.0,8.0,1979.034803921569,2.0
7.0,0.0,8.0,4.0,1355.343137254902,2.0
3.0,7.0,7.0,8.0,2163.2382352941177,2.0
7.0,5.0,8.0,6.0,1081.4745098039216,2.0
7.0,6.0,8.0,18.0,1545.823202614379,2.0
7.0,18.0,8.0,20.0,2198.2960784313727,2.0
8.0,17.0,9.0,20.0,801.837908496732,2.0
5.0,19.0,7.0,20.0,1546.1509803921567,2.0
3.0,0.0,7.0,1.0,1756.741176470588,2.0
0.0,0.0,1.0,7.0,172.99775910364147,4.0
1.0,0.0,2.0,12.0,439.57810457516337,4.0
1.0,13.0,2.0,20.0,162.97871148459384,4.0
2.0,16.0,3.0,17.0,235.1986928104576,4.0
2.0,19.0,5.0,20.0,516.5560784313726,4.0
8.0,6.0,9.0,17.0,28.49629629629629,4.0
9.0,14.0,10.0,20.0,13.607516339869282,4.0
8.0,0.0,9.0,3.0,32.52403776325345,4.0
9.0,0.0,10.0,1.0,5.109019607843138,4.0
9.0,1.0,10.0,14.0,1.016470588235294,5.0
7.0,4.0,8.0,5.0,1.2705882352941176,5.0
8.0,3.0,9.0,6.0,1.1294117647058823,5.0
-0.0,7.0,1.0,20.0,10.16470588235294,5.0
