l_l_m,l_l_n,u_r_m,u_r_n,avg_sal,sal_state
3.0,2.0,7.0,5.0,2256.2101307189546,1.0
3.0,8.0,8.0,14.0,2223.076993464053,1.0
2.0,15.0,7.0,20.0,2259.11137254902,1.0
1.0,0.0,2.0,3.0,758.0810457516341,2.0
8.0,13.0,9.0,18.0,873.361568627451,2.0
1.0,4.0,2.0,9.0,1148.7003921568626,2.0
3.0,5.0,6.0,8.0,1764.2470588235294,2.0
2.0,0.0,3.0,1.0,1984.6117647058825,2.0
2.0,1.0,3.0,13.0,1719.4490196078434,2.0
2.0,13.0,3.0,14.0,1414.850980392157,2.0
3.0,0.0,7.0,2.0,1885.540196078432,2.0
7.0,0.0,8.0,8.0,117.82892156862744,4.0
8.0,1.0,9.0,13.0,459.9666666666667,4.0
8.0,0.0,9.0,1.0,372.6,4.0
6.0,5.0,7.0,8.0,119.32306255835668,4.0
1.0,9.0,2.0,20.0,291.32976827094484,4.0
2.0,14.0,8.0,20.0,381.9187363834423,4.0
8.0,19.0,9.0,20.0,37.227450980392156,4.0
-0.0,3.0,1.0,9.0,295.4679738562092,4.0
1.0,3.0,2.0,4.0,383.3784313725489,4.0
9.0,0.0,10.0,3.0,6.9751633986928105,5.0
9.0,3.0,10.0,17.0,111.1064425770308,5.0
9.0,17.0,10.0,20.0,54.798692810457524,5.0
8.0,18.0,9.0,19.0,1.1294117647058823,5.0
-0.0,9.0,1.0,20.0,10.16470588235294,5.0
0.0,0.0,1.0,3.0,10.16470588235294,5.0
