l_l_m,l_l_n,u_r_m,u_r_n,avg_sal,sal_state
8.0,12.0,9.0,15.0,1006.8522875816992,2.0
4.0,6.0,5.0,10.0,1934.2774509803921,1.0
5.0,6.0,7.0,10.0,2350.5455882352944,1.0
7.0,6.0,8.0,10.0,2033.169607843137,1.0
4.0,4.0,5.0,6.0,1709.694117647059,1.0
5.0,4.0,7.0,6.0,2045.0656862745102,1.0
7.0,4.0,8.0,6.0,1978.5843137254901,1.0
4.0,10.0,5.0,14.0,2056.2460784313726,1.0
5.0,10.0,7.0,14.0,2083.0289215686275,1.0
7.0,10.0,8.0,14.0,1899.1009803921568,1.0
4.0,14.0,5.0,18.0,2158.2970588235294,1.0
5.0,14.0,7.0,18.0,2221.526960784314,1.0
7.0,14.0,8.0,18.0,2004.0549019607847,1.0
4.0,18.0,5.0,20.0,2219.243137254902,1.0
5.0,18.0,7.0,20.0,2358.557843137255,1.0
7.0,18.0,8.0,20.0,1997.145098039216,1.0
3.0,12.0,4.0,16.0,2008.902941176471,1.0
3.0,16.0,4.0,20.0,1998.7754901960784,1.0
7.0,1.0,8.0,4.0,1594.6444444444442,2.0
8.0,7.0,9.0,11.0,748.5549019607843,2.0
8.0,3.0,9.0,7.0,834.9960784313727,2.0
8.0,1.0,9.0,3.0,1139.419607843137,2.0
2.0,6.0,3.0,10.0,1136.627450980392,2.0
2.0,4.0,3.0,6.0,872.835294117647,2.0
2.0,10.0,3.0,14.0,1414.6637254901962,2.0
2.0,14.0,3.0,18.0,1302.6313725490195,2.0
2.0,18.0,3.0,20.0,1443.905882352941,2.0
3.0,8.0,4.0,12.0,1673.7401960784314,2.0
3.0,4.0,4.0,8.0,1650.4,2.0
3.0,3.0,4.0,4.0,1311.3882352941175,2.0
4.0,2.0,6.0,4.0,1155.736274509804,2.0
6.0,2.0,7.0,4.0,1301.9588235294118,2.0
2.0,0.0,4.0,3.0,843.9908496732028,4.0
4.0,0.0,6.0,2.0,994.7558823529413,4.0
6.0,0.0,7.0,2.0,999.3,4.0
1.0,4.0,2.0,8.0,220.09803921568627,4.0
1.0,3.0,2.0,4.0,51.69411764705882,4.0
1.0,8.0,2.0,12.0,387.336274509804,4.0
1.0,12.0,2.0,16.0,507.48235294117654,4.0
1.0,16.0,2.0,17.0,419.4,4.0
2.0,3.0,3.0,4.0,269.6732026143791,4.0
7.0,0.0,9.0,1.0,1231.7823529411764,4.0
9.0,1.0,10.0,5.0,407.2019607843137,4.0
9.0,0.0,10.0,1.0,594.8156862745097,4.0
9.0,9.0,10.0,13.0,362.02549019607835,4.0
9.0,13.0,10.0,17.0,411.75196078431367,4.0
9.0,17.0,10.0,20.0,392.42091503267966,4.0
8.0,15.0,9.0,19.0,955.9117647058824,4.0
8.0,19.0,9.0,20.0,912.4549019607844,4.0
8.0,11.0,9.0,12.0,87.79346405228758,4.0
0.0,4.0,1.0,8.0,30.291176470588237,5.0
0.0,0.0,1.0,4.0,0.0,5.0
0.0,8.0,1.0,12.0,109.71764705882352,5.0
0.0,12.0,1.0,16.0,171.83333333333331,5.0
0.0,16.0,1.0,20.0,10.595098039215687,5.0
1.0,0.0,2.0,3.0,5.08235294117647,5.0
1.0,17.0,2.0,20.0,5.08235294117647,5.0
9.0,5.0,10.0,9.0,243.65098039215684,5.0
