l_l_m,l_l_n,u_r_m,u_r_n,avg_sal,sal_state
8.0,12.0,9.0,14.0,804.9098039215687,2.0
4.0,17.0,5.0,19.0,1641.4803921568628,1.0
5.0,17.0,7.0,19.0,1697.2696078431372,1.0
7.0,17.0,8.0,19.0,1707.4862745098042,1.0
4.0,6.0,6.0,8.0,1991.795098039216,1.0
2.0,6.0,4.0,8.0,1677.8666666666666,1.0
4.0,4.0,6.0,6.0,1754.7500000000002,1.0
2.0,4.0,4.0,6.0,1438.1245098039215,1.0
4.0,2.0,6.0,4.0,1999.811764705883,1.0
2.0,2.0,4.0,4.0,1570.726470588235,1.0
4.0,8.0,6.0,10.0,2176.4539215686277,1.0
2.0,8.0,4.0,10.0,1872.507843137255,1.0
4.0,10.0,6.0,12.0,2347.901960784314,1.0
2.0,10.0,4.0,12.0,1941.773529411765,1.0
4.0,12.0,6.0,14.0,2349.6598039215687,1.0
2.0,12.0,4.0,14.0,2213.714705882353,1.0
4.0,14.0,6.0,16.0,1773.9862745098044,1.0
2.0,14.0,4.0,16.0,2145.316666666667,1.0
6.0,2.0,8.0,6.0,2076.723529411765,1.0
6.0,6.0,8.0,10.0,2061.5024509803925,1.0
6.0,10.0,8.0,14.0,1968.669607843137,1.0
6.0,14.0,8.0,15.0,1543.4901960784314,1.0
2.0,0.0,4.0,2.0,1334.1215686274506,2.0
4.0,0.0,6.0,2.0,1679.7725490196078,2.0
6.0,0.0,8.0,2.0,1786.6235294117646,2.0
8.0,2.0,9.0,6.0,824.1245098039217,2.0
8.0,0.0,9.0,2.0,922.2588235294118,2.0
1.0,12.0,2.0,16.0,775.2284313725489,2.0
1.0,16.0,2.0,17.0,815.2078431372549,2.0
2.0,16.0,4.0,17.0,1451.0470588235294,2.0
4.0,16.0,6.0,17.0,1199.7039215686275,2.0
6.0,16.0,8.0,17.0,1219.919607843137,2.0
8.0,16.0,9.0,20.0,1160.2656862745098,2.0
2.0,17.0,4.0,20.0,1384.7019607843138,2.0
4.0,19.0,5.0,20.0,1621.0705882352938,2.0
5.0,19.0,7.0,20.0,1765.5647058823527,2.0
7.0,19.0,8.0,20.0,1863.8,2.0
9.0,4.0,10.0,8.0,190.23627450980393,4.0
9.0,0.0,10.0,4.0,250.43137254901958,4.0
9.0,8.0,10.0,12.0,163.32254901960786,4.0
9.0,12.0,10.0,16.0,289.421568627451,4.0
9.0,16.0,10.0,20.0,411.1656862745097,4.0
6.0,15.0,8.0,16.0,597.9470588235295,4.0
8.0,12.0,9.0,16.0,387.15294117647056,4.0
8.0,6.0,9.0,7.0,559.2196078431373,4.0
8.0,7.0,9.0,11.0,495.6607843137255,4.0
8.0,11.0,9.0,12.0,501.1254901960783,4.0
1.0,8.0,2.0,12.0,418.1323529411765,4.0
1.0,4.0,2.0,8.0,197.16764705882352,4.0
1.0,1.0,2.0,4.0,109.21307189542485,4.0
0.0,6.0,1.0,10.0,1.2098039215686276,5.0
0.0,2.0,1.0,6.0,0.0,5.0
0.0,0.0,1.0,2.0,0.0,5.0
1.0,0.0,2.0,1.0,5.08235294117647,5.0
0.0,10.0,1.0,14.0,49.52156862745098,5.0
0.0,14.0,1.0,18.0,32.59313725490196,5.0
0.0,18.0,1.0,20.0,0.0,5.0
1.0,17.0,2.0,20.0,5.08235294117647,5.0
