l_l_m,l_l_n,u_r_m,u_r_n,avg_sal,sal_state
8.0,0.0,9.0,1.0,1093.3411764705884,2.0
2.0,0.0,4.0,2.0,2191.9745098039216,1.0
4.0,0.0,6.0,2.0,2191.450980392157,1.0
6.0,0.0,8.0,2.0,1771.7460784313723,1.0
2.0,10.0,4.0,12.0,1841.6509803921567,1.0
4.0,10.0,6.0,12.0,2194.3715686274513,1.0
6.0,10.0,8.0,12.0,2025.0,1.0
2.0,8.0,4.0,10.0,2236.106862745098,1.0
4.0,8.0,6.0,10.0,2293.9833333333336,1.0
6.0,8.0,8.0,10.0,1940.7441176470588,1.0
2.0,6.0,4.0,8.0,2176.728431372549,1.0
4.0,6.0,6.0,8.0,2296.9284313725493,1.0
6.0,6.0,8.0,8.0,1839.7647058823527,1.0
2.0,4.0,4.0,6.0,2362.487254901961,1.0
4.0,4.0,6.0,6.0,2244.0715686274507,1.0
6.0,4.0,8.0,6.0,1457.0254901960784,1.0
2.0,3.0,4.0,4.0,2144.639215686275,1.0
4.0,3.0,6.0,4.0,1605.8450980392156,1.0
6.0,3.0,8.0,4.0,1144.856862745098,1.0
5.0,13.0,7.0,14.0,2199.1705882352944,1.0
3.0,17.0,4.0,19.0,1850.145098039216,1.0
4.0,17.0,6.0,19.0,2280.5823529411764,1.0
6.0,17.0,8.0,19.0,2034.5558823529414,1.0
3.0,19.0,4.0,20.0,1892.741176470588,1.0
4.0,19.0,6.0,20.0,1912.613725490196,1.0
6.0,19.0,8.0,20.0,1820.913725490196,1.0
1.0,7.0,2.0,11.0,454.0931372549019,2.0
1.0,3.0,2.0,7.0,603.6598039215686,2.0
1.0,0.0,2.0,3.0,368.07450980392167,2.0
2.0,2.0,4.0,3.0,2002.1098039215685,2.0
4.0,2.0,6.0,3.0,1837.6254901960785,2.0
6.0,2.0,8.0,3.0,1554.61568627451,2.0
8.0,11.0,9.0,15.0,881.1617647058823,2.0
8.0,15.0,9.0,18.0,1140.3372549019607,2.0
2.0,16.0,3.0,20.0,1372.8313725490195,2.0
2.0,12.0,3.0,15.0,975.1568627450982,2.0
7.0,12.0,8.0,16.0,1962.7068627450979,2.0
7.0,16.0,8.0,17.0,1909.0705882352938,2.0
3.0,12.0,5.0,14.0,1479.9558823529412,2.0
3.0,14.0,5.0,16.0,1670.4382352941175,2.0
3.0,16.0,5.0,17.0,1850.2137254901959,2.0
5.0,12.0,7.0,13.0,1930.0058823529407,2.0
5.0,14.0,7.0,17.0,1930.1627450980395,2.0
9.0,4.0,10.0,8.0,193.6950980392157,4.0
9.0,0.0,10.0,4.0,267.2470588235294,4.0
9.0,8.0,10.0,12.0,157.50392156862745,4.0
9.0,12.0,10.0,16.0,325.4500000000001,4.0
9.0,16.0,10.0,20.0,372.39313725490194,4.0
8.0,18.0,9.0,20.0,83.26840958605662,4.0
8.0,7.0,9.0,11.0,461.67254901960786,4.0
8.0,3.0,9.0,7.0,464.77843137254905,4.0
8.0,1.0,9.0,3.0,558.1490196078431,4.0
1.0,11.0,2.0,15.0,308.1549019607844,4.0
1.0,15.0,2.0,19.0,225.99215686274516,4.0
1.0,19.0,2.0,20.0,319.5019607843137,4.0
2.0,15.0,3.0,16.0,269.52810457516347,4.0
0.0,6.0,1.0,10.0,5.120588235294117,5.0
0.0,2.0,1.0,6.0,7.219607843137255,5.0
0.0,0.0,1.0,2.0,0.0,5.0
0.0,10.0,1.0,14.0,0.1352941176470588,5.0
0.0,14.0,1.0,18.0,0.0,5.0
0.0,18.0,1.0,20.0,0.0,5.0
