l_l_m,l_l_n,u_r_m,u_r_n,avg_sal,sal_state
2.0,8.0,3.0,10.0,1597.6999999999994,2.0
2.0,0.0,3.0,4.0,1866.150980392157,1.0
3.0,0.0,7.0,4.0,2387.9774509803924,1.0
7.0,0.0,8.0,4.0,1750.9656862745098,1.0
3.0,4.0,7.0,7.0,2371.9843137254898,1.0
3.0,8.0,7.0,10.0,2300.9911764705885,1.0
7.0,10.0,8.0,12.0,1717.356862745098,1.0
2.0,10.0,6.0,14.0,2317.015931372549,1.0
6.0,10.0,7.0,14.0,2361.366666666667,1.0
2.0,14.0,6.0,18.0,2358.6169117647064,1.0
6.0,14.0,7.0,18.0,2382.3529411764707,1.0
7.0,4.0,8.0,10.0,1904.7124183006533,2.0
3.0,7.0,7.0,8.0,2103.8715686274513,2.0
2.0,19.0,4.0,20.0,2297.513725490196,1.0
4.0,18.0,5.0,20.0,2227.049019607843,2.0
5.0,18.0,7.0,20.0,2210.105882352941,2.0
7.0,18.0,8.0,20.0,1570.6490196078432,2.0
7.0,12.0,8.0,18.0,1606.0424836601305,2.0
2.0,18.0,4.0,19.0,1971.6607843137253,2.0
1.0,1.0,2.0,7.0,100.75294117647059,4.0
1.0,0.0,2.0,1.0,95.321568627451,4.0
1.0,7.0,2.0,13.0,106.59281045751635,4.0
1.0,13.0,2.0,19.0,214.03594771241828,4.0
1.0,19.0,2.0,20.0,83.57254901960783,4.0
2.0,4.0,3.0,8.0,222.26503267973854,4.0
8.0,1.0,9.0,7.0,321.559477124183,4.0
8.0,0.0,9.0,1.0,57.713725490196076,4.0
8.0,7.0,9.0,13.0,246.16143790849674,4.0
8.0,13.0,9.0,19.0,54.17647058823529,4.0
8.0,19.0,9.0,20.0,32.831372549019605,4.0
9.0,5.0,10.0,9.0,7.715882352941175,4.0
0.0,0.0,1.0,6.0,0.0,5.0
0.0,6.0,1.0,14.0,0.0,5.0
0.0,14.0,1.0,20.0,0.0,5.0
9.0,9.0,10.0,17.0,3.8916666666666666,5.0
9.0,17.0,10.0,20.0,0.0,5.0
9.0,0.0,10.0,5.0,1.016470588235294,5.0
