l_l_m,l_l_n,u_r_m,u_r_n,avg_sal,sal_state
2.0,8.0,3.0,9.0,1834.23137254902,2.0
3.0,8.0,7.0,9.0,2200.4941176470597,2.0
7.0,8.0,8.0,9.0,1654.6078431372546,2.0
2.0,14.0,3.0,20.0,2022.0248366013075,2.0
2.0,9.0,3.0,14.0,2227.6015686274513,1.0
3.0,9.0,7.0,13.0,2443.9629901960793,1.0
7.0,9.0,8.0,13.0,1417.1235294117646,1.0
3.0,13.0,7.0,17.0,2442.0534313725493,1.0
7.0,13.0,8.0,17.0,1522.9656862745098,1.0
3.0,17.0,7.0,20.0,2298.441503267974,1.0
7.0,17.0,8.0,20.0,1574.0379084967324,1.0
2.0,0.0,3.0,2.0,1890.356862745098,2.0
2.0,3.0,3.0,5.0,1675.3372549019614,2.0
3.0,2.0,7.0,6.0,2444.617892156863,1.0
7.0,2.0,8.0,6.0,1811.6009803921568,1.0
3.0,0.0,7.0,2.0,2343.203431372549,1.0
7.0,0.0,8.0,2.0,1561.2764705882353,1.0
2.0,6.0,6.0,8.0,2097.1299019607845,2.0
6.0,6.0,8.0,8.0,2090.5970588235296,2.0
1.0,1.0,2.0,7.0,98.57843137254902,4.0
1.0,0.0,2.0,1.0,126.28235294117648,4.0
1.0,7.0,2.0,13.0,127.34575163398694,4.0
1.0,13.0,2.0,19.0,104.49019607843138,4.0
1.0,19.0,2.0,20.0,119.48235294117649,4.0
2.0,2.0,3.0,3.0,232.58039215686267,4.0
2.0,5.0,3.0,6.0,213.92026143790847,4.0
8.0,4.0,9.0,10.0,221.16274509803918,4.0
8.0,0.0,9.0,4.0,220.54607843137256,4.0
9.0,0.0,10.0,6.0,4.399346405228759,5.0
9.0,6.0,10.0,14.0,1.0068627450980392,5.0
9.0,14.0,10.0,20.0,0.0,5.0
8.0,10.0,9.0,16.0,10.52156862745098,5.0
8.0,16.0,9.0,20.0,42.299019607843135,5.0
0.0,0.0,1.0,6.0,0.0,5.0
0.0,6.0,1.0,14.0,0.0,5.0
0.0,14.0,1.0,20.0,0.0,5.0
