l_l_m,l_l_n,u_r_m,u_r_n,avg_sal,sal_state
2.0,3.0,6.0,7.0,2214.8421568627455,1.0
6.0,3.0,7.0,7.0,2355.878431372549,1.0
2.0,0.0,6.0,3.0,2229.555555555556,1.0
6.0,0.0,7.0,3.0,2081.7503267973857,1.0
2.0,8.0,3.0,10.0,1500.7333333333331,1.0
3.0,8.0,7.0,10.0,2234.0671568627454,1.0
7.0,8.0,8.0,10.0,1963.7882352941174,1.0
2.0,10.0,3.0,14.0,1814.98137254902,1.0
3.0,10.0,7.0,14.0,2393.7330882352944,1.0
7.0,10.0,8.0,14.0,1756.8205882352945,1.0
2.0,14.0,3.0,16.0,1417.464705882353,1.0
3.0,14.0,7.0,16.0,1752.8705882352945,1.0
7.0,14.0,8.0,16.0,1638.8823529411764,1.0
7.0,1.0,8.0,7.0,1810.4764705882355,2.0
7.0,0.0,8.0,1.0,1377.3647058823526,2.0
3.0,7.0,5.0,8.0,1613.7843137254902,2.0
5.0,7.0,7.0,8.0,2114.2647058823527,2.0
7.0,7.0,9.0,8.0,1509.8372549019612,2.0
1.0,16.0,2.0,17.0,34.94901960784313,4.0
3.0,18.0,4.0,20.0,150.35441176470587,4.0
4.0,19.0,5.0,20.0,772.2666666666668,4.0
5.0,19.0,7.0,20.0,764.5215686274511,4.0
7.0,19.0,9.0,20.0,413.6607843137255,4.0
1.0,17.0,3.0,20.0,878.7437908496731,4.0
0.0,17.0,1.0,20.0,349.2928104575164,4.0
0.0,0.0,1.0,1.0,299.82352941176475,4.0
1.0,0.0,2.0,5.0,469.71215686274513,4.0
1.0,5.0,2.0,11.0,330.9418300653595,4.0
1.0,11.0,2.0,16.0,150.2062745098039,4.0
2.0,7.0,3.0,8.0,297.3856209150327,4.0
8.0,8.0,9.0,9.0,747.3764705882353,4.0
8.0,9.0,9.0,15.0,545.9705882352941,4.0
8.0,15.0,9.0,16.0,568.0745098039215,4.0
9.0,13.0,10.0,15.0,14.121960784313725,4.0
8.0,1.0,9.0,7.0,558.9797385620915,4.0
8.0,0.0,9.0,1.0,271.18823529411765,4.0
9.0,15.0,10.0,20.0,1.016470588235294,5.0
2.0,16.0,3.0,17.0,3.388235294117647,5.0
4.0,16.0,5.0,19.0,0.0,5.0
5.0,16.0,7.0,19.0,0.6137254901960784,5.0
7.0,16.0,9.0,19.0,6.724183006535947,5.0
3.0,16.0,4.0,18.0,2.541176470588235,5.0
0.0,1.0,1.0,5.0,147.03823529411758,5.0
0.0,5.0,1.0,13.0,43.113725490196074,5.0
0.0,13.0,1.0,17.0,0.0,5.0
9.0,5.0,10.0,13.0,150.98970588235295,5.0
9.0,0.0,10.0,5.0,7.122352941176472,5.0
