l_l_m,l_l_n,u_r_m,u_r_n,avg_sal,sal_state
2.0,0.0,3.0,1.0,2008.9529411764706,1.0
3.0,0.0,7.0,1.0,2310.6490196078435,1.0
7.0,0.0,8.0,1.0,1660.3411764705884,1.0
3.0,4.0,7.0,8.0,2417.5017156862746,1.0
3.0,3.0,7.0,4.0,2476.407843137255,1.0
2.0,10.0,3.0,14.0,1741.8009803921566,1.0
3.0,10.0,7.0,14.0,2525.802696078432,1.0
7.0,10.0,8.0,14.0,1926.1480392156866,1.0
2.0,14.0,3.0,15.0,1778.0745098039215,1.0
3.0,14.0,7.0,15.0,2496.4852941176473,1.0
7.0,14.0,8.0,15.0,1904.7254901960785,1.0
3.0,15.0,5.0,18.0,1717.2516339869285,2.0
2.0,15.0,3.0,18.0,1806.567320261438,2.0
5.0,15.0,7.0,17.0,2134.346078431373,2.0
7.0,15.0,8.0,17.0,1412.7705882352939,2.0
1.0,16.0,2.0,18.0,359.0196078431373,2.0
7.0,4.0,8.0,10.0,2039.22091503268,2.0
7.0,1.0,8.0,4.0,1902.3398692810456,2.0
2.0,4.0,3.0,10.0,1444.540522875817,2.0
2.0,3.0,3.0,4.0,1550.1411764705883,2.0
3.0,8.0,7.0,10.0,2142.0509803921573,2.0
2.0,1.0,6.0,3.0,863.2274509803923,4.0
6.0,1.0,7.0,3.0,1260.4450980392155,4.0
8.0,0.0,9.0,5.0,399.98666666666674,4.0
8.0,5.0,9.0,11.0,315.7274509803922,4.0
8.0,11.0,9.0,17.0,104.47581699346405,4.0
9.0,1.0,10.0,4.0,4.788496732026144,4.0
1.0,7.0,2.0,8.0,34.623529411764714,4.0
1.0,8.0,2.0,14.0,101.17450980392158,4.0
1.0,14.0,2.0,16.0,149.44313725490196,4.0
0.0,0.0,1.0,6.0,0.0,5.0
0.0,6.0,1.0,14.0,0.0,5.0
0.0,14.0,1.0,20.0,0.0,5.0
1.0,1.0,2.0,7.0,18.87843137254902,5.0
1.0,0.0,2.0,1.0,19.72941176470588,5.0
3.0,18.0,5.0,20.0,0.0,5.0
1.0,18.0,3.0,20.0,2.3225490196078433,5.0
5.0,17.0,7.0,20.0,28.68496732026144,5.0
7.0,17.0,9.0,20.0,0.6,5.0
9.0,4.0,10.0,8.0,66.3686274509804,5.0
9.0,8.0,10.0,16.0,1.7681372549019607,5.0
9.0,16.0,10.0,20.0,0.0,5.0
9.0,0.0,10.0,1.0,1.016470588235294,5.0
