l_l_m,l_l_n,u_r_m,u_r_n,avg_sal,sal_state
2.0,19.0,3.0,20.0,1377.470588235294,2.0
3.0,19.0,7.0,20.0,2336.072549019608,2.0
7.0,19.0,8.0,20.0,2169.3372549019605,2.0
4.0,0.0,6.0,1.0,2433.9411764705883,1.0
4.0,3.0,7.0,7.0,2451.6173202614373,1.0
4.0,10.0,6.0,14.0,2507.3294117647056,1.0
2.0,16.0,3.0,19.0,1409.7176470588236,1.0
3.0,16.0,7.0,19.0,2547.872875816993,1.0
7.0,16.0,8.0,19.0,2277.543790849673,1.0
2.0,0.0,4.0,5.0,1927.2015686274508,2.0
2.0,5.0,4.0,11.0,1833.0094771241834,2.0
2.0,11.0,4.0,16.0,1919.0611764705882,2.0
7.0,0.0,8.0,5.0,1809.8800000000006,2.0
7.0,5.0,8.0,11.0,1798.1483660130718,2.0
7.0,11.0,8.0,16.0,2046.2690196078433,2.0
4.0,14.0,6.0,16.0,2211.2911764705887,2.0
4.0,7.0,6.0,10.0,412.939651416122,4.0
6.0,7.0,7.0,8.0,2043.7725490196078,4.0
6.0,8.0,7.0,14.0,1693.7973856209153,4.0
6.0,14.0,7.0,16.0,1676.4411764705883,4.0
6.0,0.0,7.0,3.0,234.9802054154996,4.0
4.0,1.0,6.0,3.0,453.7990196078431,4.0
8.0,0.0,10.0,6.0,341.71372549019605,5.0
8.0,6.0,10.0,14.0,378.25784313725495,5.0
8.0,14.0,10.0,20.0,271.45588235294116,5.0
0.0,1.0,2.0,7.0,104.63823529411764,5.0
0.0,0.0,2.0,1.0,73.16274509803921,5.0
0.0,7.0,2.0,13.0,32.63627450980392,5.0
0.0,13.0,2.0,19.0,11.758823529411767,5.0
0.0,19.0,2.0,20.0,26.33137254901961,5.0
