l_l_m,l_l_n,u_r_m,u_r_n,avg_sal,sal_state
2.0,5.0,4.0,7.0,2124.051960784314,1.0
4.0,5.0,6.0,7.0,2356.148039215687,1.0
6.0,5.0,8.0,7.0,1973.9049019607846,1.0
2.0,3.0,4.0,5.0,2141.0617647058825,1.0
4.0,3.0,6.0,5.0,2512.1303921568633,1.0
6.0,3.0,8.0,5.0,2170.136274509804,1.0
2.0,1.0,4.0,3.0,2081.301960784314,1.0
4.0,1.0,6.0,3.0,2459.7166666666667,1.0
6.0,1.0,8.0,3.0,2195.0715686274507,1.0
2.0,0.0,4.0,1.0,2003.2176470588238,1.0
4.0,0.0,6.0,1.0,2336.723529411765,1.0
6.0,0.0,8.0,1.0,2188.433333333333,1.0
4.0,9.0,6.0,10.0,2562.9882352941177,1.0
3.0,9.0,4.0,10.0,2535.705882352941,1.0
4.0,10.0,6.0,12.0,2544.285294117647,1.0
3.0,10.0,4.0,12.0,2482.007843137255,1.0
4.0,12.0,6.0,13.0,2388.786274509804,1.0
3.0,12.0,4.0,13.0,2425.2705882352943,1.0
2.0,14.0,4.0,16.0,1947.5019607843133,1.0
4.0,14.0,6.0,16.0,2484.750980392157,1.0
6.0,14.0,8.0,16.0,2439.6137254901964,1.0
2.0,16.0,4.0,18.0,1366.3980392156861,1.0
4.0,16.0,6.0,18.0,1815.5254901960784,1.0
6.0,16.0,8.0,18.0,1901.5303921568632,1.0
2.0,7.0,3.0,8.0,1881.3372549019612,2.0
2.0,8.0,3.0,12.0,1716.6960784313724,2.0
2.0,12.0,3.0,14.0,1560.5274509803921,2.0
6.0,7.0,8.0,8.0,1941.1666666666665,2.0
6.0,8.0,8.0,12.0,2096.0485294117652,2.0
6.0,12.0,8.0,14.0,2135.226470588236,2.0
4.0,7.0,6.0,9.0,2381.83137254902,2.0
3.0,7.0,4.0,9.0,2343.768627450981,2.0
4.0,13.0,6.0,14.0,2088.027450980392,2.0
3.0,13.0,4.0,14.0,2089.4509803921565,2.0
2.0,18.0,4.0,20.0,673.2705882352941,4.0
1.0,18.0,2.0,20.0,21.719607843137254,4.0
4.0,18.0,6.0,20.0,874.2362745098039,4.0
6.0,18.0,8.0,20.0,843.8313725490194,4.0
8.0,18.0,9.0,20.0,47.51372549019607,4.0
1.0,1.0,2.0,5.0,145.08333333333334,4.0
1.0,0.0,2.0,1.0,76.51764705882353,4.0
1.0,5.0,2.0,9.0,195.89215686274508,4.0
1.0,9.0,2.0,13.0,235.79803921568626,4.0
1.0,13.0,2.0,14.0,158.67450980392155,4.0
8.0,3.0,9.0,7.0,171.7,4.0
8.0,0.0,9.0,3.0,99.53856209150328,4.0
8.0,7.0,9.0,11.0,177.33823529411762,4.0
8.0,11.0,9.0,15.0,161.27352941176468,4.0
8.0,15.0,9.0,18.0,66.58562091503269,4.0
0.0,4.0,1.0,8.0,0.0,5.0
0.0,0.0,1.0,4.0,0.0,5.0
0.0,8.0,1.0,12.0,0.0,5.0
0.0,12.0,1.0,16.0,0.0,5.0
0.0,16.0,1.0,20.0,0.0,5.0
1.0,14.0,2.0,18.0,1.172549019607843,5.0
9.0,4.0,10.0,8.0,0.0,5.0
9.0,0.0,10.0,4.0,0.0,5.0
9.0,8.0,10.0,12.0,0.0,5.0
9.0,12.0,10.0,16.0,0.0,5.0
9.0,16.0,10.0,20.0,0.0,5.0
