l_l_m,l_l_n,u_r_m,u_r_n,avg_sal,sal_state
2.0,4.0,4.0,6.0,2150.8490196078437,1.0
4.0,4.0,6.0,6.0,2407.6264705882354,1.0
6.0,4.0,8.0,6.0,2012.4715686274512,1.0
2.0,2.0,4.0,4.0,2106.8686274509805,1.0
4.0,2.0,6.0,4.0,2431.1539215686275,1.0
6.0,2.0,8.0,4.0,1902.6343137254905,1.0
2.0,0.0,4.0,2.0,2078.7392156862743,1.0
4.0,0.0,6.0,2.0,2491.3254901960786,1.0
6.0,0.0,8.0,2.0,1977.9862745098044,1.0
2.0,6.0,4.0,8.0,2143.859803921569,1.0
4.0,6.0,6.0,8.0,2286.2127450980397,1.0
6.0,6.0,8.0,8.0,1996.916666666667,1.0
2.0,8.0,4.0,10.0,2107.2696078431377,1.0
4.0,8.0,6.0,10.0,2377.796078431373,1.0
6.0,8.0,8.0,10.0,1818.9019607843134,1.0
2.0,10.0,4.0,12.0,2179.350000000001,1.0
4.0,10.0,6.0,12.0,2433.101960784314,1.0
6.0,10.0,8.0,12.0,1728.0186274509806,1.0
2.0,12.0,4.0,14.0,2198.474509803922,1.0
4.0,12.0,6.0,14.0,2394.33137254902,1.0
6.0,12.0,8.0,14.0,1664.6970588235295,1.0
3.0,15.0,4.0,16.0,2430.63137254902,1.0
4.0,15.0,6.0,16.0,2446.335294117647,1.0
6.0,15.0,7.0,16.0,2335.0156862745102,1.0
2.0,17.0,4.0,19.0,2116.8049019607847,1.0
4.0,17.0,6.0,19.0,2261.2833333333333,1.0
6.0,17.0,8.0,19.0,1938.3990196078432,1.0
2.0,19.0,4.0,20.0,2161.805882352941,1.0
4.0,19.0,6.0,20.0,2328.5549019607847,1.0
6.0,19.0,8.0,20.0,2068.8745098039217,1.0
2.0,14.0,3.0,17.0,2037.0549019607847,2.0
7.0,14.0,8.0,17.0,1220.0104575163398,2.0
3.0,14.0,4.0,15.0,2085.0901960784313,2.0
4.0,14.0,6.0,15.0,1996.7,2.0
6.0,14.0,7.0,15.0,1840.6549019607846,2.0
3.0,16.0,4.0,17.0,2216.1764705882347,2.0
4.0,16.0,6.0,17.0,2299.1078431372557,2.0
6.0,16.0,7.0,17.0,2207.6431372549027,2.0
1.0,4.0,2.0,8.0,234.13431372549027,4.0
1.0,0.0,2.0,4.0,239.17549019607844,4.0
1.0,8.0,2.0,12.0,302.77647058823527,4.0
1.0,12.0,2.0,16.0,359.73235294117654,4.0
1.0,16.0,2.0,20.0,173.35,4.0
8.0,9.0,9.0,13.0,73.64901960784312,4.0
8.0,5.0,9.0,9.0,137.23921568627452,4.0
8.0,1.0,9.0,5.0,219.82745098039211,4.0
8.0,0.0,9.0,1.0,229.72549019607845,4.0
8.0,16.0,9.0,20.0,131.70294117647057,4.0
9.0,4.0,10.0,8.0,0.0,5.0
9.0,0.0,10.0,4.0,0.0,5.0
9.0,8.0,10.0,12.0,0.0,5.0
9.0,12.0,10.0,16.0,0.0,5.0
9.0,16.0,10.0,20.0,0.0,5.0
8.0,13.0,9.0,16.0,1.1294117647058823,5.0
0.0,4.0,1.0,8.0,3.05,5.0
0.0,0.0,1.0,4.0,0.0,5.0
0.0,8.0,1.0,12.0,53.91274509803921,5.0
0.0,12.0,1.0,16.0,23.218627450980392,5.0
0.0,16.0,1.0,20.0,0.0,5.0
