l_l_m,l_l_n,u_r_m,u_r_n,avg_sal,sal_state
4.0,0.0,6.0,1.0,2472.023529411765,1.0
3.0,0.0,4.0,1.0,2472.192156862745,1.0
3.0,2.0,4.0,3.0,2487.541176470589,1.0
5.0,4.0,7.0,5.0,2476.2411764705885,1.0
2.0,6.0,4.0,8.0,1906.194117647059,1.0
4.0,6.0,6.0,8.0,2267.33137254902,1.0
6.0,6.0,8.0,8.0,2096.096078431373,1.0
2.0,8.0,4.0,10.0,2238.677450980392,1.0
4.0,8.0,6.0,10.0,2468.33137254902,1.0
6.0,8.0,8.0,10.0,2002.7480392156867,1.0
2.0,10.0,4.0,12.0,2493.016666666667,1.0
4.0,10.0,6.0,12.0,2590.587254901961,1.0
6.0,10.0,8.0,12.0,1972.361764705883,1.0
2.0,12.0,4.0,13.0,2459.2156862745096,1.0
4.0,12.0,6.0,13.0,2500.701960784314,1.0
6.0,12.0,8.0,13.0,1849.6607843137253,1.0
2.0,2.0,3.0,6.0,1584.3294117647056,2.0
2.0,0.0,3.0,2.0,1983.6215686274509,2.0
7.0,2.0,8.0,6.0,1793.0500000000004,2.0
7.0,0.0,8.0,2.0,1491.264705882353,2.0
3.0,1.0,4.0,2.0,2458.4745098039216,2.0
5.0,2.0,6.0,4.0,2463.249019607844,2.0
5.0,1.0,6.0,2.0,2422.8549019607844,2.0
4.0,4.0,5.0,6.0,2431.956862745098,2.0
4.0,2.0,5.0,4.0,2475.049019607843,2.0
4.0,1.0,5.0,2.0,2436.8117647058825,2.0
3.0,3.0,4.0,6.0,2405.6222222222227,2.0
5.0,5.0,7.0,6.0,2352.601960784313,2.0
4.0,13.0,6.0,15.0,1646.406862745098,2.0
2.0,13.0,4.0,15.0,1979.4333333333332,2.0
6.0,14.0,7.0,15.0,1726.0235294117651,2.0
6.0,16.0,7.0,17.0,1453.2980392156862,2.0
2.0,17.0,4.0,19.0,2363.082352941177,2.0
4.0,17.0,6.0,19.0,2372.2637254901965,2.0
6.0,17.0,8.0,19.0,1490.3882352941175,2.0
2.0,19.0,4.0,20.0,2157.464705882353,2.0
4.0,19.0,6.0,20.0,2285.8803921568624,2.0
6.0,19.0,8.0,20.0,1550.9941176470588,2.0
4.0,15.0,6.0,17.0,1888.8470588235293,2.0
2.0,15.0,4.0,17.0,2292.222549019608,2.0
1.0,15.0,2.0,17.0,768.2058823529413,2.0
6.0,13.0,7.0,14.0,97.48739495798321,4.0
7.0,13.0,8.0,17.0,484.6607843137255,4.0
6.0,15.0,7.0,16.0,107.16414565826328,4.0
8.0,4.0,10.0,8.0,110.69068627450979,5.0
8.0,0.0,10.0,4.0,129.99019607843138,5.0
8.0,8.0,10.0,12.0,11.145588235294118,5.0
8.0,12.0,10.0,16.0,0.11029411764705882,5.0
8.0,16.0,10.0,20.0,36.352450980392156,5.0
0.0,4.0,1.0,8.0,0.0,5.0
0.0,0.0,1.0,4.0,42.061764705882354,5.0
0.0,8.0,1.0,12.0,0.0,5.0
0.0,12.0,1.0,16.0,61.81372549019608,5.0
0.0,16.0,1.0,20.0,135.94411764705882,5.0
1.0,1.0,2.0,5.0,238.23039215686276,5.0
1.0,0.0,2.0,1.0,334.2274509803922,5.0
1.0,5.0,2.0,9.0,71.06274509803922,5.0
1.0,9.0,2.0,13.0,168.17549019607844,5.0
1.0,13.0,2.0,15.0,418.81372549019613,5.0
1.0,17.0,2.0,20.0,5.08235294117647,5.0
6.0,0.0,7.0,4.0,1832.795098039216,5.0
