l_l_m,l_l_n,u_r_m,u_r_n,avg_sal,sal_state
4.0,6.0,6.0,8.0,2500.2264705882353,1.0
3.0,6.0,4.0,8.0,2441.911764705882,1.0
4.0,4.0,6.0,6.0,2543.645098039216,1.0
3.0,4.0,4.0,6.0,2457.8686274509805,1.0
4.0,3.0,6.0,4.0,2470.2627450980394,1.0
3.0,3.0,4.0,4.0,2491.5764705882348,1.0
2.0,9.0,3.0,10.0,1970.466666666667,1.0
3.0,9.0,5.0,10.0,2410.949019607843,1.0
5.0,9.0,7.0,10.0,2392.652941176471,1.0
2.0,10.0,3.0,12.0,1871.056862745098,1.0
3.0,10.0,5.0,12.0,2453.0215686274514,1.0
5.0,10.0,7.0,12.0,2520.2029411764706,1.0
2.0,12.0,3.0,14.0,1863.2058823529408,1.0
3.0,12.0,5.0,14.0,2490.927450980392,1.0
5.0,12.0,7.0,14.0,2439.569607843137,1.0
2.0,15.0,4.0,17.0,1907.869607843137,1.0
4.0,15.0,6.0,17.0,2391.8362745098043,1.0
6.0,15.0,8.0,17.0,2273.0705882352945,1.0
2.0,17.0,4.0,19.0,2108.0480392156865,1.0
4.0,17.0,6.0,19.0,2523.101960784313,1.0
6.0,17.0,8.0,19.0,2265.294117647059,1.0
2.0,19.0,4.0,20.0,2096.949019607843,1.0
4.0,19.0,6.0,20.0,2499.509803921569,1.0
6.0,19.0,8.0,20.0,2243.190196078432,1.0
7.0,9.0,8.0,13.0,1571.5372549019608,2.0
7.0,13.0,8.0,15.0,1674.8235294117649,2.0
2.0,14.0,3.0,15.0,1808.8705882352945,2.0
3.0,14.0,5.0,15.0,2251.613725490196,2.0
5.0,14.0,7.0,15.0,2085.543137254902,2.0
2.0,5.0,3.0,9.0,1898.756862745098,2.0
2.0,1.0,3.0,5.0,1854.3156862745095,2.0
2.0,0.0,3.0,1.0,1753.964705882353,2.0
6.0,4.0,8.0,8.0,1888.2220588235293,2.0
6.0,0.0,8.0,4.0,1972.6401960784315,2.0
4.0,1.0,6.0,3.0,2145.29705882353,2.0
3.0,1.0,4.0,3.0,2203.249019607844,2.0
4.0,0.0,6.0,1.0,2482.754901960784,2.0
3.0,0.0,4.0,1.0,2397.796078431373,2.0
4.0,8.0,6.0,9.0,1973.3470588235293,2.0
3.0,8.0,4.0,9.0,2320.321568627452,2.0
1.0,2.0,2.0,6.0,315.34705882352944,4.0
1.0,0.0,2.0,2.0,226.37647058823532,4.0
1.0,6.0,2.0,10.0,328.4019607843137,4.0
1.0,10.0,2.0,14.0,244.50980392156865,4.0
1.0,14.0,2.0,16.0,93.64509803921568,4.0
8.0,4.0,9.0,8.0,92.31960784313722,4.0
8.0,0.0,9.0,4.0,62.751960784313724,4.0
8.0,8.0,9.0,12.0,108.99803921568628,4.0
8.0,12.0,9.0,16.0,134.00588235294114,4.0
8.0,16.0,9.0,20.0,54.52549019607844,4.0
6.0,8.0,8.0,9.0,710.9941176470587,4.0
0.0,4.0,1.0,8.0,85.95392156862745,5.0
0.0,0.0,1.0,4.0,35.132352941176464,5.0
0.0,8.0,1.0,12.0,16.155882352941177,5.0
0.0,12.0,1.0,16.0,0.0,5.0
0.0,16.0,1.0,20.0,0.0,5.0
1.0,16.0,2.0,20.0,10.287254901960782,5.0
9.0,4.0,10.0,8.0,0.0,5.0
9.0,0.0,10.0,4.0,0.0,5.0
9.0,8.0,10.0,12.0,0.0,5.0
9.0,12.0,10.0,16.0,0.0,5.0
9.0,16.0,10.0,20.0,0.0,5.0
