l_l_m,l_l_n,u_r_m,u_r_n,avg_sal,sal_state
5.0,3.0,7.0,4.0,2138.4196078431373,1.0
3.0,6.0,7.0,10.0,2432.941176470589,1.0
7.0,6.0,8.0,10.0,1673.8784313725491,1.0
3.0,5.0,7.0,6.0,2365.419607843137,1.0
7.0,5.0,8.0,6.0,2074.5843137254897,1.0
3.0,11.0,7.0,13.0,2502.279901960785,1.0
3.0,16.0,6.0,20.0,2461.690522875817,1.0
5.0,2.0,7.0,3.0,1380.7156862745096,2.0
7.0,2.0,8.0,5.0,1929.4444444444448,2.0
3.0,4.0,7.0,5.0,1397.4401960784314,2.0
3.0,3.0,5.0,4.0,1775.1901960784314,2.0
2.0,3.0,3.0,4.0,349.8666666666666,2.0
8.0,2.0,9.0,6.0,699.5274509803921,2.0
2.0,5.0,3.0,9.0,1423.2784313725492,2.0
2.0,9.0,3.0,15.0,2061.3712418300656,2.0
2.0,15.0,3.0,20.0,1667.9333333333332,2.0
3.0,10.0,7.0,11.0,2389.625490196079,2.0
7.0,10.0,8.0,16.0,1026.5333333333333,2.0
7.0,16.0,8.0,20.0,1383.5470588235294,2.0
1.0,11.0,2.0,16.0,611.7490196078431,2.0
3.0,13.0,6.0,16.0,1799.1032679738564,2.0
3.0,0.0,7.0,1.0,2342.788235294118,1.0
2.0,0.0,3.0,1.0,1480.1294117647058,2.0
3.0,1.0,5.0,3.0,1796.5078431372553,2.0
1.0,1.0,3.0,3.0,1081.5470588235294,2.0
6.0,13.0,7.0,19.0,1327.7588235294118,4.0
6.0,19.0,7.0,20.0,1644.478431372549,4.0
7.0,0.0,9.0,2.0,651.9480392156862,4.0
5.0,1.0,7.0,2.0,1101.858823529412,4.0
1.0,16.0,2.0,20.0,212.6632352941177,4.0
8.0,6.0,9.0,12.0,305.8274509803921,4.0
8.0,12.0,9.0,13.0,90.95686274509804,4.0
1.0,5.0,2.0,11.0,209.13202614379085,4.0
1.0,4.0,2.0,5.0,33.73725490196078,4.0
2.0,4.0,3.0,5.0,145.50326797385617,4.0
8.0,14.0,9.0,20.0,133.6738562091503,4.0
0.0,0.0,1.0,3.0,46.183006535947726,4.0
1.0,0.0,2.0,1.0,213.04313725490195,4.0
9.0,0.0,10.0,6.0,0.041176470588235294,5.0
9.0,6.0,10.0,14.0,2.1142156862745103,5.0
9.0,14.0,10.0,20.0,0.0,5.0
8.0,13.0,9.0,14.0,1.1294117647058823,5.0
0.0,3.0,1.0,7.0,0.017647058823529408,5.0
0.0,7.0,1.0,15.0,0.0,5.0
0.0,15.0,1.0,20.0,49.94666666666667,5.0
1.0,3.0,2.0,4.0,5.08235294117647,5.0
