l_l_m,l_l_n,u_r_m,u_r_n,avg_sal,sal_state
2.0,3.0,6.0,7.0,2256.512254901961,1.0
6.0,3.0,7.0,7.0,2029.950980392157,1.0
2.0,0.0,6.0,3.0,2010.5529411764705,1.0
6.0,0.0,7.0,3.0,1779.9411764705883,1.0
3.0,9.0,7.0,13.0,2345.8218137254903,1.0
3.0,13.0,7.0,15.0,2289.270098039216,1.0
5.0,16.0,6.0,17.0,2256.788235294118,1.0
3.0,19.0,7.0,20.0,2515.6401960784315,1.0
7.0,19.0,8.0,20.0,2314.176470588236,1.0
7.0,0.0,8.0,6.0,1729.4359477124185,2.0
7.0,6.0,8.0,12.0,1560.8222222222225,2.0
7.0,12.0,8.0,18.0,1553.6594771241828,2.0
7.0,18.0,8.0,19.0,1893.407843137255,2.0
8.0,18.0,9.0,20.0,947.4843137254902,2.0
2.0,18.0,3.0,20.0,935.5254901960783,2.0
3.0,16.0,5.0,19.0,1674.8908496732024,2.0
2.0,7.0,3.0,8.0,1762.6352941176474,2.0
2.0,8.0,3.0,14.0,1821.9418300653601,2.0
2.0,14.0,3.0,16.0,1654.756862745098,2.0
3.0,7.0,7.0,9.0,2133.7039215686277,2.0
3.0,15.0,6.0,16.0,1494.7098039215682,2.0
6.0,15.0,7.0,19.0,1920.6588235294118,2.0
5.0,17.0,6.0,19.0,1771.9529411764706,2.0
0.0,0.0,1.0,7.0,176.08795518207282,4.0
1.0,0.0,2.0,5.0,568.7435294117647,4.0
1.0,5.0,2.0,11.0,447.1346405228758,4.0
1.0,11.0,2.0,17.0,460.1254901960785,4.0
2.0,16.0,3.0,18.0,209.71503267973858,4.0
8.0,0.0,9.0,6.0,155.14901960784314,4.0
8.0,6.0,9.0,12.0,231.34248366013068,4.0
8.0,12.0,9.0,18.0,506.5777777777778,4.0
9.0,15.0,10.0,20.0,14.513176470588233,4.0
0.0,7.0,1.0,9.0,23.354901960784307,5.0
0.0,9.0,1.0,17.0,7.776470588235295,5.0
0.0,17.0,1.0,20.0,20.22745098039216,5.0
1.0,17.0,2.0,20.0,5.08235294117647,5.0
9.0,0.0,10.0,3.0,0.0,5.0
9.0,3.0,10.0,11.0,13.781372549019608,5.0
9.0,11.0,10.0,15.0,97.61372549019607,5.0
