l_l_m,l_l_n,u_r_m,u_r_n,avg_sal,sal_state
3.0,3.0,7.0,7.0,2268.8899509803923,1.0
3.0,2.0,7.0,3.0,2333.512745098039,1.0
3.0,8.0,7.0,12.0,2431.729656862745,1.0
7.0,8.0,8.0,12.0,1720.7068627450979,1.0
3.0,12.0,7.0,13.0,2443.950980392157,1.0
7.0,12.0,8.0,13.0,1748.8000000000004,1.0
3.0,14.0,7.0,15.0,2086.747058823529,1.0
7.0,14.0,8.0,15.0,1769.549019607843,1.0
3.0,16.0,7.0,20.0,2048.898284313726,1.0
2.0,2.0,3.0,8.0,1494.21045751634,2.0
2.0,8.0,3.0,14.0,1627.5006535947712,2.0
2.0,14.0,3.0,20.0,1828.9718954248365,2.0
3.0,7.0,7.0,8.0,2428.373529411765,2.0
7.0,2.0,8.0,8.0,1958.0516339869282,2.0
8.0,2.0,9.0,4.0,684.7588235294118,2.0
3.0,13.0,5.0,14.0,2393.04705882353,2.0
5.0,13.0,7.0,14.0,2316.905882352941,2.0
7.0,13.0,9.0,14.0,1053.1098039215685,2.0
3.0,15.0,7.0,16.0,1907.4009803921567,2.0
7.0,15.0,8.0,16.0,1002.5333333333333,2.0
1.0,15.0,2.0,19.0,1390.811764705882,2.0
3.0,0.0,7.0,1.0,2201.3117647058825,1.0
2.0,0.0,3.0,1.0,1610.894117647059,2.0
3.0,1.0,5.0,2.0,1478.7117647058826,2.0
1.0,1.0,3.0,2.0,1365.2039215686275,2.0
1.0,2.0,2.0,3.0,1232.278431372549,2.0
7.0,0.0,9.0,2.0,436.02647058823527,4.0
5.0,1.0,7.0,2.0,709.7725490196077,4.0
1.0,4.0,2.0,6.0,103.10196078431372,4.0
1.0,6.0,2.0,12.0,180.45555555555558,4.0
1.0,12.0,2.0,15.0,362.04313725490186,4.0
8.0,4.0,9.0,5.0,277.12941176470594,4.0
8.0,5.0,9.0,11.0,234.3169934640523,4.0
8.0,11.0,9.0,13.0,278.93137254901956,4.0
8.0,17.0,9.0,20.0,14.36238198983297,4.0
7.0,18.0,8.0,20.0,62.28235294117647,4.0
-0.0,16.0,1.0,20.0,104.89313725490194,4.0
1.0,19.0,2.0,20.0,315.0098039215686,4.0
8.0,14.0,9.0,17.0,13.206100217864925,4.0
7.0,16.0,8.0,18.0,40.940931372549024,4.0
0.0,0.0,1.0,2.0,68.93921568627451,4.0
1.0,0.0,2.0,1.0,308.9019607843137,4.0
9.0,0.0,10.0,6.0,0.0,5.0
9.0,6.0,10.0,14.0,3.1294117647058823,5.0
9.0,14.0,10.0,20.0,0.0,5.0
0.0,2.0,1.0,5.0,3.3529411764705883,5.0
0.0,5.0,1.0,13.0,0.02058823529411765,5.0
0.0,13.0,1.0,16.0,12.192156862745097,5.0
1.0,3.0,2.0,4.0,5.08235294117647,5.0
