l_l_m,l_l_n,u_r_m,u_r_n,avg_sal,sal_state
8.0,0.0,9.0,5.0,1027.6243137254903,2.0
1.0,1.0,2.0,5.0,854.4960784313727,2.0
1.0,6.0,2.0,8.0,592.8960784313726,2.0
2.0,1.0,3.0,5.0,1590.0313725490196,1.0
3.0,1.0,7.0,5.0,1962.6791666666666,1.0
7.0,1.0,8.0,5.0,1850.1509803921567,1.0
2.0,0.0,3.0,1.0,857.7137254901961,1.0
3.0,0.0,7.0,1.0,1377.773529411765,1.0
7.0,0.0,8.0,1.0,1587.3960784313724,1.0
2.0,5.0,3.0,9.0,1766.3794117647058,1.0
3.0,5.0,7.0,9.0,2258.594852941177,1.0
7.0,5.0,8.0,9.0,1796.6176470588236,1.0
2.0,9.0,3.0,13.0,1673.3196078431374,1.0
3.0,9.0,7.0,13.0,2250.0772058823527,1.0
7.0,9.0,8.0,13.0,1852.0009803921566,1.0
2.0,13.0,3.0,14.0,1765.2392156862745,1.0
3.0,13.0,7.0,14.0,1963.1382352941175,1.0
7.0,13.0,8.0,14.0,1659.5725490196078,1.0
1.0,13.0,2.0,19.0,1340.8346405228758,2.0
1.0,19.0,2.0,20.0,1223.992156862745,2.0
2.0,14.0,3.0,19.0,1298.2509803921566,2.0
3.0,14.0,4.0,16.0,1011.9784313725487,2.0
8.0,13.0,9.0,17.0,1118.7039215686277,2.0
4.0,14.0,6.0,15.0,1305.407843137255,2.0
6.0,14.0,8.0,16.0,1201.7539215686274,2.0
3.0,18.0,7.0,20.0,1300.1406862745098,2.0
9.0,0.0,10.0,6.0,413.1418300653595,4.0
9.0,6.0,10.0,14.0,172.53725490196075,4.0
9.0,14.0,10.0,20.0,445.9287581699346,4.0
3.0,16.0,7.0,18.0,830.2617647058822,4.0
4.0,15.0,6.0,16.0,297.00522875816995,4.0
7.0,16.0,8.0,20.0,87.26495098039216,4.0
8.0,17.0,9.0,20.0,97.00769789397239,4.0
8.0,5.0,9.0,6.0,717.5372549019609,4.0
8.0,6.0,9.0,12.0,719.0895424836602,4.0
8.0,12.0,9.0,13.0,889.6392156862744,4.0
0.0,0.0,1.0,6.0,309.9751633986928,4.0
0.0,6.0,1.0,14.0,217.96225490196082,4.0
0.0,14.0,1.0,20.0,503.154248366013,4.0
1.0,0.0,2.0,1.0,621.4882352941178,4.0
1.0,5.0,2.0,6.0,340.80392156862746,4.0
1.0,8.0,2.0,13.0,274.13882352941175,4.0
2.0,19.0,3.0,20.0,3.388235294117647,5.0
