l_l_m,l_l_n,u_r_m,u_r_n,avg_sal,sal_state
2.0,0.0,3.0,4.0,1704.2803921568632,1.0
3.0,0.0,7.0,4.0,2245.418137254903,1.0
7.0,0.0,8.0,4.0,1861.2215686274512,1.0
3.0,8.0,7.0,9.0,2224.5333333333333,1.0
3.0,9.0,7.0,13.0,2394.364215686275,1.0
3.0,13.0,7.0,15.0,2287.075980392157,1.0
2.0,16.0,6.0,20.0,2340.123529411765,1.0
6.0,16.0,7.0,20.0,2414.0107843137257,1.0
6.0,4.0,7.0,8.0,2067.300980392157,2.0
7.0,4.0,8.0,9.0,1905.4329411764706,2.0
7.0,9.0,8.0,15.0,1493.1915032679735,2.0
7.0,15.0,8.0,20.0,1334.2070588235292,2.0
1.0,15.0,2.0,17.0,695.9372549019607,2.0
2.0,15.0,6.0,16.0,2063.688235294118,2.0
6.0,15.0,7.0,16.0,1777.5803921568631,2.0
2.0,8.0,3.0,14.0,1883.5614379084966,2.0
2.0,14.0,3.0,15.0,2086.392156862745,2.0
3.0,5.0,4.0,6.0,1687.250980392157,2.0
4.0,5.0,6.0,8.0,1813.51045751634,2.0
2.0,4.0,3.0,8.0,311.9055555555556,4.0
3.0,4.0,6.0,5.0,600.0764705882352,4.0
3.0,6.0,4.0,8.0,272.1200980392157,4.0
1.0,7.0,2.0,8.0,248.38823529411764,4.0
1.0,8.0,2.0,14.0,565.302614379085,4.0
1.0,14.0,2.0,15.0,617.7607843137255,4.0
8.0,1.0,9.0,7.0,565.2718954248365,4.0
8.0,0.0,9.0,1.0,106.36470588235294,4.0
8.0,7.0,9.0,13.0,482.47973856209154,4.0
8.0,13.0,9.0,19.0,397.113725490196,4.0
8.0,19.0,9.0,20.0,174.87058823529412,4.0
9.0,1.0,10.0,8.0,34.756694677871145,4.0
1.0,17.0,2.0,20.0,232.7013071895425,4.0
1.0,0.0,2.0,3.0,153.41895424836602,4.0
0.0,0.0,1.0,6.0,0.0,5.0
0.0,6.0,1.0,14.0,21.163235294117648,5.0
0.0,14.0,1.0,20.0,1.82156862745098,5.0
1.0,3.0,2.0,7.0,5.08235294117647,5.0
9.0,8.0,10.0,16.0,165.6887254901961,5.0
9.0,16.0,10.0,20.0,216.4078431372549,5.0
9.0,0.0,10.0,1.0,1.016470588235294,5.0
