l_l_m,l_l_n,u_r_m,u_r_n,avg_sal,sal_state
7.0,2.0,8.0,3.0,648.0980392156863,2.0
2.0,3.0,6.0,7.0,2184.2365196078435,1.0
6.0,3.0,7.0,7.0,1927.8284313725492,1.0
2.0,1.0,6.0,3.0,2442.6294117647053,1.0
6.0,1.0,7.0,3.0,2175.6352941176474,1.0
2.0,8.0,6.0,9.0,2207.3607843137256,1.0
6.0,8.0,7.0,9.0,2116.0941176470587,1.0
2.0,9.0,6.0,13.0,2331.6110294117652,1.0
6.0,9.0,7.0,13.0,2375.328431372549,1.0
2.0,13.0,6.0,15.0,2293.747549019608,1.0
6.0,13.0,7.0,15.0,2387.3176470588237,1.0
1.0,0.0,2.0,5.0,885.6980392156862,2.0
2.0,0.0,3.0,1.0,2181.81568627451,2.0
3.0,0.0,7.0,1.0,2034.3666666666668,2.0
7.0,0.0,8.0,1.0,316.70980392156866,2.0
2.0,7.0,6.0,8.0,2032.414705882353,2.0
6.0,7.0,7.0,8.0,2036.474509803921,2.0
7.0,7.0,8.0,8.0,1500.1372549019611,2.0
7.0,8.0,8.0,14.0,1657.1339869281046,2.0
7.0,14.0,8.0,16.0,1502.605882352941,2.0
2.0,15.0,6.0,17.0,1806.645098039216,2.0
6.0,15.0,7.0,16.0,2048.5803921568627,2.0
7.0,17.0,8.0,20.0,870.4366013071892,2.0
1.0,18.0,2.0,20.0,747.7607843137255,2.0
2.0,17.0,6.0,20.0,2181.721895424837,1.0
6.0,17.0,7.0,20.0,1849.4718954248365,1.0
7.0,3.0,8.0,7.0,75.96200980392156,4.0
8.0,3.0,9.0,8.0,203.57333333333332,4.0
8.0,8.0,9.0,14.0,155.11176470588234,4.0
8.0,14.0,9.0,19.0,168.80705882352942,4.0
6.0,16.0,8.0,17.0,1258.0294117647059,4.0
1.0,5.0,2.0,8.0,464.7464052287583,4.0
1.0,8.0,2.0,14.0,305.6307189542484,4.0
1.0,14.0,2.0,18.0,244.15294117647065,4.0
8.0,0.0,9.0,3.0,1.1294117647058823,5.0
9.0,0.0,10.0,6.0,0.0,5.0
9.0,6.0,10.0,14.0,0.0,5.0
9.0,14.0,10.0,20.0,0.0,5.0
8.0,19.0,9.0,20.0,1.1294117647058823,5.0
7.0,1.0,8.0,2.0,1.2705882352941176,5.0
0.0,0.0,1.0,6.0,1.4470588235294115,5.0
0.0,6.0,1.0,14.0,9.52401960784314,5.0
0.0,14.0,1.0,20.0,0.0039215686274509795,5.0
