l_l_m,l_l_n,u_r_m,u_r_n,avg_sal,sal_state
7.0,0.0,8.0,5.0,1272.5003921568627,2.0
1.0,2.0,2.0,4.0,714.3411764705883,2.0
1.0,6.0,2.0,8.0,815.8823529411765,2.0
7.0,6.0,8.0,7.0,1357.8117647058825,2.0
1.0,14.0,2.0,15.0,750.2313725490195,2.0
5.0,18.0,7.0,19.0,1421.0764705882352,2.0
2.0,6.0,6.0,10.0,2293.854166666667,1.0
6.0,6.0,7.0,10.0,1902.6990196078436,1.0
2.0,2.0,6.0,6.0,2113.1627450980395,1.0
6.0,2.0,7.0,6.0,2122.786274509804,1.0
2.0,0.0,6.0,2.0,1957.7465686274509,1.0
6.0,0.0,7.0,2.0,2457.113725490196,1.0
2.0,11.0,6.0,15.0,2289.730392156863,1.0
6.0,11.0,7.0,15.0,2181.7823529411767,1.0
2.0,15.0,6.0,18.0,2109.123529411765,1.0
6.0,15.0,7.0,18.0,1941.9960784313723,1.0
7.0,8.0,8.0,14.0,1369.4437908496734,2.0
7.0,14.0,8.0,15.0,1189.7019607843138,2.0
2.0,10.0,6.0,11.0,2093.2774509803926,2.0
6.0,10.0,7.0,11.0,1996.819607843137,2.0
7.0,17.0,8.0,20.0,1675.1921568627454,2.0
3.0,18.0,5.0,20.0,1544.2127450980392,2.0
2.0,18.0,3.0,20.0,1524.8372549019612,2.0
5.0,19.0,7.0,20.0,1788.4058823529413,2.0
7.0,16.0,8.0,17.0,1355.8058823529414,2.0
8.0,0.0,10.0,6.0,401.5522875816993,4.0
8.0,6.0,10.0,14.0,272.25441176470594,4.0
8.0,14.0,10.0,20.0,538.4392156862745,4.0
7.0,15.0,8.0,16.0,119.17843137254904,4.0
7.0,7.0,8.0,8.0,126.81470588235294,4.0
7.0,5.0,8.0,6.0,121.38088235294116,4.0
1.0,8.0,2.0,14.0,695.8973856209151,4.0
-0.0,14.0,1.0,16.0,75.55490196078429,4.0
1.0,15.0,2.0,20.0,323.5325490196078,4.0
1.0,4.0,2.0,6.0,381.80686274509804,4.0
-0.0,5.0,1.0,8.0,203.5503267973856,4.0
0.0,0.0,1.0,5.0,10.16470588235294,5.0
1.0,0.0,2.0,2.0,5.08235294117647,5.0
-0.0,8.0,1.0,14.0,10.16470588235294,5.0
-0.0,16.0,1.0,20.0,10.16470588235294,5.0
