l_l_m,l_l_n,u_r_m,u_r_n,avg_sal,sal_state
2.0,2.0,3.0,3.0,491.0196078431373,2.0
3.0,2.0,7.0,3.0,737.4401960784314,2.0
7.0,2.0,8.0,3.0,657.7529411764705,2.0
2.0,3.0,3.0,5.0,1763.9470588235295,1.0
3.0,3.0,7.0,5.0,2393.9666666666667,1.0
7.0,3.0,8.0,5.0,2057.994117647059,1.0
3.0,7.0,6.0,8.0,2552.4810457516337,1.0
3.0,9.0,6.0,11.0,2496.392810457517,1.0
3.0,13.0,7.0,14.0,2526.828431372549,1.0
7.0,13.0,8.0,14.0,2239.8235294117653,1.0
2.0,16.0,3.0,18.0,1748.092156862745,1.0
3.0,16.0,7.0,18.0,2462.7205882352937,1.0
7.0,16.0,8.0,18.0,2062.8196078431374,1.0
5.0,5.0,6.0,7.0,1931.8529411764707,2.0
6.0,5.0,8.0,6.0,1954.2372549019608,2.0
6.0,6.0,8.0,12.0,2306.685620915033,2.0
6.0,12.0,8.0,13.0,2219.309803921569,2.0
3.0,14.0,7.0,16.0,2077.122058823529,2.0
7.0,14.0,8.0,16.0,2223.8764705882354,2.0
2.0,6.0,3.0,8.0,1346.9764705882353,2.0
2.0,8.0,3.0,14.0,1342.7549019607845,2.0
2.0,14.0,3.0,16.0,1118.256862745098,2.0
3.0,6.0,5.0,7.0,2219.398039215687,2.0
3.0,8.0,6.0,9.0,2497.129411764706,2.0
3.0,11.0,6.0,13.0,2137.5137254901965,2.0
8.0,4.0,9.0,7.0,191.94901960784318,4.0
8.0,7.0,9.0,13.0,235.85816993464053,4.0
8.0,13.0,9.0,17.0,107.32745098039216,4.0
0.0,4.0,2.0,10.0,19.480392156862745,5.0
0.0,0.0,2.0,4.0,1.0715686274509804,5.0
3.0,0.0,5.0,2.0,0.0,5.0
2.0,0.0,3.0,2.0,0.0,5.0
3.0,5.0,5.0,6.0,604.929411764706,5.0
2.0,5.0,3.0,6.0,417.11372549019615,5.0
5.0,0.0,7.0,2.0,0.0,5.0
7.0,0.0,8.0,2.0,0.0,5.0
9.0,2.0,10.0,10.0,0.0,5.0
9.0,0.0,10.0,2.0,0.0,5.0
8.0,0.0,9.0,4.0,1.1294117647058823,5.0
0.0,10.0,2.0,16.0,10.732026143790847,5.0
0.0,16.0,2.0,20.0,1.0990196078431371,5.0
3.0,18.0,5.0,20.0,30.84313725490197,5.0
2.0,18.0,3.0,20.0,19.135294117647053,5.0
9.0,10.0,10.0,18.0,0.0,5.0
9.0,18.0,10.0,20.0,0.0,5.0
5.0,18.0,7.0,20.0,39.539215686274524,5.0
7.0,18.0,8.0,20.0,42.449019607843134,5.0
8.0,17.0,9.0,20.0,1.1294117647058823,5.0
