l_l_m,l_l_n,u_r_m,u_r_n,avg_sal,sal_state
2.0,13.0,6.0,14.0,2120.076470588236,2.0
6.0,13.0,7.0,14.0,1815.9529411764706,2.0
1.0,14.0,2.0,16.0,966.8764705882353,2.0
7.0,15.0,8.0,17.0,938.0470588235294,2.0
2.0,6.0,3.0,7.0,1364.270588235294,1.0
3.0,6.0,7.0,7.0,2398.303921568628,1.0
7.0,6.0,8.0,7.0,2119.850980392157,1.0
2.0,7.0,3.0,11.0,1761.3460784313727,1.0
3.0,7.0,7.0,11.0,2391.082598039216,1.0
7.0,7.0,8.0,11.0,1781.6254901960785,1.0
2.0,11.0,3.0,13.0,1965.970588235294,1.0
3.0,11.0,7.0,13.0,2418.459803921569,1.0
7.0,11.0,8.0,13.0,1515.4235294117648,1.0
2.0,0.0,6.0,4.0,2104.8512254901957,1.0
3.0,4.0,4.0,5.0,2411.5254901960793,1.0
3.0,14.0,5.0,18.0,2057.507843137255,1.0
2.0,14.0,3.0,18.0,1767.8068627450982,1.0
5.0,14.0,7.0,17.0,2250.896732026144,1.0
6.0,0.0,8.0,6.0,1846.108823529412,2.0
2.0,4.0,3.0,6.0,1319.7607843137253,2.0
3.0,5.0,4.0,6.0,2291.4666666666667,2.0
4.0,4.0,6.0,6.0,2093.9892156862747,2.0
5.0,19.0,6.0,20.0,1699.4352941176473,2.0
3.0,19.0,5.0,20.0,2190.9882352941177,1.0
2.0,18.0,3.0,20.0,1444.7039215686277,2.0
3.0,18.0,4.0,19.0,1827.443137254902,2.0
8.0,15.0,9.0,20.0,17.01368191721133,4.0
4.0,18.0,5.0,19.0,255.82588235294116,4.0
5.0,17.0,6.0,19.0,191.43529411764703,4.0
6.0,17.0,8.0,20.0,1170.6196078431376,4.0
1.0,0.0,2.0,4.0,600.7774509803922,4.0
1.0,4.0,2.0,10.0,439.17973856209153,4.0
1.0,10.0,2.0,14.0,419.2441176470588,4.0
-0.0,1.0,1.0,3.0,345.72549019607834,4.0
-0.0,16.0,1.0,19.0,338.7045751633987,4.0
1.0,16.0,2.0,20.0,352.29460784313727,4.0
8.0,7.0,9.0,13.0,161.01176470588237,4.0
8.0,1.0,9.0,7.0,328.7267973856209,4.0
8.0,0.0,9.0,1.0,171.49411764705886,4.0
7.0,13.0,9.0,15.0,435.5294117647058,4.0
9.0,0.0,10.0,6.0,0.0,5.0
9.0,6.0,10.0,14.0,0.0,5.0
9.0,14.0,10.0,20.0,0.0,5.0
0.0,3.0,1.0,5.0,316.06078431372543,5.0
0.0,5.0,1.0,13.0,152.95686274509805,5.0
0.0,13.0,1.0,16.0,31.6,5.0
-0.0,19.0,1.0,20.0,10.16470588235294,5.0
0.0,0.0,1.0,1.0,10.16470588235294,5.0
