l_l_m,l_l_n,u_r_m,u_r_n,avg_sal,sal_state
6.0,5.0,8.0,7.0,1607.799019607843,2.0
2.0,17.0,6.0,19.0,2494.007352941177,1.0
6.0,17.0,7.0,19.0,2509.0549019607847,1.0
3.0,3.0,6.0,7.0,2368.461437908497,1.0
3.0,7.0,6.0,11.0,2439.6388888888887,1.0
3.0,11.0,6.0,15.0,2347.229084967321,1.0
3.0,15.0,6.0,16.0,2224.2261437908496,1.0
6.0,7.0,8.0,8.0,2018.4039215686275,1.0
6.0,8.0,8.0,14.0,2248.2732026143794,1.0
6.0,14.0,8.0,16.0,2240.4480392156865,1.0
2.0,2.0,3.0,6.0,2003.6460784313726,2.0
2.0,6.0,3.0,12.0,1799.2477124183006,2.0
2.0,12.0,3.0,16.0,1372.4558823529412,2.0
3.0,2.0,6.0,3.0,1458.1856209150324,2.0
7.0,16.0,8.0,19.0,944.9058823529413,2.0
1.0,16.0,2.0,19.0,664.9333333333333,2.0
2.0,16.0,6.0,17.0,1682.2568627450976,2.0
6.0,16.0,7.0,17.0,1965.9254901960785,2.0
0.0,0.0,1.0,7.0,420.96358543417364,4.0
1.0,0.0,2.0,5.0,926.9254901960784,4.0
1.0,5.0,2.0,11.0,348.102614379085,4.0
1.0,11.0,2.0,16.0,90.56705882352942,4.0
2.0,0.0,3.0,2.0,1314.745098039216,4.0
3.0,0.0,7.0,2.0,740.5215686274512,4.0
7.0,0.0,8.0,2.0,176.30196078431374,4.0
8.0,5.0,9.0,8.0,157.86797385620918,4.0
8.0,8.0,9.0,14.0,364.7601307189543,4.0
8.0,14.0,9.0,18.0,515.2529411764706,4.0
0.0,19.0,2.0,20.0,417.5549019607843,4.0
2.0,19.0,6.0,20.0,921.5647058823531,4.0
6.0,19.0,8.0,20.0,576.2549019607842,4.0
8.0,0.0,9.0,5.0,1.1294117647058823,5.0
9.0,0.0,10.0,6.0,0.0,5.0
9.0,6.0,10.0,14.0,13.645098039215686,5.0
9.0,14.0,10.0,20.0,2.6862745098039214,5.0
8.0,18.0,9.0,20.0,1.1294117647058823,5.0
6.0,2.0,8.0,5.0,50.64575163398694,5.0
0.0,7.0,1.0,9.0,108.95686274509804,5.0
0.0,9.0,1.0,17.0,11.475980392156858,5.0
0.0,17.0,1.0,19.0,0.0,5.0
