l_l_m,l_l_n,u_r_m,u_r_n,avg_sal,sal_state
2.0,5.0,3.0,9.0,1756.5352941176475,2.0
3.0,5.0,7.0,9.0,2352.0254901960793,2.0
7.0,5.0,8.0,9.0,1798.330392156863,2.0
2.0,12.0,3.0,15.0,1688.2052287581698,2.0
3.0,12.0,7.0,15.0,2340.482352941177,2.0
7.0,12.0,8.0,15.0,1975.8496732026151,2.0
2.0,1.0,3.0,5.0,1967.3147058823529,1.0
3.0,1.0,7.0,5.0,2434.471078431373,1.0
7.0,1.0,8.0,5.0,1594.1460784313724,1.0
2.0,0.0,3.0,1.0,1891.7960784313727,1.0
3.0,0.0,7.0,1.0,2543.192156862745,1.0
7.0,0.0,8.0,1.0,1778.0549019607847,1.0
2.0,9.0,3.0,12.0,1653.440522875817,1.0
3.0,9.0,7.0,12.0,2532.9516339869283,1.0
7.0,9.0,8.0,12.0,2037.2091503267975,1.0
2.0,15.0,6.0,19.0,2362.6110294117652,1.0
6.0,15.0,7.0,19.0,2244.3823529411766,1.0
7.0,15.0,8.0,16.0,1577.1686274509805,1.0
7.0,17.0,8.0,19.0,873.405882352941,1.0
1.0,17.0,2.0,20.0,474.32026143790847,2.0
2.0,19.0,3.0,20.0,1772.8196078431374,2.0
3.0,19.0,7.0,20.0,2192.0892156862747,2.0
7.0,19.0,8.0,20.0,1434.6549019607844,2.0
1.0,3.0,2.0,9.0,165.6856209150327,4.0
1.0,0.0,2.0,3.0,152.98300653594774,4.0
8.0,0.0,10.0,6.0,28.39379084967321,5.0
8.0,6.0,10.0,14.0,47.48651960784314,5.0
8.0,14.0,10.0,20.0,10.745098039215684,5.0
7.0,16.0,8.0,17.0,1.2705882352941176,5.0
0.0,0.0,1.0,6.0,0.0,5.0
0.0,6.0,1.0,14.0,0.0,5.0
0.0,14.0,1.0,20.0,0.0,5.0
1.0,9.0,2.0,15.0,51.64836601307189,5.0
1.0,15.0,2.0,17.0,62.54509803921569,5.0
