l_l_m,l_l_n,u_r_m,u_r_n,avg_sal,sal_state
3.0,19.0,5.0,20.0,1556.6764705882351,2.0
2.0,19.0,3.0,20.0,2078.7333333333336,2.0
3.0,0.0,7.0,4.0,2125.3367647058826,1.0
3.0,6.0,6.0,8.0,2285.3908496732033,1.0
3.0,10.0,7.0,14.0,2482.758823529412,1.0
3.0,14.0,7.0,15.0,2370.795098039216,1.0
2.0,16.0,3.0,19.0,2090.027450980392,1.0
3.0,16.0,7.0,19.0,2273.718954248366,1.0
7.0,16.0,8.0,19.0,1497.709803921569,1.0
1.0,0.0,2.0,1.0,1052.4470588235297,2.0
2.0,0.0,3.0,5.0,2038.977254901961,2.0
2.0,5.0,3.0,11.0,1909.2477124183008,2.0
2.0,11.0,3.0,16.0,1534.724705882353,2.0
3.0,4.0,7.0,6.0,1765.9607843137255,2.0
7.0,6.0,8.0,8.0,1542.3117647058825,2.0
7.0,8.0,8.0,14.0,1795.7405228758169,2.0
7.0,14.0,8.0,16.0,2004.7882352941174,2.0
1.0,2.0,2.0,4.0,1209.964705882353,2.0
3.0,8.0,6.0,10.0,2403.7294117647066,2.0
6.0,6.0,7.0,10.0,2068.958823529412,2.0
3.0,15.0,7.0,16.0,1890.2529411764706,2.0
0.0,0.0,1.0,6.0,143.162091503268,4.0
0.0,6.0,1.0,14.0,65.62598039215686,4.0
0.0,14.0,1.0,20.0,4.279084967320261,4.0
1.0,1.0,2.0,2.0,271.4980392156863,4.0
1.0,4.0,2.0,9.0,501.71215686274513,4.0
1.0,9.0,2.0,15.0,223.99150326797385,4.0
1.0,15.0,2.0,20.0,233.3333333333334,4.0
7.0,0.0,8.0,6.0,554.0352941176471,4.0
8.0,6.0,9.0,8.0,54.1392156862745,4.0
8.0,8.0,9.0,14.0,224.37777777777774,4.0
8.0,14.0,9.0,17.0,235.34509803921569,4.0
5.0,19.0,7.0,20.0,847.2705882352942,4.0
7.0,19.0,8.0,20.0,577.9254901960785,4.0
8.0,0.0,9.0,6.0,5.116993464052287,5.0
9.0,2.0,10.0,10.0,0.0,5.0
9.0,0.0,10.0,2.0,0.0,5.0
9.0,10.0,10.0,18.0,0.0,5.0
9.0,18.0,10.0,20.0,0.0,5.0
8.0,17.0,9.0,20.0,1.1294117647058823,5.0
