l_l_m,l_l_n,u_r_m,u_r_n,avg_sal,sal_state
7.0,0.0,8.0,2.0,1513.594117647059,2.0
8.0,16.0,9.0,19.0,879.7843137254903,2.0
3.0,0.0,7.0,2.0,2267.921568627451,1.0
5.0,2.0,6.0,3.0,2252.447058823529,1.0
2.0,6.0,3.0,10.0,1516.8107843137257,1.0
3.0,6.0,7.0,10.0,2447.375735294118,1.0
7.0,6.0,8.0,10.0,2009.1411764705883,1.0
2.0,5.0,3.0,6.0,1546.6823529411765,1.0
3.0,5.0,7.0,6.0,2173.0705882352945,1.0
7.0,5.0,8.0,6.0,1941.3058823529407,1.0
2.0,10.0,3.0,14.0,1713.850980392157,1.0
3.0,10.0,7.0,14.0,2445.750980392157,1.0
7.0,10.0,8.0,14.0,1940.127450980392,1.0
2.0,14.0,3.0,18.0,1524.149019607843,1.0
3.0,14.0,7.0,18.0,2131.641176470588,1.0
7.0,14.0,8.0,18.0,1948.7186274509804,1.0
2.0,18.0,3.0,19.0,1139.105882352941,1.0
3.0,18.0,7.0,19.0,2072.3009803921573,1.0
7.0,18.0,8.0,19.0,1902.2274509803922,1.0
3.0,19.0,7.0,20.0,2193.0823529411764,1.0
2.0,0.0,3.0,5.0,1723.4392156862743,2.0
3.0,2.0,5.0,5.0,2210.0875816993466,2.0
5.0,3.0,6.0,5.0,2218.0117647058823,2.0
6.0,2.0,7.0,5.0,1806.9084967320264,2.0
7.0,4.0,8.0,5.0,1546.6392156862744,2.0
1.0,1.0,2.0,7.0,536.2888888888889,4.0
1.0,0.0,2.0,1.0,478.0941176470588,4.0
1.0,7.0,2.0,13.0,192.3326797385621,4.0
1.0,13.0,2.0,19.0,224.98431372549018,4.0
1.0,19.0,2.0,20.0,444.086274509804,4.0
2.0,19.0,3.0,20.0,241.49150326797385,4.0
-0.0,1.0,1.0,6.0,56.77725490196078,4.0
8.0,0.0,9.0,4.0,415.31764705882347,4.0
8.0,4.0,9.0,10.0,315.9437908496732,4.0
8.0,10.0,9.0,15.0,165.25882352941176,4.0
9.0,0.0,10.0,3.0,6.637777777777778,4.0
7.0,2.0,8.0,4.0,90.44730392156862,4.0
9.0,17.0,10.0,20.0,6.9755555555555535,4.0
7.0,19.0,9.0,20.0,729.0352941176469,4.0
9.0,3.0,10.0,6.0,4.616993464052288,5.0
9.0,6.0,10.0,14.0,4.35343137254902,5.0
9.0,14.0,10.0,17.0,0.9411764705882354,5.0
8.0,15.0,9.0,16.0,1.1294117647058823,5.0
0.0,6.0,1.0,9.0,15.947712418300656,5.0
0.0,9.0,1.0,17.0,0.0,5.0
0.0,17.0,1.0,20.0,5.347712418300653,5.0
0.0,0.0,1.0,1.0,10.16470588235294,5.0
