l_l_m,l_l_n,u_r_m,u_r_n,avg_sal,sal_state
3.0,7.0,7.0,9.0,2371.678921568628,1.0
3.0,9.0,7.0,13.0,2421.6024509803924,1.0
3.0,13.0,7.0,16.0,2283.912418300654,1.0
2.0,6.0,3.0,7.0,1445.1490196078432,2.0
2.0,7.0,3.0,13.0,1751.7575163398694,2.0
2.0,13.0,3.0,15.0,1751.8411764705884,2.0
7.0,6.0,8.0,8.0,1912.1215686274509,2.0
7.0,8.0,8.0,14.0,1695.5607843137257,2.0
7.0,14.0,8.0,17.0,1672.5764705882355,2.0
6.0,16.0,7.0,17.0,1540.8627450980393,2.0
3.0,6.0,7.0,7.0,1346.6392156862746,2.0
3.0,1.0,7.0,5.0,2119.888970588236,1.0
3.0,0.0,7.0,1.0,1876.7176470588238,1.0
1.0,0.0,2.0,1.0,1662.2784313725492,2.0
2.0,0.0,3.0,5.0,2136.4266666666667,2.0
0.0,0.0,1.0,6.0,225.32875816993462,4.0
1.0,1.0,2.0,6.0,1067.2941176470588,4.0
1.0,6.0,2.0,12.0,420.87581699346396,4.0
1.0,12.0,2.0,18.0,250.17843137254903,4.0
2.0,5.0,6.0,6.0,563.9745098039217,4.0
2.0,15.0,3.0,18.0,317.36078431372545,4.0
3.0,16.0,6.0,18.0,368.0049019607843,4.0
6.0,17.0,7.0,18.0,12.894117647058824,4.0
6.0,5.0,8.0,6.0,203.70196078431374,4.0
8.0,5.0,9.0,8.0,302.02091503267974,4.0
8.0,8.0,9.0,14.0,381.85032679738566,4.0
8.0,14.0,9.0,18.0,386.7686274509804,4.0
2.0,18.0,3.0,19.0,129.4954248366013,4.0
3.0,19.0,5.0,20.0,596.0117647058822,4.0
1.0,19.0,3.0,20.0,1274.9745098039216,4.0
0.0,19.0,1.0,20.0,84.44313725490196,4.0
1.0,18.0,2.0,19.0,254.82941176470592,4.0
7.0,0.0,9.0,5.0,0.0,5.0
9.0,0.0,10.0,6.0,0.0,5.0
9.0,6.0,10.0,14.0,2.3700980392156863,5.0
9.0,14.0,10.0,20.0,0.8777777777777777,5.0
3.0,18.0,5.0,19.0,4.065882352941176,5.0
5.0,18.0,7.0,20.0,0.011764705882352941,5.0
7.0,18.0,9.0,20.0,0.0,5.0
7.0,5.0,9.0,8.0,205.11633986928103,5.0
7.0,8.0,9.0,14.0,190.92516339869283,5.0
7.0,14.0,9.0,18.0,197.49754901960785,5.0
0.0,6.0,1.0,8.0,65.20784313725491,5.0
0.0,8.0,1.0,16.0,38.977450980392156,5.0
0.0,16.0,1.0,19.0,1.858823529411765,5.0
