l_l_m,l_l_n,u_r_m,u_r_n,avg_sal,sal_state
1.0,16.0,2.0,20.0,365.04803921568634,2.0
4.0,11.0,6.0,13.0,2458.373529411765,1.0
6.0,11.0,7.0,13.0,2379.86862745098,1.0
4.0,13.0,6.0,14.0,2481.6980392156865,1.0
6.0,13.0,7.0,14.0,2407.3215686274507,1.0
2.0,16.0,4.0,18.0,2317.605882352941,1.0
4.0,16.0,6.0,18.0,2292.632352941177,1.0
6.0,16.0,8.0,18.0,1733.6558823529413,1.0
2.0,18.0,4.0,20.0,2428.333333333334,1.0
4.0,18.0,6.0,20.0,2430.786274509804,1.0
6.0,18.0,8.0,20.0,1770.0264705882353,1.0
4.0,5.0,6.0,7.0,2475.194117647058,1.0
2.0,5.0,4.0,7.0,2411.249019607844,1.0
4.0,3.0,6.0,5.0,1536.4382352941175,1.0
2.0,3.0,4.0,5.0,1978.0990196078437,1.0
6.0,4.0,7.0,7.0,2408.877124183007,1.0
1.0,8.0,2.0,12.0,619.385294117647,2.0
1.0,4.0,2.0,8.0,862.1303921568627,2.0
1.0,3.0,2.0,4.0,472.04313725490186,2.0
2.0,7.0,4.0,8.0,1667.6078431372546,2.0
2.0,8.0,4.0,12.0,2110.4000000000005,2.0
2.0,12.0,4.0,14.0,2058.7352941176473,2.0
4.0,9.0,6.0,11.0,2334.036274509804,2.0
6.0,9.0,7.0,11.0,2225.6254901960783,2.0
4.0,7.0,6.0,9.0,1809.3852941176474,2.0
6.0,7.0,7.0,9.0,1899.3764705882354,2.0
7.0,4.0,8.0,8.0,882.3215686274509,2.0
7.0,8.0,8.0,12.0,1326.9166666666665,2.0
7.0,12.0,8.0,16.0,1306.7333333333333,2.0
1.0,14.0,2.0,15.0,545.0039215686274,2.0
2.0,14.0,3.0,16.0,1975.9490196078434,2.0
3.0,14.0,5.0,16.0,2390.204901960785,2.0
5.0,14.0,7.0,16.0,2338.835294117647,2.0
1.0,0.0,2.0,1.0,221.4078431372549,2.0
7.0,0.0,8.0,2.0,1005.2078431372548,2.0
3.0,2.0,5.0,3.0,504.3450980392157,2.0
2.0,2.0,3.0,3.0,762.9882352941174,2.0
2.0,0.0,3.0,2.0,2353.550980392157,1.0
3.0,0.0,5.0,2.0,2241.9843137254898,1.0
5.0,0.0,7.0,2.0,2032.2843137254904,1.0
9.0,5.0,10.0,9.0,481.9774509803922,4.0
9.0,4.0,10.0,5.0,281.043137254902,4.0
8.0,6.0,9.0,10.0,680.8196078431373,4.0
8.0,5.0,9.0,6.0,815.7843137254903,4.0
8.0,10.0,9.0,14.0,465.9392156862745,4.0
8.0,14.0,9.0,18.0,472.3549019607844,4.0
8.0,18.0,9.0,19.0,108.8078431372549,4.0
0.0,4.0,1.0,8.0,0.0,5.0
0.0,0.0,1.0,4.0,0.0,5.0
0.0,8.0,1.0,12.0,11.042156862745097,5.0
0.0,12.0,1.0,16.0,1.2823529411764707,5.0
0.0,16.0,1.0,20.0,0.0,5.0
1.0,1.0,2.0,3.0,5.08235294117647,5.0
1.0,12.0,2.0,14.0,5.08235294117647,5.0
1.0,15.0,2.0,16.0,5.08235294117647,5.0
8.0,0.0,10.0,4.0,44.84166666666667,5.0
8.0,4.0,9.0,5.0,1.1294117647058823,5.0
5.0,2.0,6.0,3.0,1.6941176470588235,5.0
6.0,2.0,8.0,4.0,114.54019607843136,5.0
9.0,9.0,10.0,13.0,194.91078431372551,5.0
9.0,13.0,10.0,17.0,162.97450980392156,5.0
9.0,17.0,10.0,20.0,113.73856209150328,5.0
8.0,19.0,9.0,20.0,1.1294117647058823,5.0
