l_l_m,l_l_n,u_r_m,u_r_n,avg_sal,sal_state
7.0,7.0,9.0,9.0,1308.2274509803924,2.0
2.0,8.0,3.0,9.0,1177.9529411764704,2.0
1.0,9.0,2.0,10.0,324.74117647058824,2.0
1.0,12.0,2.0,16.0,578.7647058823529,2.0
1.0,16.0,2.0,20.0,860.0843137254901,2.0
2.0,9.0,3.0,11.0,2078.6470588235293,1.0
3.0,9.0,5.0,11.0,2052.082352941177,1.0
5.0,9.0,7.0,11.0,1972.401960784314,1.0
2.0,11.0,3.0,13.0,2240.0921568627455,1.0
3.0,11.0,5.0,13.0,2332.446078431373,1.0
5.0,11.0,7.0,13.0,2435.167647058824,1.0
2.0,13.0,3.0,15.0,2343.166666666667,1.0
3.0,13.0,5.0,15.0,2313.7127450980397,1.0
5.0,13.0,7.0,15.0,2268.6401960784315,1.0
2.0,15.0,3.0,17.0,2369.3117647058825,1.0
3.0,15.0,5.0,17.0,2420.780392156863,1.0
5.0,15.0,7.0,17.0,2285.653921568628,1.0
2.0,17.0,3.0,19.0,2342.950980392157,1.0
3.0,17.0,5.0,19.0,2385.9686274509813,1.0
5.0,17.0,7.0,19.0,2068.0333333333333,1.0
2.0,19.0,3.0,20.0,2105.886274509804,1.0
3.0,19.0,5.0,20.0,1755.0725490196078,1.0
5.0,19.0,7.0,20.0,1231.5294117647059,1.0
7.0,9.0,8.0,13.0,1381.6745098039214,1.0
7.0,13.0,8.0,17.0,904.1980392156862,1.0
7.0,18.0,8.0,19.0,441.4901960784313,1.0
4.0,3.0,5.0,7.0,1620.4960784313723,1.0
5.0,3.0,7.0,7.0,2396.960784313725,1.0
7.0,3.0,8.0,7.0,1416.655882352941,1.0
4.0,0.0,6.0,3.0,1389.2542483660136,2.0
2.0,0.0,4.0,3.0,1859.5810457516345,2.0
1.0,0.0,2.0,3.0,946.3529411764706,2.0
6.0,0.0,7.0,2.0,1045.1039215686274,2.0
6.0,2.0,8.0,3.0,1199.9254901960785,2.0
7.0,0.0,8.0,2.0,80.34289215686275,4.0
9.0,7.0,10.0,11.0,543.506862745098,4.0
9.0,3.0,10.0,7.0,616.7127450980392,4.0
9.0,0.0,10.0,3.0,461.0522875816994,4.0
8.0,9.0,9.0,13.0,634.3225490196079,4.0
8.0,3.0,9.0,7.0,900.6215686274509,4.0
8.0,0.0,9.0,3.0,664.5581699346403,4.0
1.0,4.0,3.0,8.0,631.0960784313726,4.0
1.0,3.0,3.0,4.0,889.5254901960783,4.0
3.0,5.0,4.0,9.0,909.2588235294118,4.0
3.0,3.0,4.0,5.0,1345.7784313725488,4.0
4.0,7.0,6.0,9.0,878.8107843137254,4.0
6.0,7.0,7.0,9.0,1223.8450980392156,4.0
0.0,4.0,1.0,8.0,0.0,5.0
0.0,0.0,1.0,4.0,111.95098039215686,5.0
0.0,8.0,1.0,12.0,0.0,5.0
0.0,12.0,1.0,16.0,23.000980392156862,5.0
0.0,16.0,1.0,20.0,131.87254901960785,5.0
1.0,8.0,2.0,9.0,5.08235294117647,5.0
1.0,10.0,2.0,12.0,5.08235294117647,5.0
9.0,11.0,10.0,15.0,181.47549019607843,5.0
9.0,15.0,10.0,19.0,159.55490196078432,5.0
9.0,19.0,10.0,20.0,331.33333333333337,5.0
7.0,19.0,8.0,20.0,1.2705882352941176,5.0
7.0,17.0,8.0,18.0,1.2705882352941176,5.0
8.0,13.0,9.0,17.0,254.83235294117645,5.0
8.0,17.0,9.0,20.0,432.58562091503273,5.0
