l_l_m,l_l_n,u_r_m,u_r_n,avg_sal,sal_state
1.0,5.0,2.0,7.0,854.3372549019607,2.0
8.0,13.0,9.0,14.0,908.1921568627453,2.0
2.0,7.0,3.0,13.0,1822.8019607843135,1.0
2.0,2.0,3.0,7.0,1824.1701960784314,1.0
3.0,3.0,7.0,7.0,2192.9399509803925,1.0
7.0,3.0,8.0,7.0,1285.9450980392155,1.0
3.0,2.0,7.0,3.0,1753.6176470588236,1.0
7.0,2.0,8.0,3.0,1923.7764705882348,1.0
3.0,7.0,7.0,11.0,2375.672303921569,1.0
7.0,7.0,8.0,11.0,1597.6431372549027,1.0
3.0,11.0,7.0,15.0,2129.366911764706,1.0
7.0,11.0,8.0,15.0,1848.9352941176473,1.0
3.0,15.0,7.0,17.0,2038.8426470588238,1.0
7.0,15.0,8.0,17.0,2000.0058823529407,1.0
2.0,15.0,3.0,17.0,1150.3921568627452,1.0
3.0,0.0,7.0,1.0,1484.3313725490195,2.0
7.0,0.0,8.0,1.0,1900.0549019607847,2.0
8.0,1.0,9.0,3.0,1368.794117647059,2.0
1.0,1.0,2.0,3.0,1103.0411764705882,2.0
2.0,1.0,3.0,2.0,430.8549019607843,2.0
3.0,1.0,7.0,2.0,1154.4696078431373,2.0
7.0,1.0,8.0,2.0,2003.8078431372546,2.0
2.0,17.0,6.0,18.0,1488.8872549019611,2.0
6.0,17.0,7.0,18.0,1704.0980392156864,2.0
7.0,17.0,9.0,20.0,1399.900653594771,2.0
5.0,19.0,7.0,20.0,1046.5117647058823,2.0
8.0,0.0,9.0,1.0,105.18779956427015,4.0
9.0,0.0,10.0,6.0,313.49346405228766,4.0
9.0,6.0,10.0,14.0,218.78480392156865,4.0
9.0,14.0,10.0,20.0,346.36013071895417,4.0
8.0,14.0,9.0,17.0,94.2960058097313,4.0
8.0,3.0,9.0,5.0,601.6490196078432,4.0
8.0,5.0,9.0,11.0,590.8444444444443,4.0
8.0,11.0,9.0,13.0,686.3803921568627,4.0
3.0,18.0,5.0,20.0,742.8372549019607,4.0
2.0,18.0,3.0,20.0,467.70196078431366,4.0
5.0,18.0,7.0,19.0,954.7843137254903,4.0
1.0,7.0,2.0,13.0,510.5450980392157,4.0
1.0,13.0,2.0,14.0,148.06274509803922,4.0
2.0,13.0,3.0,15.0,316.27843137254905,4.0
1.0,3.0,2.0,5.0,377.4421568627452,4.0
0.0,2.0,1.0,10.0,115.2299019607843,5.0
0.0,0.0,1.0,2.0,14.309803921568625,5.0
1.0,0.0,3.0,1.0,308.15294117647056,5.0
0.0,10.0,1.0,18.0,5.882352941176472,5.0
0.0,18.0,1.0,20.0,0.0,5.0
1.0,14.0,2.0,20.0,25.365359477124187,5.0
