l_l_m,l_l_n,u_r_m,u_r_n,avg_sal,sal_state
1.0,0.0,2.0,4.0,878.2862745098039,2.0
1.0,4.0,2.0,10.0,1026.4424836601308,2.0
1.0,10.0,2.0,15.0,845.8941176470587,2.0
8.0,3.0,9.0,9.0,653.0065359477125,2.0
8.0,2.0,9.0,3.0,484.8549019607843,2.0
2.0,16.0,3.0,18.0,1840.1313725490202,1.0
6.0,16.0,8.0,19.0,1760.440522875817,1.0
2.0,1.0,6.0,5.0,2066.864705882353,1.0
6.0,1.0,7.0,5.0,2019.529411764706,1.0
2.0,0.0,6.0,1.0,1578.8039215686274,1.0
6.0,0.0,7.0,1.0,1564.9960784313723,1.0
2.0,5.0,6.0,9.0,2050.971813725491,1.0
6.0,5.0,7.0,9.0,1891.8980392156866,1.0
2.0,9.0,6.0,13.0,2109.818137254902,1.0
6.0,9.0,7.0,13.0,2073.7460784313726,1.0
2.0,13.0,6.0,15.0,1702.7254901960785,1.0
6.0,13.0,7.0,15.0,2262.778431372549,1.0
7.0,3.0,8.0,9.0,1630.2254901960778,1.0
7.0,0.0,8.0,3.0,1492.7267973856208,1.0
7.0,10.0,8.0,15.0,1635.8219607843134,1.0
8.0,10.0,9.0,16.0,1120.6366013071897,2.0
8.0,16.0,9.0,19.0,1176.5241830065358,2.0
1.0,16.0,2.0,20.0,719.9392156862746,2.0
2.0,15.0,3.0,16.0,1483.7607843137255,2.0
3.0,15.0,7.0,16.0,1735.958823529412,2.0
7.0,15.0,8.0,16.0,1730.6980392156865,2.0
3.0,16.0,6.0,20.0,1657.204248366013,2.0
2.0,18.0,3.0,20.0,1683.2549019607845,2.0
6.0,19.0,8.0,20.0,1332.7333333333333,2.0
0.0,0.0,1.0,6.0,326.59934640522874,4.0
0.0,6.0,1.0,14.0,318.1200980392157,4.0
0.0,14.0,1.0,20.0,302.35032679738566,4.0
1.0,15.0,2.0,16.0,302.7549019607843,4.0
9.0,5.0,10.0,8.0,160.24183006535947,4.0
9.0,8.0,10.0,16.0,397.3700980392157,4.0
9.0,16.0,10.0,20.0,349.2274509803922,4.0
8.0,19.0,9.0,20.0,85.7925925925926,4.0
7.0,9.0,9.0,10.0,856.1549019607843,4.0
8.0,0.0,9.0,2.0,65.0400871459695,4.0
9.0,0.0,10.0,3.0,15.650326797385619,4.0
9.0,3.0,10.0,5.0,1.016470588235294,5.0
