l_l_m,l_l_n,u_r_m,u_r_n,avg_sal,sal_state
2.0,7.0,3.0,11.0,1850.6205882352945,1.0
3.0,7.0,7.0,11.0,2167.436519607844,1.0
7.0,7.0,8.0,11.0,1168.2666666666667,1.0
2.0,11.0,3.0,15.0,1686.669607843137,1.0
3.0,11.0,7.0,15.0,2229.424754901961,1.0
7.0,11.0,8.0,15.0,1765.327450980392,1.0
2.0,15.0,3.0,19.0,1075.736274509804,1.0
3.0,15.0,7.0,19.0,1988.1490196078432,1.0
7.0,15.0,8.0,19.0,1964.2,1.0
3.0,2.0,5.0,3.0,211.3,2.0
2.0,2.0,3.0,3.0,361.286274509804,2.0
1.0,3.0,2.0,5.0,803.6764705882354,2.0
1.0,5.0,2.0,11.0,878.2738562091504,2.0
1.0,11.0,2.0,14.0,616.440522875817,2.0
2.0,3.0,3.0,7.0,1614.8313725490195,2.0
3.0,3.0,7.0,7.0,1221.2769607843136,2.0
7.0,3.0,8.0,7.0,1094.66568627451,2.0
8.0,13.0,9.0,19.0,948.9960784313727,2.0
8.0,19.0,9.0,20.0,1237.3686274509805,2.0
1.0,18.0,2.0,20.0,357.27450980392166,2.0
2.0,19.0,3.0,20.0,2102.3921568627447,2.0
3.0,19.0,7.0,20.0,2140.94705882353,2.0
7.0,19.0,8.0,20.0,1038.635294117647,2.0
2.0,0.0,4.0,2.0,1171.8137254901962,2.0
1.0,0.0,2.0,2.0,203.15490196078437,2.0
4.0,0.0,5.0,1.0,1890.3568627450986,2.0
5.0,0.0,7.0,1.0,1529.3549019607842,2.0
7.0,0.0,8.0,1.0,474.5882352941177,2.0
9.0,0.0,10.0,6.0,601.0091503267972,4.0
9.0,6.0,10.0,14.0,270.28627450980395,4.0
9.0,14.0,10.0,20.0,473.3418300653595,4.0
7.0,1.0,8.0,3.0,8.398039215686277,4.0
8.0,7.0,9.0,13.0,684.9372549019607,4.0
8.0,1.0,9.0,7.0,849.5,4.0
0.0,0.0,1.0,5.0,369.53803921568635,4.0
0.0,5.0,1.0,13.0,263.87941176470594,4.0
0.0,13.0,1.0,18.0,224.90588235294118,4.0
1.0,2.0,2.0,3.0,25.176470588235286,4.0
1.0,14.0,2.0,18.0,266.56225490196084,4.0
4.0,1.0,5.0,2.0,2.032941176470588,5.0
5.0,1.0,7.0,3.0,70.92156862745098,5.0
-0.0,18.0,1.0,20.0,10.16470588235294,5.0
8.0,0.0,9.0,1.0,1.1294117647058823,5.0
