l_l_m,l_l_n,u_r_m,u_r_n,avg_sal,sal_state
3.0,10.0,7.0,14.0,1762.141911764706,1.0
7.0,10.0,8.0,14.0,1992.243137254902,1.0
3.0,14.0,7.0,18.0,2081.387745098039,1.0
7.0,14.0,8.0,18.0,1940.3343137254901,1.0
3.0,18.0,7.0,20.0,1572.4411764705883,1.0
7.0,18.0,8.0,20.0,1929.7941176470588,1.0
3.0,5.0,7.0,9.0,2052.02818627451,1.0
7.0,5.0,8.0,9.0,2047.7666666666669,1.0
3.0,2.0,7.0,5.0,1503.6473856209152,1.0
7.0,2.0,8.0,5.0,2062.563398692811,1.0
2.0,3.0,3.0,9.0,1005.1712418300654,1.0
6.0,0.0,8.0,2.0,1129.9568627450979,2.0
8.0,1.0,9.0,7.0,1034.2313725490196,2.0
8.0,0.0,9.0,1.0,1415.1215686274509,2.0
8.0,7.0,9.0,13.0,1040.8039215686274,2.0
8.0,13.0,9.0,19.0,1074.6058823529413,2.0
8.0,19.0,9.0,20.0,1467.8745098039215,2.0
1.0,9.0,2.0,11.0,531.6352941176468,2.0
2.0,9.0,3.0,15.0,1116.864052287582,2.0
2.0,15.0,3.0,18.0,839.9045751633986,2.0
3.0,9.0,7.0,10.0,1808.6647058823526,2.0
7.0,9.0,8.0,10.0,1546.2666666666669,2.0
9.0,0.0,10.0,6.0,261.0045751633987,4.0
9.0,6.0,10.0,14.0,276.42696078431374,4.0
9.0,14.0,10.0,20.0,257.06797385620916,4.0
1.0,11.0,2.0,17.0,314.18627450980387,4.0
1.0,17.0,2.0,20.0,321.33986928104576,4.0
2.0,18.0,3.0,20.0,241.88562091503258,4.0
1.0,0.0,3.0,1.0,129.03137254901958,4.0
3.0,0.0,6.0,2.0,264.7019607843137,4.0
1.0,6.0,2.0,9.0,159.64901960784314,4.0
0.0,2.0,1.0,10.0,0.2372549019607843,5.0
0.0,0.0,1.0,2.0,0.0,5.0
1.0,1.0,2.0,6.0,5.08235294117647,5.0
2.0,1.0,3.0,3.0,3.388235294117647,5.0
0.0,10.0,1.0,18.0,0.4857843137254902,5.0
0.0,18.0,1.0,20.0,0.0,5.0
