l_l_m,l_l_n,u_r_m,u_r_n,avg_sal,sal_state
1.0,0.0,2.0,2.0,958.3549019607843,2.0
1.0,3.0,2.0,9.0,680.0660130718953,2.0
2.0,9.0,3.0,13.0,1863.308823529412,1.0
3.0,9.0,7.0,13.0,2248.7338235294123,1.0
7.0,9.0,8.0,13.0,1509.6823529411765,1.0
2.0,5.0,3.0,9.0,2128.5323529411767,1.0
3.0,5.0,7.0,9.0,2168.75637254902,1.0
7.0,5.0,8.0,9.0,1415.2509803921564,1.0
2.0,1.0,3.0,5.0,2140.101960784314,1.0
3.0,1.0,7.0,5.0,2269.8186274509812,1.0
7.0,1.0,8.0,5.0,1217.9049019607844,1.0
2.0,0.0,3.0,1.0,1933.3529411764707,1.0
3.0,0.0,7.0,1.0,1783.728431372549,1.0
7.0,0.0,8.0,1.0,1123.6666666666665,1.0
4.0,18.0,5.0,20.0,1954.7627450980392,1.0
5.0,18.0,7.0,20.0,2078.1607843137253,1.0
7.0,18.0,8.0,20.0,1958.9392156862743,1.0
1.0,12.0,2.0,14.0,711.8392156862745,2.0
2.0,13.0,6.0,14.0,1189.754901960784,2.0
2.0,18.0,4.0,20.0,1283.713725490196,2.0
2.0,14.0,6.0,18.0,1115.7725490196076,2.0
6.0,13.0,8.0,18.0,1700.0976470588234,2.0
8.0,0.0,10.0,6.0,433.55130718954246,4.0
8.0,6.0,10.0,14.0,368.9299019607843,4.0
8.0,14.0,10.0,20.0,902.0535947712417,4.0
1.0,9.0,2.0,12.0,375.481045751634,4.0
1.0,14.0,2.0,20.0,790.4620915032679,4.0
0.0,11.0,1.0,19.0,345.5299019607843,4.0
0.0,19.0,1.0,20.0,360.9607843137255,4.0
0.0,0.0,1.0,6.0,299.7764705882353,4.0
1.0,2.0,2.0,3.0,458.6254901960783,4.0
-0.0,6.0,1.0,10.0,10.16470588235294,5.0
-0.0,10.0,1.0,11.0,10.16470588235294,5.0
