l_l_m,l_l_n,u_r_m,u_r_n,avg_sal,sal_state
4.0,8.0,6.0,12.0,2550.0441176470586,1.0
2.0,6.0,4.0,12.0,1988.9771241830065,2.0
2.0,12.0,4.0,13.0,1365.2745098039215,2.0
6.0,6.0,7.0,12.0,2480.112418300653,2.0
6.0,12.0,7.0,13.0,2276.243137254902,2.0
7.0,6.0,8.0,7.0,2038.007843137255,2.0
7.0,7.0,8.0,13.0,2135.855555555556,2.0
7.0,13.0,8.0,14.0,744.5176470588235,2.0
4.0,6.0,6.0,8.0,2288.436274509804,2.0
4.0,12.0,6.0,13.0,1978.7372549019608,2.0
2.0,14.0,4.0,15.0,2263.0039215686274,1.0
3.0,16.0,7.0,18.0,2586.7392156862743,1.0
4.0,14.0,7.0,16.0,2294.258823529412,2.0
7.0,14.0,8.0,20.0,2096.4908496732032,2.0
2.0,15.0,3.0,20.0,1477.1058823529415,2.0
3.0,15.0,4.0,16.0,1857.156862745098,2.0
3.0,18.0,7.0,20.0,2470.502450980392,2.0
2.0,2.0,3.0,4.0,1480.556862745098,1.0
3.0,2.0,7.0,4.0,2485.3034313725493,1.0
7.0,2.0,8.0,4.0,2317.556862745098,1.0
2.0,0.0,3.0,2.0,1174.8490196078433,2.0
3.0,0.0,7.0,2.0,2284.9745098039216,2.0
7.0,0.0,8.0,2.0,2362.896078431373,2.0
2.0,5.0,3.0,6.0,63.898039215686275,4.0
3.0,5.0,7.0,6.0,85.99215686274509,4.0
7.0,5.0,8.0,6.0,187.3843137254902,4.0
8.0,5.0,9.0,6.0,33.607843137254896,4.0
8.0,6.0,9.0,12.0,124.68823529411765,4.0
8.0,12.0,9.0,14.0,133.58627450980393,4.0
0.0,4.0,2.0,10.0,8.933006535947714,5.0
0.0,0.0,2.0,4.0,0.0,5.0
3.0,4.0,5.0,5.0,72.34313725490195,5.0
2.0,4.0,3.0,5.0,27.329411764705878,5.0
8.0,0.0,9.0,5.0,1.1294117647058823,5.0
9.0,2.0,10.0,10.0,0.0,5.0
9.0,0.0,10.0,2.0,0.0,5.0
5.0,4.0,7.0,5.0,127.04901960784314,5.0
7.0,4.0,8.0,5.0,182.71372549019608,5.0
0.0,10.0,2.0,16.0,10.336928104575165,5.0
0.0,16.0,2.0,20.0,8.549509803921568,5.0
3.0,13.0,5.0,14.0,220.36666666666667,5.0
2.0,13.0,3.0,14.0,164.00392156862742,5.0
5.0,13.0,7.0,14.0,287.57254901960783,5.0
9.0,10.0,10.0,18.0,0.0,5.0
9.0,18.0,10.0,20.0,0.0,5.0
8.0,14.0,9.0,20.0,125.49738562091505,5.0
