l_l_m,l_l_n,u_r_m,u_r_n,avg_sal,sal_state
4.0,6.0,5.0,7.0,2143.603921568628,2.0
5.0,6.0,7.0,7.0,2148.54705882353,2.0
7.0,6.0,8.0,7.0,1797.7098039215687,2.0
3.0,7.0,7.0,11.0,2529.3073529411763,1.0
7.0,7.0,8.0,11.0,2024.9490196078434,1.0
3.0,11.0,7.0,12.0,2528.5901960784313,1.0
7.0,11.0,8.0,12.0,2066.7137254901963,1.0
2.0,7.0,3.0,13.0,1695.045098039216,2.0
3.0,12.0,4.0,13.0,2294.5686274509812,2.0
4.0,12.0,5.0,14.0,1971.7627450980397,2.0
5.0,12.0,7.0,14.0,2147.993137254902,2.0
7.0,12.0,8.0,14.0,2170.154901960784,2.0
2.0,15.0,3.0,16.0,1369.5333333333333,2.0
3.0,15.0,7.0,16.0,2285.0774509803923,2.0
7.0,15.0,8.0,16.0,2207.2000000000007,2.0
2.0,14.0,3.0,15.0,1177.364705882353,1.0
3.0,14.0,7.0,15.0,2564.244117647059,1.0
7.0,14.0,8.0,15.0,2510.105882352941,1.0
2.0,16.0,3.0,20.0,1356.256862745098,1.0
3.0,16.0,7.0,20.0,2482.972794117647,1.0
7.0,16.0,8.0,20.0,2260.114705882353,1.0
2.0,0.0,3.0,2.0,851.0960784313727,1.0
3.0,0.0,7.0,2.0,2031.882843137255,1.0
7.0,0.0,8.0,2.0,2281.9411764705883,1.0
2.0,13.0,4.0,14.0,1077.0941176470587,2.0
1.0,6.0,2.0,12.0,81.09281045751635,4.0
1.0,5.0,2.0,6.0,98.24705882352941,4.0
2.0,5.0,4.0,7.0,603.571568627451,4.0
4.0,5.0,5.0,6.0,134.42352941176472,4.0
5.0,5.0,7.0,6.0,191.5647058823529,4.0
7.0,5.0,8.0,6.0,403.0823529411765,4.0
8.0,5.0,9.0,9.0,110.58725490196078,4.0
8.0,9.0,9.0,15.0,129.16013071895426,4.0
8.0,15.0,9.0,20.0,149.15607843137258,4.0
0.0,2.0,1.0,10.0,0.0,5.0
0.0,0.0,1.0,2.0,0.0,5.0
1.0,0.0,2.0,5.0,5.08235294117647,5.0
3.0,2.0,5.0,5.0,0.0,5.0
2.0,2.0,3.0,5.0,0.0,5.0
8.0,0.0,9.0,5.0,1.1294117647058823,5.0
9.0,2.0,10.0,10.0,0.0,5.0
9.0,0.0,10.0,2.0,0.0,5.0
5.0,2.0,7.0,5.0,3.411111111111111,5.0
7.0,2.0,8.0,5.0,27.184313725490192,5.0
0.0,10.0,1.0,18.0,0.0,5.0
0.0,18.0,1.0,20.0,0.0,5.0
1.0,12.0,2.0,18.0,8.933333333333332,5.0
1.0,18.0,2.0,20.0,11.033333333333335,5.0
9.0,10.0,10.0,18.0,0.0,5.0
9.0,18.0,10.0,20.0,0.0,5.0
