l_l_m,l_l_n,u_r_m,u_r_n,avg_sal,sal_state
5.0,5.0,7.0,6.0,1537.7705882352939,1.0
7.0,5.0,8.0,6.0,1677.5333333333335,1.0
3.0,8.0,7.0,12.0,2512.643382352941,1.0
3.0,14.0,5.0,15.0,2410.3803921568633,1.0
2.0,5.0,3.0,6.0,1161.7725490196076,2.0
2.0,6.0,3.0,12.0,1727.0490196078433,2.0
2.0,12.0,3.0,13.0,1503.113725490196,2.0
7.0,6.0,8.0,7.0,1843.8078431372546,2.0
7.0,7.0,8.0,13.0,1912.1300653594767,2.0
7.0,13.0,8.0,15.0,1938.4960784313728,2.0
3.0,15.0,6.0,16.0,1792.6836601307184,2.0
2.0,16.0,3.0,18.0,1713.7607843137253,2.0
3.0,16.0,7.0,18.0,2159.114705882353,2.0
7.0,16.0,8.0,18.0,1413.335294117647,2.0
2.0,18.0,3.0,20.0,2292.9411764705883,1.0
3.0,18.0,7.0,20.0,2409.0343137254904,1.0
7.0,18.0,8.0,20.0,1266.8568627450982,1.0
2.0,0.0,3.0,2.0,2478.739215686275,1.0
3.0,0.0,7.0,2.0,2518.008333333333,1.0
7.0,0.0,8.0,2.0,1151.0745098039215,1.0
2.0,2.0,4.0,4.0,1337.2754901960784,2.0
4.0,2.0,5.0,3.0,2036.3647058823528,2.0
5.0,2.0,7.0,3.0,1740.5862745098038,2.0
7.0,2.0,8.0,3.0,840.7411764705882,2.0
6.0,15.0,8.0,16.0,2203.2117647058826,2.0
8.0,15.0,9.0,16.0,1094.5294117647059,2.0
8.0,16.0,9.0,17.0,1631.3901960784315,2.0
3.0,12.0,5.0,14.0,557.2180392156862,4.0
5.0,12.0,7.0,15.0,1713.214379084967,4.0
2.0,13.0,3.0,16.0,185.67625272331156,4.0
3.0,5.0,5.0,8.0,520.2130718954248,4.0
5.0,6.0,7.0,8.0,1496.8166666666666,4.0
0.0,4.0,2.0,10.0,35.71372549019608,5.0
0.0,0.0,2.0,4.0,72.70931372549019,5.0
2.0,4.0,4.0,5.0,11.14313725490196,5.0
4.0,3.0,5.0,5.0,2.032941176470588,5.0
8.0,2.0,10.0,10.0,78.52450980392156,5.0
8.0,0.0,10.0,2.0,0.0,5.0
5.0,3.0,7.0,5.0,62.501960784313724,5.0
7.0,3.0,8.0,5.0,45.33725490196079,5.0
0.0,10.0,2.0,16.0,44.879411764705885,5.0
0.0,16.0,2.0,20.0,87.03333333333332,5.0
8.0,10.0,9.0,15.0,1.1294117647058823,5.0
9.0,10.0,10.0,18.0,4.775980392156862,5.0
9.0,18.0,10.0,20.0,0.0,5.0
8.0,17.0,9.0,20.0,1.1294117647058823,5.0
