l_l_m,l_l_n,u_r_m,u_r_n,avg_sal,sal_state
3.0,8.0,7.0,12.0,2561.276715686275,1.0
6.0,5.0,7.0,8.0,1851.2928104575167,2.0
7.0,5.0,8.0,6.0,1080.1098039215685,2.0
7.0,6.0,8.0,12.0,2075.9986928104577,2.0
7.0,12.0,8.0,14.0,1868.8901960784315,2.0
2.0,7.0,3.0,13.0,1590.3718954248368,2.0
2.0,13.0,3.0,14.0,1823.8235294117649,2.0
3.0,6.0,6.0,8.0,2013.0790849673208,2.0
3.0,12.0,7.0,14.0,2215.401960784314,2.0
2.0,14.0,6.0,18.0,2424.070833333333,1.0
6.0,14.0,7.0,18.0,2358.7166666666667,1.0
7.0,14.0,8.0,20.0,1050.8450980392156,2.0
2.0,18.0,6.0,20.0,2298.609313725491,2.0
6.0,18.0,7.0,20.0,1988.045098039216,2.0
2.0,0.0,6.0,4.0,2423.201715686275,1.0
6.0,0.0,7.0,4.0,2328.941176470589,1.0
7.0,0.0,8.0,5.0,1011.0792156862744,2.0
2.0,4.0,6.0,5.0,1804.3745098039215,2.0
6.0,4.0,7.0,5.0,1502.349019607843,2.0
2.0,5.0,6.0,6.0,462.05098039215693,4.0
1.0,6.0,2.0,10.0,82.39117647058823,4.0
1.0,10.0,2.0,16.0,139.05686274509807,4.0
1.0,16.0,2.0,20.0,265.50686274509803,4.0
2.0,6.0,3.0,7.0,219.1633986928105,4.0
8.0,5.0,9.0,6.0,232.78039215686275,4.0
8.0,6.0,9.0,12.0,195.62549019607846,4.0
8.0,12.0,9.0,14.0,89.79019607843138,4.0
1.0,0.0,2.0,5.0,114.80392156862743,4.0
8.0,0.0,9.0,5.0,1.1294117647058823,5.0
9.0,0.0,10.0,6.0,0.0,5.0
9.0,6.0,10.0,14.0,0.0,5.0
9.0,14.0,10.0,20.0,0.0,5.0
8.0,14.0,9.0,20.0,1.7084967320261435,5.0
0.0,0.0,1.0,6.0,0.0,5.0
0.0,6.0,1.0,14.0,0.0,5.0
0.0,14.0,1.0,20.0,0.0,5.0
1.0,5.0,2.0,6.0,5.08235294117647,5.0
