l_l_m,l_l_n,u_r_m,u_r_n,avg_sal,sal_state
3.0,5.0,7.0,7.0,1620.394117647059,1.0
7.0,5.0,8.0,7.0,1772.6921568627454,1.0
3.0,8.0,7.0,11.0,2515.6385620915034,1.0
2.0,18.0,3.0,20.0,2089.513725490196,1.0
3.0,18.0,7.0,20.0,2445.026960784314,1.0
7.0,18.0,8.0,20.0,1618.1156862745095,1.0
2.0,5.0,3.0,6.0,840.7686274509804,2.0
2.0,6.0,3.0,12.0,1664.0189542483658,2.0
2.0,12.0,3.0,13.0,1511.4156862745099,2.0
3.0,7.0,7.0,8.0,2221.5254901960793,2.0
7.0,7.0,8.0,9.0,1989.3901960784315,2.0
7.0,9.0,8.0,15.0,1864.3895424836603,2.0
7.0,15.0,8.0,18.0,1969.734640522876,2.0
2.0,16.0,3.0,18.0,1489.4529411764706,2.0
3.0,11.0,7.0,15.0,2332.10024509804,2.0
3.0,15.0,7.0,18.0,2244.405555555556,2.0
1.0,1.0,2.0,3.0,299.5549019607843,2.0
2.0,3.0,4.0,4.0,649.8509803921569,2.0
2.0,0.0,3.0,3.0,2330.060130718954,1.0
3.0,0.0,7.0,3.0,2339.287254901961,1.0
7.0,0.0,8.0,3.0,1106.1660130718953,1.0
8.0,5.0,9.0,9.0,243.21666666666664,4.0
8.0,9.0,9.0,15.0,345.654248366013,4.0
8.0,15.0,9.0,20.0,269.7662745098039,4.0
0.0,2.0,1.0,10.0,0.0,5.0
0.0,0.0,1.0,2.0,0.0,5.0
1.0,0.0,2.0,1.0,5.08235294117647,5.0
1.0,4.0,2.0,10.0,57.58235294117648,5.0
1.0,3.0,2.0,4.0,72.23529411764707,5.0
2.0,4.0,4.0,5.0,0.0,5.0
4.0,3.0,5.0,5.0,2.032941176470588,5.0
8.0,0.0,9.0,5.0,1.1294117647058823,5.0
9.0,2.0,10.0,10.0,1.077450980392157,5.0
9.0,0.0,10.0,2.0,0.0,5.0
5.0,3.0,7.0,5.0,29.429411764705886,5.0
7.0,3.0,8.0,5.0,4.233333333333333,5.0
0.0,10.0,2.0,16.0,66.07777777777778,5.0
0.0,16.0,2.0,20.0,52.15980392156861,5.0
2.0,13.0,3.0,16.0,3.388235294117647,5.0
9.0,10.0,10.0,18.0,2.5745098039215684,5.0
9.0,18.0,10.0,20.0,0.0,5.0
