l_l_m,l_l_n,u_r_m,u_r_n,avg_sal,sal_state
2.0,13.0,3.0,14.0,1019.3058823529412,2.0
2.0,14.0,3.0,17.0,2279.692810457517,1.0
3.0,14.0,7.0,17.0,2568.7633986928104,1.0
7.0,14.0,8.0,17.0,1663.8496732026142,1.0
3.0,18.0,7.0,19.0,2504.1225490196084,1.0
2.0,17.0,3.0,20.0,1694.1986928104575,2.0
7.0,17.0,8.0,20.0,2020.5215686274512,2.0
3.0,17.0,7.0,18.0,2244.46568627451,2.0
3.0,19.0,7.0,20.0,2446.636274509804,2.0
3.0,0.0,7.0,3.0,2552.966339869281,1.0
7.0,0.0,8.0,3.0,2258.577777777778,1.0
2.0,4.0,3.0,6.0,2306.0039215686274,1.0
3.0,4.0,7.0,6.0,2492.524019607843,1.0
7.0,4.0,8.0,6.0,1609.6,1.0
2.0,0.0,3.0,4.0,1606.5176470588235,2.0
3.0,3.0,7.0,4.0,2233.8696078431376,2.0
7.0,3.0,8.0,4.0,1915.8431372549014,2.0
4.0,8.0,6.0,11.0,2583.0588235294117,1.0
3.0,6.0,4.0,12.0,2358.7261437908496,2.0
6.0,6.0,8.0,12.0,2306.2228758169936,2.0
6.0,12.0,8.0,13.0,2017.5509803921566,2.0
2.0,7.0,3.0,12.0,1563.6713725490195,2.0
5.0,11.0,6.0,13.0,2102.064705882353,2.0
4.0,6.0,6.0,8.0,2260.550980392157,2.0
4.0,11.0,5.0,12.0,2450.4,2.0
8.0,5.0,9.0,6.0,194.94117647058826,4.0
8.0,6.0,9.0,12.0,177.66862745098038,4.0
8.0,12.0,9.0,14.0,191.578431372549,4.0
3.0,13.0,7.0,14.0,500.7107843137255,4.0
7.0,13.0,8.0,14.0,438.2313725490196,4.0
3.0,12.0,5.0,13.0,592.2647058823529,4.0
2.0,12.0,3.0,13.0,454.8941176470588,4.0
0.0,1.0,2.0,7.0,15.747385620915036,5.0
0.0,0.0,2.0,1.0,0.0,5.0
0.0,7.0,2.0,13.0,8.25718954248366,5.0
0.0,13.0,2.0,19.0,15.485947712418302,5.0
0.0,19.0,2.0,20.0,4.594117647058823,5.0
2.0,6.0,3.0,7.0,3.388235294117647,5.0
8.0,0.0,9.0,5.0,1.1294117647058823,5.0
9.0,0.0,10.0,6.0,0.0,5.0
9.0,6.0,10.0,14.0,0.3205882352941176,5.0
9.0,14.0,10.0,20.0,0.0,5.0
8.0,14.0,9.0,20.0,27.12614379084967,5.0
