l_l_m,l_l_n,u_r_m,u_r_n,avg_sal,sal_state
4.0,8.0,6.0,10.0,2542.450980392157,1.0
4.0,11.0,6.0,12.0,2583.456862745097,1.0
4.0,14.0,7.0,15.0,2529.0444444444447,1.0
5.0,7.0,6.0,8.0,1743.5843137254901,2.0
7.0,7.0,8.0,8.0,1957.7137254901959,2.0
7.0,8.0,8.0,14.0,2054.378431372549,2.0
7.0,14.0,8.0,15.0,1110.5686274509803,2.0
2.0,8.0,4.0,9.0,2018.2392156862745,2.0
2.0,9.0,4.0,15.0,2134.322549019608,2.0
2.0,15.0,4.0,17.0,2357.950980392157,2.0
4.0,10.0,6.0,11.0,2552.919607843137,2.0
4.0,12.0,6.0,14.0,2337.692156862745,2.0
6.0,7.0,7.0,13.0,2436.607843137255,2.0
6.0,13.0,7.0,14.0,2312.898039215687,2.0
5.0,15.0,7.0,16.0,2200.866666666667,2.0
3.0,0.0,7.0,1.0,694.5029411764706,2.0
7.0,0.0,8.0,1.0,1228.8666666666666,2.0
2.0,1.0,3.0,6.0,1280.4501960784316,2.0
3.0,6.0,7.0,7.0,1038.8029411764703,2.0
7.0,6.0,8.0,7.0,1638.8627450980393,2.0
3.0,2.0,7.0,6.0,2588.335784313725,1.0
7.0,2.0,8.0,6.0,2514.959803921569,1.0
3.0,1.0,7.0,2.0,2575.828431372549,1.0
7.0,1.0,8.0,2.0,2477.8235294117653,1.0
4.0,16.0,7.0,18.0,2336.6313725490195,1.0
4.0,18.0,7.0,19.0,1719.1947712418305,2.0
2.0,18.0,4.0,20.0,1593.5362745098041,2.0
1.0,18.0,2.0,20.0,797.2058823529413,2.0
2.0,17.0,4.0,18.0,2469.8176470588237,2.0
4.0,15.0,5.0,16.0,2315.768627450981,2.0
1.0,10.0,2.0,16.0,170.678431372549,4.0
1.0,16.0,2.0,18.0,550.4117647058823,4.0
2.0,6.0,3.0,8.0,123.42287581699344,4.0
3.0,7.0,5.0,8.0,287.3898039215686,4.0
8.0,6.0,9.0,7.0,63.92941176470589,4.0
8.0,7.0,9.0,13.0,127.00457516339868,4.0
8.0,13.0,9.0,15.0,95.47647058823529,4.0
7.0,15.0,8.0,19.0,18.52046568627452,4.0
8.0,0.0,9.0,6.0,122.78039215686277,4.0
0.0,0.0,1.0,6.0,0.0,5.0
0.0,6.0,1.0,14.0,0.0,5.0
0.0,14.0,1.0,20.0,0.0,5.0
1.0,4.0,2.0,10.0,13.767973856209151,5.0
1.0,0.0,2.0,4.0,0.0,5.0
2.0,0.0,3.0,1.0,3.388235294117647,5.0
9.0,0.0,10.0,6.0,0.0,5.0
9.0,6.0,10.0,14.0,0.0,5.0
9.0,14.0,10.0,20.0,0.0,5.0
4.0,19.0,5.0,20.0,60.411764705882355,5.0
5.0,19.0,7.0,20.0,3.6647058823529415,5.0
7.0,19.0,8.0,20.0,0.0,5.0
8.0,15.0,9.0,20.0,1.1294117647058823,5.0
