l_l_m,l_l_n,u_r_m,u_r_n,avg_sal,sal_state
4.0,8.0,6.0,12.0,2573.2676470588235,1.0
3.0,14.0,7.0,18.0,2522.8289215686277,1.0
7.0,14.0,8.0,18.0,1914.4352941176473,1.0
2.0,14.0,3.0,20.0,1511.4509803921574,2.0
3.0,18.0,7.0,20.0,1907.2348039215685,2.0
7.0,18.0,8.0,20.0,2261.439215686275,2.0
6.0,6.0,8.0,7.0,1725.9137254901962,2.0
6.0,7.0,8.0,13.0,2345.5062091503264,2.0
6.0,13.0,8.0,14.0,2180.333333333333,2.0
2.0,8.0,4.0,13.0,2020.9815686274508,2.0
4.0,12.0,6.0,13.0,2340.8254901960786,2.0
2.0,0.0,3.0,5.0,895.7168627450981,2.0
3.0,1.0,7.0,5.0,2480.4154411764707,1.0
3.0,0.0,7.0,1.0,2589.013725490196,1.0
7.0,0.0,8.0,6.0,2207.7823529411767,2.0
8.0,0.0,9.0,4.0,487.46568627450966,2.0
2.0,6.0,6.0,8.0,769.4303921568628,4.0
2.0,13.0,6.0,14.0,671.8774509803923,4.0
0.0,1.0,2.0,7.0,0.3839869281045751,5.0
0.0,0.0,2.0,1.0,0.0,5.0
0.0,7.0,2.0,13.0,10.292156862745099,5.0
0.0,13.0,2.0,19.0,26.207843137254912,5.0
0.0,19.0,2.0,20.0,0.0,5.0
2.0,5.0,6.0,6.0,45.68529411764707,5.0
6.0,5.0,7.0,6.0,155.56862745098042,5.0
9.0,0.0,10.0,6.0,0.0,5.0
9.0,6.0,10.0,14.0,0.0,5.0
9.0,14.0,10.0,20.0,0.0,5.0
8.0,4.0,9.0,9.0,125.85960784313723,5.0
8.0,9.0,9.0,15.0,130.16339869281046,5.0
8.0,15.0,9.0,20.0,91.76784313725493,5.0
