l_l_m,l_l_n,u_r_m,u_r_n,avg_sal,sal_state
2.0,12.0,3.0,13.0,455.61176470588236,2.0
3.0,3.0,4.0,4.0,2518.3803921568633,1.0
4.0,3.0,6.0,4.0,2565.2607843137257,1.0
6.0,3.0,7.0,4.0,2266.839215686275,1.0
2.0,8.0,4.0,10.0,2285.432352941177,1.0
4.0,8.0,6.0,10.0,2517.555882352941,1.0
6.0,8.0,8.0,10.0,2190.7460784313726,1.0
2.0,6.0,4.0,8.0,2276.051960784313,1.0
4.0,6.0,6.0,8.0,2506.609803921569,1.0
6.0,6.0,8.0,8.0,2059.7117647058826,1.0
2.0,11.0,3.0,12.0,2046.9176470588238,1.0
2.0,2.0,3.0,6.0,2112.116666666667,2.0
3.0,2.0,4.0,3.0,2234.164705882353,2.0
4.0,2.0,6.0,3.0,1695.2980392156867,2.0
6.0,2.0,7.0,3.0,899.1686274509804,2.0
3.0,4.0,4.0,6.0,2477.772549019608,2.0
4.0,4.0,6.0,6.0,2451.3411764705884,2.0
6.0,4.0,7.0,6.0,2249.282352941176,2.0
2.0,10.0,3.0,11.0,1969.8156862745104,2.0
3.0,10.0,4.0,12.0,2478.8764705882354,2.0
4.0,10.0,6.0,12.0,2460.7892156862745,2.0
6.0,10.0,8.0,12.0,2120.113725490196,2.0
2.0,0.0,4.0,1.0,2333.268627450981,2.0
6.0,0.0,7.0,1.0,1323.4117647058827,2.0
4.0,0.0,6.0,1.0,2320.9745098039207,1.0
1.0,2.0,2.0,6.0,565.8950980392158,4.0
1.0,0.0,2.0,2.0,736.2764705882353,4.0
2.0,1.0,3.0,2.0,855.8941176470589,4.0
3.0,1.0,5.0,2.0,710.0960784313727,4.0
5.0,1.0,7.0,2.0,650.464705882353,4.0
3.0,12.0,5.0,13.0,378.3450980392157,4.0
5.0,12.0,7.0,13.0,547.4627450980391,4.0
7.0,12.0,9.0,13.0,365.40196078431364,4.0
1.0,18.0,3.0,20.0,494.6656862745098,4.0
3.0,19.0,5.0,20.0,413.40980392156877,4.0
7.0,2.0,8.0,6.0,537.1882352941177,4.0
0.0,6.0,1.0,10.0,0.2,5.0
0.0,2.0,1.0,6.0,8.408823529411764,5.0
0.0,0.0,1.0,2.0,4.5588235294117645,5.0
1.0,6.0,2.0,10.0,179.29215686274514,5.0
7.0,0.0,8.0,2.0,1.2705882352941176,5.0
8.0,6.0,10.0,10.0,36.129411764705885,5.0
8.0,2.0,10.0,6.0,14.612254901960785,5.0
8.0,0.0,10.0,2.0,0.0,5.0
0.0,10.0,1.0,14.0,0.0,5.0
0.0,14.0,1.0,18.0,0.0,5.0
0.0,18.0,1.0,20.0,0.0,5.0
1.0,10.0,2.0,14.0,32.304901960784306,5.0
1.0,14.0,2.0,18.0,0.0,5.0
2.0,13.0,3.0,17.0,0.0,5.0
2.0,17.0,3.0,18.0,0.0,5.0
3.0,13.0,5.0,15.0,0.0,5.0
3.0,15.0,5.0,17.0,0.0,5.0
3.0,17.0,5.0,19.0,0.0039215686274509795,5.0
8.0,10.0,9.0,12.0,1.1294117647058823,5.0
9.0,10.0,10.0,14.0,0.0,5.0
9.0,14.0,10.0,18.0,0.0,5.0
9.0,18.0,10.0,20.0,0.0,5.0
5.0,13.0,7.0,17.0,0.0,5.0
7.0,13.0,9.0,17.0,0.023529411764705882,5.0
5.0,17.0,7.0,20.0,0.3640522875816994,5.0
7.0,17.0,9.0,20.0,0.0,5.0
