l_l_m,l_l_n,u_r_m,u_r_n,avg_sal,sal_state
3.0,0.0,7.0,2.0,2541.4426470588237,1.0
7.0,0.0,8.0,2.0,1971.1803921568628,1.0
2.0,4.0,3.0,7.0,1624.058823529412,1.0
3.0,4.0,7.0,7.0,2323.7245098039216,1.0
7.0,4.0,8.0,7.0,2004.1385620915037,1.0
3.0,19.0,7.0,20.0,2512.7980392156865,1.0
7.0,19.0,8.0,20.0,2025.6705882352944,1.0
2.0,0.0,3.0,4.0,1132.0460784313727,2.0
3.0,2.0,7.0,4.0,1762.9343137254905,2.0
7.0,2.0,8.0,4.0,2156.5235294117647,2.0
8.0,3.0,9.0,6.0,276.46797385620914,2.0
2.0,7.0,3.0,8.0,1896.2705882352939,2.0
2.0,8.0,3.0,14.0,1693.7058823529412,2.0
2.0,14.0,3.0,15.0,1136.9450980392155,2.0
6.0,7.0,8.0,10.0,2047.4104575163396,2.0
6.0,10.0,8.0,16.0,1989.322222222223,2.0
6.0,16.0,8.0,19.0,1969.164705882353,2.0
2.0,17.0,3.0,20.0,1399.41045751634,2.0
3.0,9.0,6.0,13.0,2409.2696078431377,2.0
3.0,13.0,6.0,17.0,1921.3045751633988,2.0
3.0,17.0,6.0,19.0,1984.1575163398693,2.0
3.0,7.0,6.0,9.0,2378.773856209151,2.0
8.0,6.0,9.0,10.0,310.64117647058816,4.0
8.0,10.0,9.0,16.0,668.6241830065359,4.0
8.0,16.0,9.0,20.0,788.2147058823529,4.0
9.0,15.0,10.0,17.0,51.17901960784313,4.0
0.0,1.0,2.0,7.0,335.5761437908497,5.0
0.0,0.0,2.0,1.0,180.07254901960786,5.0
0.0,7.0,2.0,13.0,392.42549019607833,5.0
0.0,13.0,2.0,19.0,570.0921568627451,5.0
0.0,19.0,2.0,20.0,339.0372549019608,5.0
2.0,15.0,3.0,17.0,3.388235294117647,5.0
8.0,0.0,9.0,3.0,1.1294117647058823,5.0
9.0,0.0,10.0,3.0,143.45228758169938,5.0
9.0,3.0,10.0,11.0,83.69607843137254,5.0
9.0,11.0,10.0,15.0,309.0245098039216,5.0
9.0,17.0,10.0,20.0,1.016470588235294,5.0
