l_l_m,l_l_n,u_r_m,u_r_n,avg_sal,sal_state
3.0,6.0,7.0,10.0,2358.480882352941,1.0
3.0,5.0,7.0,6.0,1851.9745098039216,1.0
3.0,11.0,7.0,15.0,2295.7188725490196,1.0
2.0,18.0,3.0,20.0,2226.4117647058824,1.0
3.0,18.0,7.0,20.0,2517.1779411764705,1.0
7.0,18.0,8.0,20.0,1474.127450980392,1.0
7.0,6.0,8.0,12.0,1698.4705882352937,2.0
7.0,3.0,8.0,6.0,1586.8901960784315,2.0
8.0,3.0,9.0,6.0,649.6026143790848,2.0
3.0,15.0,7.0,18.0,2146.047712418301,2.0
7.0,13.0,8.0,18.0,1549.0141176470588,2.0
2.0,5.0,3.0,8.0,994.1385620915034,2.0
2.0,8.0,3.0,14.0,1673.642483660131,2.0
2.0,14.0,3.0,18.0,1912.3264705882355,2.0
3.0,10.0,7.0,11.0,2156.679411764706,2.0
2.0,0.0,3.0,2.0,2282.8470588235296,2.0
3.0,0.0,7.0,2.0,2528.4911764705885,1.0
7.0,0.0,8.0,2.0,1410.9745098039216,1.0
2.0,2.0,3.0,3.0,2345.8117647058825,1.0
3.0,2.0,6.0,5.0,1551.7873638344226,2.0
2.0,3.0,3.0,5.0,1481.0588235294117,2.0
6.0,2.0,8.0,3.0,1585.1862745098038,2.0
6.0,3.0,7.0,4.0,1381.0725490196078,2.0
1.0,4.0,2.0,9.0,300.58352941176474,4.0
1.0,9.0,2.0,15.0,461.32418300653603,4.0
1.0,15.0,2.0,20.0,221.49098039215687,4.0
-0.0,10.0,1.0,16.0,61.37843137254902,4.0
8.0,6.0,9.0,8.0,469.82549019607836,4.0
8.0,8.0,9.0,14.0,227.7888888888889,4.0
8.0,14.0,9.0,17.0,50.613071895424845,4.0
7.0,12.0,8.0,13.0,98.56176470588235,4.0
1.0,0.0,2.0,4.0,67.69960784313726,4.0
8.0,0.0,9.0,3.0,1.1294117647058823,5.0
9.0,0.0,10.0,6.0,0.4496732026143791,5.0
9.0,6.0,10.0,14.0,5.64656862745098,5.0
9.0,14.0,10.0,20.0,0.0,5.0
8.0,17.0,9.0,20.0,1.1294117647058823,5.0
0.0,2.0,1.0,10.0,9.299019607843137,5.0
0.0,0.0,1.0,2.0,0.0,5.0
-0.0,16.0,1.0,20.0,10.16470588235294,5.0
6.0,4.0,7.0,5.0,1.4521008403361344,5.0
