l_l_m,l_l_n,u_r_m,u_r_n,avg_sal,sal_state
2.0,19.0,4.0,20.0,2056.460784313725,2.0
4.0,19.0,6.0,20.0,2238.252941176471,2.0
6.0,19.0,8.0,20.0,2015.372549019608,2.0
2.0,2.0,4.0,4.0,2002.3990196078437,1.0
4.0,2.0,6.0,4.0,2493.55,1.0
6.0,2.0,8.0,4.0,2313.5039215686274,1.0
2.0,0.0,4.0,2.0,2061.0137254901965,1.0
4.0,0.0,6.0,2.0,2487.449019607843,1.0
6.0,0.0,8.0,2.0,2231.641176470588,1.0
4.0,7.0,6.0,8.0,2438.801960784314,1.0
6.0,7.0,7.0,8.0,2399.364705882353,1.0
4.0,8.0,6.0,10.0,2444.350000000001,1.0
6.0,8.0,7.0,10.0,2335.227450980392,1.0
4.0,10.0,6.0,12.0,2401.0715686274507,1.0
6.0,10.0,7.0,12.0,2262.7705882352943,1.0
2.0,15.0,4.0,17.0,2081.6558823529413,1.0
4.0,15.0,6.0,17.0,2416.027450980392,1.0
6.0,15.0,8.0,17.0,2150.9627450980392,1.0
2.0,17.0,4.0,19.0,2373.041176470588,1.0
4.0,17.0,6.0,19.0,2577.8235294117653,1.0
6.0,17.0,8.0,19.0,2124.877450980392,1.0
8.0,3.0,9.0,5.0,573.1431372549023,2.0
8.0,12.0,9.0,14.0,650.6254901960783,2.0
2.0,4.0,4.0,7.0,1750.677777777778,2.0
2.0,7.0,4.0,11.0,1840.1514705882355,2.0
2.0,11.0,4.0,15.0,1755.8970588235293,2.0
7.0,8.0,8.0,12.0,1866.2372549019608,2.0
7.0,4.0,8.0,8.0,2004.4921568627453,2.0
4.0,5.0,6.0,7.0,2024.8823529411768,2.0
6.0,5.0,7.0,7.0,2265.8411764705884,2.0
4.0,4.0,6.0,5.0,2428.305882352941,2.0
6.0,4.0,7.0,5.0,2418.7137254901963,2.0
4.0,12.0,5.0,15.0,1951.1516339869281,2.0
5.0,12.0,7.0,15.0,1879.8921568627454,2.0
7.0,12.0,8.0,15.0,2006.1006535947715,2.0
1.0,4.0,2.0,8.0,441.3235294117648,4.0
1.0,0.0,2.0,4.0,136.71372549019608,4.0
1.0,8.0,2.0,12.0,517.2990196078431,4.0
1.0,12.0,2.0,16.0,524.8333333333334,4.0
1.0,16.0,2.0,20.0,209.2676470588235,4.0
-0.0,12.0,1.0,14.0,162.58431372549018,4.0
8.0,8.0,9.0,12.0,524.5,4.0
8.0,5.0,9.0,8.0,569.7699346405228,4.0
9.0,12.0,10.0,15.0,34.28875816993465,4.0
8.0,14.0,9.0,17.0,47.55715323166304,4.0
8.0,0.0,9.0,3.0,39.273928830791576,4.0
9.0,8.0,10.0,12.0,186.15980392156865,5.0
9.0,4.0,10.0,8.0,218.11176470588236,5.0
9.0,0.0,10.0,4.0,158.96764705882353,5.0
0.0,8.0,1.0,12.0,151.40882352941176,5.0
0.0,4.0,1.0,8.0,39.26470588235294,5.0
0.0,0.0,1.0,4.0,0.0,5.0
9.0,15.0,10.0,19.0,137.8862745098039,5.0
9.0,19.0,10.0,20.0,32.596078431372554,5.0
8.0,17.0,9.0,20.0,1.1294117647058823,5.0
0.0,14.0,1.0,18.0,3.8647058823529408,5.0
0.0,18.0,1.0,20.0,0.0,5.0
