l_l_m,l_l_n,u_r_m,u_r_n,avg_sal,sal_state
2.0,6.0,4.0,7.0,1528.1843137254905,2.0
4.0,6.0,6.0,7.0,2053.1725490196077,2.0
6.0,6.0,8.0,7.0,2224.035294117647,2.0
2.0,9.0,4.0,10.0,1831.9,2.0
4.0,9.0,6.0,10.0,2411.6980392156865,2.0
6.0,9.0,8.0,10.0,2375.378431372549,2.0
2.0,7.0,4.0,9.0,1990.3754901960785,1.0
4.0,7.0,6.0,9.0,2550.114705882353,1.0
6.0,7.0,8.0,9.0,2414.019607843137,1.0
2.0,10.0,4.0,12.0,1908.7196078431373,1.0
4.0,10.0,6.0,12.0,2467.6274509803925,1.0
6.0,10.0,8.0,12.0,2415.089215686275,1.0
2.0,12.0,4.0,14.0,1900.058823529412,1.0
4.0,12.0,6.0,14.0,2421.4705882352937,1.0
6.0,12.0,8.0,14.0,2394.4745098039216,1.0
2.0,14.0,4.0,15.0,2038.594117647059,1.0
4.0,14.0,6.0,15.0,2494.8490196078437,1.0
6.0,14.0,8.0,15.0,2386.782352941176,1.0
2.0,16.0,3.0,18.0,1896.8960784313726,1.0
3.0,16.0,5.0,18.0,2396.6500000000005,1.0
5.0,16.0,7.0,18.0,2461.0843137254906,1.0
2.0,18.0,3.0,20.0,1723.4019607843136,1.0
3.0,18.0,5.0,20.0,2509.9039215686275,1.0
5.0,18.0,7.0,20.0,2536.595098039216,1.0
3.0,4.0,4.0,6.0,1532.7431372549024,1.0
4.0,4.0,6.0,6.0,1740.8794117647058,1.0
6.0,4.0,8.0,6.0,2029.9343137254905,1.0
2.0,5.0,3.0,6.0,1165.3411764705882,1.0
2.0,15.0,3.0,16.0,1735.0549019607847,2.0
3.0,15.0,5.0,16.0,2333.9000000000005,2.0
5.0,15.0,7.0,16.0,2369.894117647059,2.0
7.0,15.0,8.0,19.0,1870.7294117647061,2.0
7.0,19.0,8.0,20.0,1830.1254901960785,2.0
2.0,1.0,4.0,3.0,1774.2970588235294,2.0
4.0,1.0,6.0,3.0,2356.6598039215687,2.0
6.0,1.0,8.0,3.0,2196.8686274509805,2.0
2.0,0.0,4.0,1.0,2145.83137254902,2.0
4.0,0.0,6.0,1.0,2448.6725490196077,2.0
6.0,0.0,8.0,1.0,2029.03137254902,2.0
5.0,3.0,7.0,4.0,854.2921568627451,2.0
7.0,3.0,9.0,4.0,1215.8137254901962,2.0
8.0,6.0,9.0,10.0,136.58627450980393,4.0
8.0,4.0,9.0,6.0,143.5137254901961,4.0
8.0,10.0,9.0,14.0,99.52549019607844,4.0
8.0,14.0,9.0,18.0,68.57843137254902,4.0
8.0,18.0,9.0,20.0,143.05490196078432,4.0
0.0,4.0,2.0,8.0,1.9995098039215684,5.0
0.0,0.0,2.0,4.0,36.78774509803922,5.0
0.0,8.0,2.0,12.0,2.975,5.0
0.0,12.0,2.0,16.0,10.584313725490196,5.0
0.0,16.0,2.0,20.0,57.28725490196079,5.0
2.0,3.0,3.0,5.0,3.388235294117647,5.0
3.0,3.0,5.0,4.0,105.92745098039215,5.0
8.0,0.0,9.0,3.0,1.1294117647058823,5.0
9.0,4.0,10.0,8.0,0.0,5.0
9.0,0.0,10.0,4.0,0.0,5.0
9.0,8.0,10.0,12.0,0.0,5.0
9.0,12.0,10.0,16.0,0.0,5.0
9.0,16.0,10.0,20.0,0.0,5.0
