l_l_m,l_l_n,u_r_m,u_r_n,avg_sal,sal_state
3.0,8.0,7.0,12.0,2569.4191176470586,1.0
3.0,12.0,7.0,13.0,2343.9774509803924,1.0
2.0,6.0,3.0,7.0,886.9960784313727,2.0
2.0,7.0,3.0,13.0,1947.626797385621,2.0
2.0,13.0,3.0,14.0,1755.764705882353,2.0
3.0,7.0,7.0,8.0,2264.070588235294,2.0
7.0,7.0,8.0,13.0,1677.358823529412,2.0
3.0,13.0,4.0,14.0,1180.207843137255,2.0
3.0,6.0,7.0,7.0,293.94019607843137,4.0
7.0,6.0,8.0,7.0,360.91372549019616,4.0
8.0,6.0,9.0,7.0,62.917647058823526,4.0
8.0,7.0,9.0,13.0,127.56666666666668,4.0
8.0,13.0,9.0,14.0,106.32941176470587,4.0
7.0,14.0,8.0,15.0,2.039705882352941,4.0
4.0,13.0,5.0,14.0,616.843137254902,4.0
5.0,13.0,7.0,14.0,512.3725490196078,4.0
7.0,13.0,8.0,14.0,628.913725490196,4.0
1.0,6.0,2.0,7.0,179.05098039215687,4.0
1.0,7.0,2.0,13.0,263.4307189542484,4.0
1.0,13.0,2.0,15.0,305.40980392156865,4.0
2.0,14.0,4.0,15.0,123.51568627450979,4.0
0.0,2.0,1.0,10.0,0.0,5.0
0.0,0.0,1.0,2.0,0.0,5.0
3.0,0.0,5.0,6.0,0.0,5.0
1.0,0.0,3.0,6.0,0.0,5.0
5.0,0.0,7.0,6.0,0.0,5.0
7.0,0.0,9.0,6.0,0.0,5.0
9.0,2.0,10.0,10.0,0.0,5.0
9.0,0.0,10.0,2.0,0.0,5.0
0.0,10.0,1.0,18.0,0.0,5.0
0.0,18.0,1.0,20.0,0.0,5.0
2.0,15.0,4.0,20.0,0.0,5.0
1.0,15.0,2.0,20.0,0.0,5.0
4.0,14.0,5.0,18.0,0.1196078431372549,5.0
4.0,18.0,5.0,20.0,0.0,5.0
9.0,10.0,10.0,18.0,0.0,5.0
9.0,18.0,10.0,20.0,0.0,5.0
5.0,14.0,7.0,20.0,0.00980392156862745,5.0
7.0,15.0,8.0,20.0,1.2705882352941176,5.0
8.0,14.0,9.0,20.0,0.6771241830065359,5.0
