l_l_m,l_l_n,u_r_m,u_r_n,avg_sal,sal_state
3.0,8.0,7.0,12.0,2482.154656862745,1.0
3.0,12.0,7.0,13.0,2423.346078431373,1.0
3.0,14.0,7.0,16.0,2542.1264705882354,1.0
7.0,14.0,8.0,16.0,2044.4803921568628,1.0
3.0,19.0,7.0,20.0,2428.0715686274507,1.0
8.0,7.0,9.0,8.0,451.0,2.0
2.0,6.0,3.0,10.0,1234.4411764705885,2.0
2.0,10.0,3.0,16.0,1443.2032679738559,2.0
2.0,16.0,3.0,20.0,1985.163725490196,2.0
3.0,6.0,7.0,8.0,1782.856862745098,2.0
7.0,1.0,8.0,2.0,953.6627450980393,2.0
3.0,0.0,7.0,3.0,2408.2013071895426,1.0
2.0,0.0,3.0,3.0,2258.905882352941,2.0
2.0,4.0,3.0,5.0,741.7882352941176,2.0
4.0,3.0,6.0,4.0,1426.0313725490196,2.0
2.0,3.0,4.0,4.0,2018.5039215686277,2.0
1.0,3.0,2.0,4.0,619.078431372549,2.0
3.0,16.0,7.0,19.0,1620.6686274509805,4.0
7.0,16.0,8.0,20.0,110.04497549019608,4.0
6.0,5.0,7.0,6.0,15.690756302521008,4.0
8.0,5.0,9.0,7.0,18.840087145969502,4.0
8.0,8.0,9.0,13.0,41.90204793028322,4.0
3.0,13.0,7.0,14.0,1394.2774509803924,4.0
7.0,13.0,8.0,14.0,1547.0666666666666,4.0
7.0,5.0,8.0,6.0,240.756862745098,4.0
7.0,6.0,8.0,12.0,1346.7209150326794,4.0
7.0,12.0,8.0,13.0,1318.580392156863,4.0
0.0,2.0,1.0,10.0,0.0,5.0
0.0,0.0,1.0,2.0,0.9176470588235294,5.0
1.0,0.0,2.0,3.0,5.08235294117647,5.0
1.0,4.0,2.0,10.0,207.92810457516342,5.0
2.0,5.0,3.0,6.0,3.388235294117647,5.0
3.0,4.0,5.0,6.0,4.065882352941176,5.0
7.0,0.0,8.0,1.0,1.2705882352941176,5.0
9.0,2.0,10.0,10.0,2.9980392156862745,5.0
9.0,0.0,10.0,2.0,0.0,5.0
5.0,4.0,6.0,6.0,1.6941176470588235,5.0
6.0,3.0,7.0,5.0,1.4521008403361344,5.0
7.0,1.0,8.0,5.0,0.9529411764705882,5.0
8.0,0.0,9.0,5.0,1.1294117647058823,5.0
0.0,10.0,2.0,16.0,83.18104575163399,5.0
0.0,16.0,2.0,20.0,181.5647058823529,5.0
9.0,10.0,10.0,18.0,5.296078431372549,5.0
9.0,18.0,10.0,20.0,0.0,5.0
8.0,13.0,9.0,19.0,177.8843137254902,5.0
8.0,19.0,9.0,20.0,17.46666666666667,5.0
