l_l_m,l_l_n,u_r_m,u_r_n,avg_sal,sal_state
3.0,4.0,7.0,5.0,2322.35,1.0
3.0,8.0,7.0,11.0,2504.635294117647,1.0
3.0,15.0,7.0,16.0,2465.9225490196077,1.0
2.0,17.0,3.0,20.0,2362.996078431373,1.0
3.0,17.0,7.0,20.0,2411.7781045751635,1.0
7.0,17.0,8.0,20.0,1341.4810457516342,1.0
3.0,5.0,7.0,8.0,2399.3088235294117,2.0
7.0,4.0,8.0,7.0,1369.4352941176473,2.0
7.0,7.0,8.0,13.0,1779.8418300653595,2.0
7.0,13.0,8.0,16.0,939.0718954248364,2.0
1.0,15.0,3.0,17.0,1540.6490196078432,2.0
3.0,16.0,7.0,17.0,1803.0019607843133,2.0
2.0,0.0,3.0,2.0,2385.996078431373,1.0
3.0,0.0,7.0,2.0,2450.694607843137,1.0
7.0,0.0,8.0,2.0,1329.7588235294118,1.0
1.0,2.0,2.0,7.0,134.99843137254902,4.0
2.0,2.0,3.0,5.0,834.749019607843,4.0
2.0,5.0,3.0,11.0,1090.2183006535943,4.0
2.0,11.0,3.0,15.0,1099.3235294117646,4.0
3.0,3.0,7.0,4.0,372.9176470588235,4.0
3.0,11.0,7.0,15.0,1481.1698529411765,4.0
1.0,13.0,2.0,15.0,126.08823529411768,4.0
8.0,0.0,10.0,6.0,13.622222222222224,5.0
8.0,6.0,10.0,14.0,48.103186274509795,5.0
8.0,14.0,10.0,20.0,0.2620915032679739,5.0
7.0,16.0,8.0,17.0,1.2705882352941176,5.0
3.0,2.0,7.0,3.0,72.26862745098039,5.0
7.0,2.0,8.0,4.0,1.2705882352941176,5.0
0.0,0.0,1.0,6.0,0.0,5.0
0.0,6.0,1.0,14.0,0.0,5.0
0.0,14.0,1.0,20.0,0.0,5.0
1.0,0.0,2.0,2.0,5.08235294117647,5.0
1.0,7.0,2.0,13.0,183.87581699346404,5.0
1.0,17.0,2.0,20.0,5.08235294117647,5.0
