l_l_m,l_l_n,u_r_m,u_r_n,avg_sal,sal_state
2.0,11.0,3.0,13.0,1962.2392156862745,2.0
3.0,11.0,7.0,13.0,2300.3617647058827,2.0
7.0,11.0,8.0,13.0,1715.9058823529413,2.0
2.0,1.0,6.0,4.0,2086.5055555555555,1.0
2.0,7.0,3.0,11.0,2065.864705882353,1.0
3.0,7.0,7.0,11.0,2525.5463235294123,1.0
7.0,7.0,8.0,11.0,1694.8205882352945,1.0
2.0,5.0,3.0,7.0,2126.9039215686275,1.0
3.0,5.0,7.0,7.0,2457.846568627451,1.0
7.0,5.0,8.0,7.0,1631.549019607843,1.0
6.0,1.0,8.0,5.0,1714.5558823529416,2.0
2.0,4.0,6.0,5.0,2381.598039215686,2.0
2.0,13.0,3.0,15.0,2271.088235294118,1.0
3.0,13.0,7.0,15.0,2465.154901960784,1.0
7.0,13.0,8.0,15.0,1520.7019607843138,1.0
1.0,0.0,2.0,5.0,107.72627450980393,4.0
1.0,5.0,2.0,11.0,116.19607843137254,4.0
1.0,11.0,2.0,16.0,52.287843137254896,4.0
2.0,0.0,3.0,1.0,12.264052287581695,4.0
2.0,15.0,3.0,16.0,153.23921568627452,4.0
3.0,15.0,7.0,16.0,93.31960784313728,4.0
7.0,15.0,8.0,16.0,29.45882352941177,4.0
8.0,2.0,9.0,5.0,67.50718954248366,4.0
8.0,5.0,9.0,11.0,91.2830065359477,4.0
8.0,11.0,9.0,14.0,90.04183006535948,4.0
0.0,2.0,1.0,10.0,0.0,5.0
0.0,0.0,1.0,2.0,0.0,5.0
3.0,0.0,5.0,1.0,4.065882352941176,5.0
5.0,0.0,7.0,1.0,0.0,5.0
7.0,0.0,8.0,1.0,0.0,5.0
9.0,2.0,10.0,10.0,0.0,5.0
9.0,0.0,10.0,2.0,0.0,5.0
8.0,0.0,9.0,2.0,1.1294117647058823,5.0
0.0,10.0,1.0,18.0,0.0,5.0
0.0,18.0,1.0,20.0,0.0,5.0
3.0,16.0,5.0,20.0,0.0,5.0
1.0,16.0,3.0,20.0,0.0,5.0
9.0,10.0,10.0,18.0,0.0,5.0
9.0,18.0,10.0,20.0,0.0,5.0
5.0,16.0,7.0,20.0,0.0,5.0
7.0,16.0,8.0,20.0,0.0,5.0
8.0,14.0,9.0,20.0,0.0,5.0
