l_l_m,l_l_n,u_r_m,u_r_n,avg_sal,sal_state
3.0,7.0,6.0,11.0,2518.429738562092,1.0
3.0,11.0,6.0,12.0,2428.768627450981,1.0
2.0,5.0,3.0,6.0,1552.0784313725492,2.0
2.0,6.0,3.0,12.0,1852.9908496732032,2.0
2.0,12.0,3.0,14.0,1560.0254901960784,2.0
3.0,6.0,6.0,7.0,2123.839215686275,2.0
6.0,6.0,8.0,12.0,1929.3143790849679,2.0
6.0,12.0,8.0,13.0,1726.2862745098041,2.0
1.0,12.0,2.0,14.0,887.8666666666666,2.0
3.0,12.0,6.0,13.0,1725.5699346405233,2.0
3.0,14.0,7.0,18.0,2277.368382352941,1.0
3.0,13.0,7.0,14.0,1069.794117647059,2.0
7.0,13.0,8.0,19.0,1978.0934640522878,2.0
7.0,19.0,8.0,20.0,1253.4666666666667,2.0
4.0,18.0,6.0,19.0,1516.7843137254902,2.0
6.0,18.0,7.0,20.0,1379.1078431372546,2.0
1.0,6.0,2.0,12.0,439.1869281045752,4.0
1.0,4.0,2.0,6.0,586.7960784313725,4.0
8.0,4.0,9.0,9.0,369.1074509803922,4.0
8.0,9.0,9.0,15.0,539.086274509804,4.0
8.0,15.0,9.0,20.0,864.4101960784312,4.0
9.0,12.0,10.0,20.0,238.4676470588236,4.0
-0.0,11.0,1.0,14.0,34.97254901960784,4.0
2.0,4.0,3.0,5.0,21.14117647058824,4.0
3.0,4.0,7.0,6.0,546.3215686274509,4.0
7.0,4.0,8.0,6.0,665.5921568627451,4.0
1.0,14.0,2.0,15.0,82.86078431372547,4.0
2.0,14.0,3.0,20.0,747.1359477124182,4.0
3.0,18.0,4.0,20.0,200.6700980392157,4.0
4.0,19.0,6.0,20.0,148.9699346405229,4.0
0.0,3.0,1.0,11.0,37.15294117647059,5.0
0.0,0.0,1.0,3.0,0.0,5.0
9.0,4.0,10.0,12.0,11.762745098039215,5.0
9.0,0.0,10.0,4.0,1.0049019607843137,5.0
1.0,0.0,3.0,4.0,0.0,5.0
3.0,0.0,7.0,4.0,0.0,5.0
7.0,0.0,9.0,4.0,97.678431372549,5.0
-0.0,14.0,1.0,20.0,10.16470588235294,5.0
1.0,15.0,2.0,20.0,5.08235294117647,5.0
