l_l_m,l_l_n,u_r_m,u_r_n,avg_sal,sal_state
2.0,8.0,6.0,12.0,2359.5593137254905,1.0
6.0,8.0,7.0,12.0,2349.168627450981,1.0
2.0,4.0,6.0,8.0,2129.5568627450984,1.0
6.0,4.0,7.0,8.0,2005.801960784314,1.0
2.0,3.0,6.0,4.0,1714.7186274509804,1.0
6.0,3.0,7.0,4.0,1367.8274509803925,1.0
2.0,13.0,4.0,15.0,1782.391176470588,1.0
6.0,13.0,8.0,14.0,1940.1921568627447,1.0
7.0,3.0,8.0,5.0,840.9156862745098,2.0
7.0,5.0,8.0,11.0,1431.0104575163398,2.0
7.0,11.0,8.0,13.0,1595.6529411764707,2.0
6.0,14.0,7.0,15.0,829.9450980392157,2.0
4.0,13.0,6.0,15.0,1639.0156862745102,2.0
2.0,12.0,6.0,13.0,2234.3490196078437,2.0
6.0,12.0,7.0,13.0,2310.8235294117653,2.0
1.0,3.0,2.0,6.0,284.3607843137256,4.0
1.0,6.0,2.0,12.0,369.1359477124183,4.0
1.0,12.0,2.0,16.0,246.76372549019607,4.0
2.0,15.0,4.0,16.0,34.017647058823535,4.0
8.0,5.0,9.0,7.0,29.97450980392157,4.0
8.0,7.0,9.0,13.0,155.9078431372549,4.0
8.0,13.0,9.0,15.0,106.09411764705881,4.0
7.0,14.0,8.0,15.0,55.084313725490205,4.0
0.0,2.0,1.0,10.0,6.540686274509803,5.0
0.0,0.0,1.0,2.0,0.0,5.0
3.0,0.0,5.0,3.0,1.9117647058823528,5.0
1.0,0.0,3.0,3.0,4.735947712418301,5.0
5.0,0.0,7.0,3.0,0.006535947712418301,5.0
7.0,0.0,8.0,3.0,0.0,5.0
9.0,2.0,10.0,10.0,0.0,5.0
9.0,0.0,10.0,2.0,0.0,5.0
8.0,0.0,9.0,5.0,1.1294117647058823,5.0
0.0,10.0,1.0,18.0,4.031372549019608,5.0
0.0,18.0,1.0,20.0,0.0,5.0
2.0,16.0,4.0,20.0,0.0,5.0
1.0,16.0,2.0,20.0,0.0,5.0
4.0,15.0,5.0,19.0,3.750980392156863,5.0
4.0,19.0,5.0,20.0,0.0,5.0
9.0,10.0,10.0,18.0,0.0,5.0
9.0,18.0,10.0,20.0,0.0,5.0
5.0,15.0,7.0,20.0,1.7698039215686276,5.0
7.0,15.0,9.0,20.0,0.24039215686274504,5.0
