l_l_m,l_l_n,u_r_m,u_r_n,avg_sal,sal_state
2.0,3.0,3.0,4.0,1468.0117647058826,2.0
3.0,3.0,7.0,4.0,2079.5215686274514,2.0
7.0,3.0,8.0,4.0,1887.2666666666667,2.0
2.0,16.0,3.0,17.0,2040.5294117647054,2.0
3.0,16.0,7.0,17.0,2272.9705882352946,2.0
7.0,16.0,8.0,17.0,1564.2196078431373,2.0
2.0,4.0,3.0,8.0,2021.1068627450986,1.0
3.0,4.0,7.0,8.0,2485.9218137254898,1.0
7.0,4.0,8.0,8.0,1841.686274509804,1.0
2.0,8.0,3.0,12.0,2048.307843137255,1.0
3.0,8.0,7.0,12.0,2498.046568627451,1.0
7.0,8.0,8.0,12.0,1714.7401960784314,1.0
2.0,12.0,3.0,16.0,2024.193137254902,1.0
3.0,12.0,7.0,16.0,2458.1492647058826,1.0
7.0,12.0,8.0,16.0,1667.4156862745099,1.0
2.0,0.0,3.0,3.0,1153.8235294117646,1.0
3.0,0.0,7.0,3.0,2461.5526143790853,1.0
7.0,0.0,8.0,3.0,2474.577777777778,1.0
2.0,17.0,3.0,20.0,1389.5529411764705,1.0
3.0,17.0,7.0,20.0,2386.109477124183,1.0
7.0,17.0,8.0,20.0,2263.866666666667,1.0
1.0,7.0,2.0,9.0,51.98823529411764,4.0
1.0,9.0,2.0,15.0,75.63333333333333,4.0
1.0,15.0,2.0,18.0,58.22091503267973,4.0
8.0,0.0,10.0,6.0,27.255228758169928,5.0
8.0,6.0,10.0,14.0,18.17745098039216,5.0
8.0,14.0,10.0,20.0,28.76078431372549,5.0
0.0,0.0,1.0,6.0,0.0,5.0
0.0,6.0,1.0,14.0,0.0,5.0
0.0,14.0,1.0,20.0,0.0,5.0
1.0,1.0,2.0,7.0,15.597385620915034,5.0
1.0,0.0,2.0,1.0,0.0,5.0
1.0,18.0,2.0,20.0,5.08235294117647,5.0
