l_l_m,l_l_n,u_r_m,u_r_n,avg_sal,sal_state
3.0,7.0,7.0,11.0,2510.33161764706,1.0
2.0,13.0,3.0,17.0,1368.1294117647058,1.0
3.0,13.0,7.0,17.0,2202.770833333333,1.0
7.0,13.0,8.0,17.0,2111.694117647059,1.0
2.0,1.0,3.0,5.0,1988.9058823529413,1.0
3.0,2.0,7.0,5.0,2550.7712418300657,1.0
7.0,2.0,8.0,5.0,1820.725490196079,1.0
2.0,0.0,4.0,1.0,530.6117647058824,2.0
3.0,1.0,7.0,2.0,2193.892156862745,2.0
7.0,1.0,8.0,2.0,1398.8156862745095,2.0
2.0,5.0,3.0,6.0,2113.666666666667,2.0
2.0,6.0,3.0,12.0,1804.9032679738566,2.0
2.0,12.0,3.0,13.0,1686.7764705882355,2.0
7.0,5.0,8.0,6.0,1535.529411764706,2.0
7.0,6.0,8.0,12.0,1620.0915032679736,2.0
7.0,12.0,8.0,13.0,2037.3215686274511,2.0
3.0,5.0,7.0,7.0,2127.8583333333336,2.0
3.0,11.0,7.0,13.0,2281.142156862745,2.0
1.0,0.0,2.0,4.0,88.89411764705883,4.0
1.0,4.0,2.0,10.0,323.2745098039216,4.0
1.0,10.0,2.0,14.0,232.92058823529408,4.0
8.0,1.0,9.0,6.0,82.30666666666666,4.0
8.0,6.0,9.0,12.0,162.39673202614378,4.0
8.0,12.0,9.0,17.0,83.63686274509804,4.0
4.0,0.0,5.0,1.0,226.5450980392157,4.0
5.0,0.0,7.0,1.0,184.43137254901958,4.0
7.0,0.0,8.0,1.0,108.55294117647058,4.0
0.0,2.0,1.0,10.0,9.317647058823527,5.0
0.0,0.0,1.0,2.0,0.0,5.0
8.0,0.0,9.0,1.0,1.1294117647058823,5.0
9.0,2.0,10.0,10.0,0.0,5.0
9.0,0.0,10.0,2.0,0.0,5.0
0.0,10.0,1.0,18.0,2.0,5.0
0.0,18.0,1.0,20.0,0.0,5.0
1.0,14.0,2.0,20.0,0.1568627450980392,5.0
3.0,17.0,5.0,20.0,0.9437908496732028,5.0
2.0,17.0,3.0,20.0,0.015686274509803918,5.0
9.0,10.0,10.0,18.0,0.0,5.0
9.0,18.0,10.0,20.0,0.0,5.0
5.0,17.0,7.0,20.0,3.3490196078431373,5.0
7.0,17.0,9.0,20.0,3.2673202614379084,5.0
