l_l_m,l_l_n,u_r_m,u_r_n,avg_sal,sal_state
7.0,2.0,8.0,4.0,1760.194117647059,2.0
8.0,12.0,9.0,13.0,376.3607843137255,2.0
7.0,14.0,8.0,15.0,624.9882352941178,2.0
3.0,2.0,7.0,5.0,2339.564379084968,1.0
5.0,6.0,6.0,7.0,2508.886274509804,1.0
2.0,8.0,3.0,9.0,1938.9019607843134,1.0
3.0,8.0,7.0,9.0,2502.536274509804,1.0
7.0,8.0,8.0,9.0,1819.9686274509804,1.0
2.0,9.0,3.0,13.0,1781.1970588235295,1.0
3.0,9.0,7.0,13.0,2447.5343137254904,1.0
7.0,9.0,8.0,13.0,1918.4382352941175,1.0
2.0,13.0,3.0,14.0,733.6117647058826,1.0
3.0,13.0,7.0,14.0,2237.8196078431374,1.0
7.0,13.0,8.0,14.0,2513.494117647059,1.0
2.0,4.0,3.0,8.0,1784.9215686274508,2.0
3.0,5.0,5.0,8.0,2465.326797385621,2.0
6.0,5.0,8.0,8.0,2127.2163398692815,2.0
5.0,5.0,6.0,6.0,2499.078431372549,2.0
5.0,7.0,6.0,8.0,2475.2431372549013,2.0
1.0,7.0,2.0,13.0,102.31372549019608,4.0
1.0,1.0,2.0,7.0,294.7464052287582,4.0
1.0,0.0,2.0,1.0,103.22745098039215,4.0
2.0,0.0,3.0,4.0,197.8843137254902,4.0
9.0,1.0,10.0,5.0,5.675686274509804,4.0
7.0,4.0,8.0,5.0,115.36078431372549,4.0
3.0,0.0,7.0,2.0,419.06176470588235,4.0
7.0,0.0,8.0,2.0,1006.3235294117646,4.0
8.0,6.0,9.0,12.0,167.04183006535948,4.0
8.0,0.0,9.0,6.0,568.1366013071896,4.0
0.0,0.0,1.0,6.0,0.0,5.0
0.0,6.0,1.0,14.0,0.0,5.0
0.0,14.0,1.0,20.0,0.0,5.0
1.0,13.0,2.0,19.0,0.0,5.0
1.0,19.0,2.0,20.0,0.0,5.0
2.0,14.0,6.0,18.0,10.368137254901962,5.0
6.0,14.0,7.0,18.0,51.713725490196076,5.0
2.0,18.0,6.0,20.0,0.0,5.0
6.0,18.0,7.0,20.0,0.0,5.0
7.0,15.0,8.0,20.0,1.2705882352941176,5.0
8.0,13.0,9.0,19.0,47.80457516339869,5.0
8.0,19.0,9.0,20.0,220.43529411764703,5.0
9.0,5.0,10.0,8.0,12.090196078431376,5.0
9.0,8.0,10.0,16.0,0.0,5.0
9.0,16.0,10.0,20.0,0.0,5.0
9.0,0.0,10.0,1.0,1.016470588235294,5.0
