l_l_m,l_l_n,u_r_m,u_r_n,avg_sal,sal_state
3.0,0.0,5.0,1.0,594.4294117647057,2.0
1.0,5.0,2.0,6.0,619.7098039215688,2.0
1.0,10.0,2.0,11.0,659.8980392156863,2.0
5.0,0.0,7.0,1.0,1895.7470588235294,1.0
7.0,0.0,8.0,1.0,2173.4039215686275,1.0
4.0,14.0,5.0,19.0,1869.153725490196,1.0
5.0,14.0,7.0,19.0,2031.2431372549026,1.0
7.0,14.0,8.0,19.0,2094.2250980392155,1.0
4.0,7.0,5.0,13.0,2291.273202614379,1.0
5.0,7.0,7.0,13.0,2195.749346405229,1.0
7.0,7.0,8.0,13.0,1578.8098039215686,1.0
4.0,2.0,5.0,7.0,1810.632941176471,1.0
5.0,2.0,7.0,7.0,2087.375294117647,1.0
7.0,2.0,8.0,7.0,1989.003921568628,1.0
2.0,3.0,4.0,5.0,1462.8696078431371,1.0
2.0,5.0,4.0,11.0,1949.2486928104572,1.0
2.0,11.0,4.0,13.0,1824.5578431372548,1.0
8.0,0.0,9.0,6.0,977.2104575163397,2.0
6.0,1.0,8.0,2.0,1285.2764705882353,2.0
8.0,11.0,9.0,17.0,1032.562091503268,2.0
8.0,17.0,9.0,20.0,1128.2745098039215,2.0
2.0,15.0,3.0,17.0,664.3803921568629,2.0
3.0,14.0,4.0,20.0,1394.6379084967318,2.0
2.0,14.0,3.0,15.0,647.7019607843138,2.0
1.0,12.0,2.0,14.0,767.0803921568628,2.0
2.0,13.0,3.0,14.0,941.929411764706,2.0
3.0,13.0,7.0,14.0,1674.4970588235294,2.0
7.0,13.0,8.0,14.0,1699.1725490196075,2.0
4.0,19.0,5.0,20.0,1389.0901960784313,2.0
5.0,19.0,7.0,20.0,1802.0254901960784,2.0
7.0,19.0,8.0,20.0,1898.0431372549021,2.0
9.0,0.0,10.0,6.0,389.0169934640523,4.0
9.0,6.0,10.0,14.0,406.2828431372549,4.0
9.0,14.0,10.0,20.0,396.2986928104576,4.0
8.0,6.0,9.0,11.0,92.12252723311548,4.0
0.0,0.0,2.0,5.0,458.1149019607843,4.0
2.0,1.0,3.0,3.0,129.2673202614379,4.0
3.0,2.0,4.0,3.0,234.82647058823528,4.0
0.0,5.0,1.0,8.0,198.0562091503268,5.0
0.0,8.0,1.0,16.0,248.34068627450986,5.0
0.0,16.0,1.0,20.0,290.278431372549,5.0
1.0,6.0,2.0,10.0,5.08235294117647,5.0
1.0,11.0,2.0,12.0,5.08235294117647,5.0
1.0,14.0,2.0,20.0,367.2601307189543,5.0
2.0,17.0,3.0,20.0,3.388235294117647,5.0
3.0,1.0,6.0,2.0,5.08235294117647,5.0
2.0,0.0,3.0,1.0,3.388235294117647,5.0
