l_l_m,l_l_n,u_r_m,u_r_n,avg_sal,sal_state
2.0,4.0,6.0,8.0,1863.6531862745096,1.0
2.0,2.0,6.0,4.0,2193.704411764706,1.0
2.0,8.0,6.0,12.0,1580.3024509803922,1.0
2.0,12.0,6.0,16.0,1864.9176470588238,1.0
2.0,16.0,6.0,18.0,2215.455392156863,1.0
6.0,2.0,8.0,5.0,1622.8,1.0
6.0,5.0,8.0,11.0,2075.3954248366017,1.0
6.0,11.0,8.0,14.0,1885.7607843137253,1.0
0.0,0.0,2.0,2.0,892.7372549019608,2.0
2.0,0.0,6.0,2.0,1339.4838235294114,2.0
6.0,0.0,8.0,2.0,899.5441176470587,2.0
8.0,0.0,9.0,4.0,655.9313725490198,2.0
8.0,4.0,9.0,10.0,1165.4418300653595,2.0
8.0,10.0,9.0,15.0,1288.070588235294,2.0
1.0,12.0,2.0,18.0,854.7575163398692,2.0
1.0,18.0,2.0,20.0,1194.4274509803922,2.0
2.0,18.0,6.0,20.0,1337.2382352941174,2.0
6.0,14.0,7.0,19.0,1389.7223529411765,2.0
7.0,14.0,8.0,18.0,942.1970588235292,2.0
1.0,4.0,2.0,10.0,601.5503267973855,2.0
1.0,2.0,2.0,4.0,785.4117647058823,2.0
9.0,0.0,10.0,6.0,294.1183006535948,4.0
9.0,6.0,10.0,14.0,475.4725490196079,4.0
9.0,14.0,10.0,20.0,418.6764705882353,4.0
7.0,18.0,8.0,20.0,52.59852941176471,4.0
8.0,15.0,9.0,20.0,61.528104575163404,4.0
0.0,7.0,1.0,9.0,142.69411764705882,4.0
0.0,9.0,1.0,17.0,219.81127450980392,4.0
0.0,17.0,1.0,20.0,437.3032679738562,4.0
1.0,10.0,2.0,12.0,318.16470588235285,4.0
6.0,19.0,7.0,20.0,96.19719887955179,4.0
-0.0,2.0,1.0,7.0,196.39215686274508,4.0
