l_l_m,l_l_n,u_r_m,u_r_n,avg_sal,sal_state
1.0,0.0,2.0,4.0,856.813725490196,2.0
8.0,3.0,9.0,4.0,726.9490196078433,2.0
8.0,5.0,9.0,8.0,650.0196078431372,2.0
1.0,13.0,2.0,19.0,945.5287581699347,2.0
1.0,19.0,2.0,20.0,778.4509803921568,2.0
8.0,13.0,9.0,19.0,915.7686274509804,2.0
2.0,4.0,3.0,8.0,1718.313725490196,1.0
3.0,4.0,7.0,8.0,2212.5759803921574,1.0
7.0,4.0,8.0,8.0,1896.6323529411768,1.0
2.0,0.0,3.0,4.0,1832.1470588235293,1.0
3.0,0.0,7.0,4.0,2205.2365196078435,1.0
7.0,0.0,8.0,4.0,1618.9,1.0
2.0,8.0,3.0,12.0,1693.1872549019608,1.0
3.0,8.0,7.0,12.0,2308.418137254903,1.0
7.0,8.0,8.0,12.0,1959.021568627451,1.0
2.0,12.0,3.0,16.0,1441.6549019607844,1.0
3.0,12.0,7.0,16.0,1952.7946078431376,1.0
7.0,12.0,8.0,16.0,1818.3470588235293,1.0
2.0,16.0,3.0,20.0,1792.4627450980392,1.0
3.0,16.0,7.0,20.0,2141.95,1.0
7.0,16.0,8.0,20.0,1718.1029411764707,1.0
0.0,0.0,1.0,6.0,407.7019607843137,4.0
0.0,6.0,1.0,14.0,322.4950980392157,4.0
0.0,14.0,1.0,20.0,426.91830065359466,4.0
1.0,4.0,2.0,5.0,499.49803921568633,4.0
1.0,5.0,2.0,11.0,554.183660130719,4.0
1.0,11.0,2.0,13.0,651.4098039215687,4.0
8.0,0.0,9.0,3.0,78.79811183732753,4.0
9.0,0.0,10.0,8.0,259.5205882352941,4.0
8.0,4.0,9.0,5.0,90.62178649237472,4.0
8.0,8.0,9.0,13.0,78.30143790849674,4.0
9.0,8.0,10.0,16.0,139.5176470588235,4.0
9.0,16.0,10.0,17.0,138.85490196078433,4.0
9.0,17.0,10.0,20.0,19.63019607843137,4.0
8.0,19.0,9.0,20.0,75.22178649237473,4.0
