l_l_m,l_l_n,u_r_m,u_r_n,avg_sal,sal_state
2.0,14.0,6.0,18.0,2139.311519607844,1.0
6.0,14.0,7.0,18.0,1924.8205882352945,1.0
2.0,18.0,6.0,20.0,1735.954901960784,1.0
6.0,18.0,7.0,20.0,1163.313725490196,1.0
1.0,0.0,2.0,2.0,903.2470588235294,2.0
8.0,16.0,9.0,20.0,1094.8617647058825,2.0
1.0,12.0,2.0,18.0,1029.6117647058825,2.0
1.0,18.0,2.0,20.0,859.2666666666668,2.0
1.0,5.0,2.0,7.0,602.7509803921569,2.0
9.0,0.0,10.0,1.0,511.3764705882353,2.0
2.0,1.0,6.0,5.0,1576.24068627451,2.0
6.0,1.0,7.0,5.0,1923.5392156862747,2.0
2.0,0.0,6.0,1.0,860.7333333333331,2.0
6.0,0.0,7.0,1.0,708.7607843137255,2.0
2.0,5.0,6.0,9.0,1702.7664215686277,2.0
6.0,5.0,7.0,9.0,2177.5715686274507,2.0
2.0,9.0,6.0,13.0,1734.4200980392154,2.0
6.0,9.0,7.0,13.0,2167.58137254902,2.0
2.0,13.0,6.0,14.0,1438.3774509803925,2.0
6.0,13.0,7.0,14.0,1680.0156862745098,2.0
8.0,0.0,9.0,4.0,1209.9480392156865,2.0
8.0,4.0,9.0,10.0,1156.5307189542484,2.0
8.0,10.0,9.0,15.0,1003.6556862745098,2.0
7.0,7.0,8.0,13.0,1739.0575163398692,1.0
7.0,2.0,8.0,7.0,2010.9670588235294,1.0
9.0,1.0,10.0,6.0,309.19529411764705,4.0
9.0,6.0,10.0,14.0,254.4882352941177,4.0
9.0,14.0,10.0,20.0,350.72418300653595,4.0
7.0,13.0,8.0,19.0,1109.1522875816993,4.0
7.0,19.0,8.0,20.0,475.86666666666673,4.0
8.0,15.0,9.0,20.0,17.149803921568626,4.0
1.0,7.0,2.0,12.0,296.24392156862734,4.0
7.0,0.0,8.0,2.0,139.96151960784314,4.0
1.0,2.0,2.0,5.0,156.30457516339868,4.0
0.0,2.0,1.0,10.0,51.85637254901961,5.0
0.0,0.0,1.0,2.0,42.40392156862745,5.0
0.0,10.0,1.0,18.0,54.53235294117647,5.0
0.0,18.0,1.0,20.0,88.88039215686274,5.0
