l_l_m,l_l_n,u_r_m,u_r_n,avg_sal,sal_state
8.0,0.0,9.0,2.0,1196.3960784313724,2.0
7.0,16.0,8.0,18.0,1130.2352941176468,2.0
4.0,0.0,5.0,6.0,1953.1751633986933,1.0
5.0,0.0,7.0,6.0,2230.948692810458,1.0
7.0,0.0,8.0,6.0,2001.7326797385626,1.0
3.0,7.0,7.0,10.0,2257.3529411764707,1.0
3.0,10.0,7.0,14.0,2163.545833333333,1.0
3.0,14.0,7.0,18.0,2275.305882352941,1.0
3.0,1.0,4.0,7.0,1511.7470588235294,2.0
3.0,0.0,4.0,1.0,71.67058823529412,2.0
4.0,6.0,7.0,7.0,1948.469281045752,2.0
7.0,6.0,8.0,7.0,2002.7019607843133,2.0
7.0,7.0,8.0,13.0,1582.7065359477124,2.0
7.0,13.0,8.0,15.0,1255.6333333333332,2.0
3.0,18.0,6.0,19.0,1259.4797385620916,2.0
1.0,12.0,2.0,18.0,1055.31045751634,2.0
1.0,18.0,2.0,19.0,1099.6313725490197,2.0
2.0,2.0,3.0,7.0,1318.4368627450979,2.0
2.0,7.0,3.0,13.0,1660.0712418300652,2.0
2.0,13.0,3.0,19.0,1792.1117647058825,2.0
9.0,0.0,10.0,6.0,396.4888888888889,4.0
9.0,6.0,10.0,14.0,159.04607843137254,4.0
9.0,14.0,10.0,20.0,131.27712418300655,4.0
2.0,19.0,6.0,20.0,402.96862745098036,4.0
6.0,18.0,8.0,20.0,1401.4813725490194,4.0
7.0,15.0,8.0,16.0,131.76519607843136,4.0
8.0,2.0,9.0,8.0,785.6444444444444,4.0
8.0,8.0,9.0,14.0,609.6934640522876,4.0
8.0,14.0,9.0,20.0,752.9836601307188,4.0
1.0,6.0,2.0,12.0,726.5019607843138,4.0
1.0,3.0,2.0,6.0,494.4130718954248,4.0
-0.0,7.0,1.0,14.0,211.381512605042,4.0
0.0,0.0,1.0,3.0,525.4,4.0
-0.0,17.0,1.0,20.0,384.79215686274506,4.0
1.0,19.0,2.0,20.0,207.5555555555556,4.0
1.0,0.0,2.0,3.0,98.56176470588235,4.0
-0.0,3.0,1.0,7.0,10.16470588235294,5.0
-0.0,14.0,1.0,17.0,10.16470588235294,5.0
2.0,0.0,3.0,2.0,3.388235294117647,5.0
