l_l_m,l_l_n,u_r_m,u_r_n,avg_sal,sal_state
3.0,0.0,7.0,2.0,1818.0779411764706,1.0
7.0,0.0,8.0,2.0,1941.2627450980397,1.0
2.0,3.0,6.0,6.0,1826.3852941176474,1.0
6.0,3.0,7.0,6.0,1876.6888888888889,1.0
2.0,6.0,6.0,10.0,2152.9098039215687,1.0
6.0,6.0,7.0,10.0,2053.0460784313727,1.0
2.0,10.0,6.0,14.0,2022.7306372549021,1.0
6.0,10.0,7.0,14.0,1882.2803921568632,1.0
3.0,16.0,7.0,20.0,2172.727205882353,1.0
7.0,16.0,8.0,20.0,1902.8686274509805,1.0
8.0,5.0,9.0,11.0,790.8738562091503,2.0
8.0,0.0,9.0,5.0,1261.1176470588236,2.0
8.0,13.0,9.0,19.0,1107.6045751633985,2.0
8.0,19.0,9.0,20.0,1253.1176470588236,2.0
1.0,5.0,2.0,7.0,935.570588235294,2.0
1.0,7.0,2.0,13.0,944.3359477124184,2.0
1.0,13.0,2.0,15.0,809.7725490196077,2.0
1.0,2.0,2.0,4.0,683.0372549019608,2.0
7.0,2.0,8.0,6.0,1516.0764705882348,2.0
7.0,6.0,8.0,12.0,1296.476470588235,2.0
7.0,12.0,8.0,16.0,1364.9627450980392,2.0
-0.0,12.0,1.0,16.0,118.98039215686272,4.0
1.0,15.0,2.0,16.0,237.9764705882353,4.0
2.0,14.0,6.0,16.0,691.8406862745097,4.0
6.0,14.0,7.0,16.0,942.3058823529412,4.0
1.0,16.0,3.0,20.0,563.2553921568629,4.0
0.0,4.0,1.0,12.0,146.46862745098042,4.0
0.0,0.0,1.0,4.0,120.1,4.0
1.0,0.0,3.0,2.0,726.3421568627452,4.0
2.0,2.0,6.0,3.0,1148.6705882352942,4.0
6.0,2.0,7.0,3.0,1687.6196078431371,4.0
1.0,4.0,2.0,5.0,330.2490196078432,4.0
9.0,0.0,10.0,6.0,323.3692810457517,4.0
9.0,6.0,10.0,14.0,237.00686274509803,4.0
9.0,14.0,10.0,20.0,219.5437908496732,4.0
8.0,11.0,9.0,13.0,60.553594771241826,4.0
-0.0,16.0,1.0,20.0,10.16470588235294,5.0
