l_l_m,l_l_n,u_r_m,u_r_n,avg_sal,sal_state
8.0,13.0,9.0,14.0,677.4,2.0
2.0,4.0,6.0,6.0,1260.469607843137,1.0
2.0,6.0,6.0,14.0,1957.7612745098045,1.0
2.0,14.0,6.0,16.0,1533.6926470588235,1.0
7.0,4.0,8.0,16.0,1499.391176470588,1.0
6.0,4.0,7.0,14.0,1976.9274509803922,1.0
6.0,14.0,7.0,15.0,1211.407843137255,1.0
5.0,0.0,9.0,4.0,1332.402450980392,2.0
9.0,0.0,10.0,4.0,612.6588235294117,2.0
8.0,4.0,9.0,12.0,872.6063725490196,2.0
2.0,1.0,3.0,3.0,884.9941176470587,2.0
3.0,1.0,5.0,4.0,1228.816993464052,2.0
1.0,5.0,2.0,6.0,469.80784313725496,2.0
1.0,6.0,2.0,18.0,945.6460784313724,2.0
1.0,18.0,2.0,20.0,595.8921568627453,2.0
2.0,16.0,3.0,20.0,942.4715686274507,2.0
7.0,17.0,10.0,20.0,822.834422657952,2.0
5.0,17.0,6.0,19.0,894.5784313725493,2.0
6.0,17.0,7.0,20.0,962.3241830065359,2.0
9.0,4.0,10.0,17.0,29.946696832579185,4.0
5.0,19.0,6.0,20.0,164.04705882352943,4.0
3.0,16.0,5.0,20.0,362.4405882352941,4.0
5.0,16.0,8.0,17.0,456.7735294117647,4.0
6.0,15.0,7.0,16.0,153.18375350140053,4.0
8.0,13.0,9.0,17.0,62.74030501089325,4.0
8.0,12.0,9.0,13.0,76.32810457516341,4.0
0.0,0.0,1.0,3.0,207.30588235294118,4.0
0.0,3.0,1.0,17.0,269.3330532212885,4.0
0.0,17.0,1.0,20.0,367.0901960784314,4.0
1.0,0.0,2.0,5.0,114.41843137254902,4.0
2.0,3.0,3.0,4.0,483.2287581699347,4.0
2.0,0.0,5.0,1.0,595.487843137255,4.0
