l_l_m,l_l_n,u_r_m,u_r_n,avg_sal,sal_state
4.0,6.0,8.0,14.0,1877.364583333333,1.0
6.0,0.0,7.0,1.0,711.6196078431373,2.0
8.0,0.0,10.0,3.0,1046.413071895425,2.0
8.0,3.0,10.0,17.0,895.5088235294119,2.0
8.0,17.0,10.0,20.0,1016.056862745098,2.0
4.0,17.0,5.0,19.0,765.9725490196079,2.0
1.0,12.0,2.0,16.0,718.2686274509804,2.0
1.0,7.0,2.0,8.0,655.4039215686274,2.0
2.0,7.0,4.0,16.0,1254.2322440087144,2.0
4.0,14.0,5.0,15.0,720.0039215686273,2.0
5.0,14.0,8.0,20.0,1287.344880174292,2.0
6.0,5.0,7.0,6.0,711.2313725490196,2.0
7.0,0.0,8.0,6.0,955.9117647058824,2.0
4.0,15.0,5.0,17.0,147.95803921568628,4.0
4.0,19.0,5.0,20.0,190.42039215686282,4.0
2.0,16.0,4.0,20.0,252.97132352941173,4.0
-0.0,7.0,1.0,19.0,272.4686274509804,4.0
1.0,8.0,2.0,12.0,410.06176470588235,4.0
1.0,16.0,2.0,19.0,275.9928104575163,4.0
2.0,0.0,6.0,1.0,460.8235294117649,4.0
5.0,1.0,7.0,2.0,51.743977591036405,4.0
6.0,3.0,7.0,5.0,42.47086834733893,4.0
4.0,5.0,6.0,6.0,167.63790849673202,4.0
5.0,4.0,6.0,5.0,6.493464052287582,4.0
1.0,5.0,2.0,7.0,287.4166666666667,4.0
2.0,6.0,3.0,7.0,156.09281045751632,4.0
0.0,0.0,1.0,7.0,10.164705882352944,5.0
1.0,0.0,2.0,5.0,5.08235294117647,5.0
2.0,1.0,5.0,5.0,6.0988235294117645,5.0
5.0,2.0,6.0,4.0,1.6941176470588235,5.0
6.0,2.0,7.0,3.0,1.4521008403361344,5.0
2.0,5.0,3.0,6.0,3.388235294117647,5.0
3.0,5.0,4.0,7.0,2.541176470588235,5.0
-0.0,19.0,2.0,20.0,10.16470588235294,5.0
