l_l_m,l_l_n,u_r_m,u_r_n,avg_sal,sal_state
2.0,7.0,8.0,8.0,1947.8666666666668,2.0
2.0,8.0,8.0,13.0,2340.346405228758,1.0
5.0,13.0,8.0,14.0,2105.05751633987,2.0
6.0,14.0,9.0,15.0,654.2287581699346,2.0
1.0,6.0,2.0,15.0,40.03202614379085,4.0
8.0,6.0,9.0,14.0,16.62794117647059,4.0
2.0,13.0,5.0,15.0,291.97647058823526,4.0
5.0,14.0,6.0,15.0,23.54640522875817,4.0
2.0,6.0,8.0,7.0,253.9235294117647,4.0
0.0,0.0,1.0,10.0,10.16470588235294,5.0
1.0,0.0,5.0,6.0,0.0,5.0
5.0,0.0,9.0,6.0,0.0,5.0
9.0,0.0,10.0,10.0,1.016470588235294,5.0
-0.0,10.0,1.0,20.0,10.16470588235294,5.0
1.0,15.0,5.0,20.0,0.0,5.0
9.0,10.0,10.0,20.0,1.016470588235294,5.0
5.0,15.0,9.0,20.0,0.052941176470588235,5.0
