l_l_m,l_l_n,u_r_m,u_r_n,avg_sal,sal_state
2.0,7.0,8.0,15.0,1851.455065359477,1.0
4.0,17.0,8.0,19.0,1632.94068627451,1.0
7.0,0.0,8.0,7.0,1234.436974789916,2.0
8.0,0.0,10.0,3.0,922.1954248366012,2.0
8.0,3.0,10.0,17.0,825.2301120448179,2.0
8.0,17.0,10.0,20.0,847.0091503267972,2.0
5.0,19.0,8.0,20.0,1074.9176470588234,2.0
1.0,6.0,2.0,18.0,816.9392156862746,2.0
2.0,6.0,3.0,7.0,505.92549019607833,2.0
2.0,15.0,3.0,18.0,1003.3908496732024,2.0
4.0,15.0,8.0,17.0,1211.8848039215684,2.0
4.0,6.0,6.0,7.0,959.5666666666666,2.0
6.0,2.0,7.0,7.0,887.8996078431372,2.0
3.0,15.0,4.0,16.0,651.6705882352943,2.0
0.0,2.0,1.0,4.0,171.69607843137254,4.0
0.0,4.0,1.0,18.0,275.4028011204482,4.0
0.0,18.0,1.0,20.0,383.9764705882353,4.0
1.0,4.0,3.0,6.0,173.77843137254902,4.0
1.0,18.0,3.0,20.0,221.69150326797387,4.0
3.0,16.0,4.0,19.0,214.93986928104573,4.0
4.0,3.0,6.0,6.0,266.1965141612201,4.0
3.0,4.0,4.0,7.0,69.53071895424837,4.0
4.0,0.0,7.0,2.0,217.39327731092442,4.0
5.0,2.0,6.0,3.0,0.5666666666666668,4.0
0.0,0.0,4.0,2.0,37.75049019607843,5.0
4.0,2.0,5.0,3.0,2.032941176470588,5.0
1.0,2.0,4.0,4.0,7.623529411764705,5.0
3.0,19.0,5.0,20.0,4.065882352941176,5.0
