l_l_m,l_l_n,u_r_m,u_r_n,avg_sal,sal_state
3.0,8.0,7.0,12.0,2587.329411764706,1.0
2.0,7.0,3.0,13.0,1793.3542483660128,2.0
7.0,7.0,8.0,13.0,2015.2477124183008,2.0
3.0,7.0,7.0,8.0,2167.9980392156867,2.0
3.0,12.0,7.0,13.0,2418.6254901960783,2.0
1.0,6.0,2.0,14.0,61.13333333333334,4.0
2.0,6.0,8.0,14.0,126.41405228758171,4.0
8.0,6.0,9.0,14.0,100.44803921568626,4.0
0.0,0.0,1.0,10.0,10.16470588235294,5.0
1.0,0.0,5.0,6.0,0.0,5.0
5.0,0.0,9.0,6.0,0.0,5.0
9.0,0.0,10.0,10.0,1.016470588235294,5.0
-0.0,10.0,1.0,20.0,10.16470588235294,5.0
1.0,14.0,5.0,20.0,1.006045751633987,5.0
9.0,10.0,10.0,20.0,1.016470588235294,5.0
5.0,14.0,9.0,20.0,0.5696078431372549,5.0
