l_l_m,l_l_n,u_r_m,u_r_n,avg_sal,sal_state
4.0,6.0,8.0,15.0,1889.4105664488018,1.0
2.0,7.0,3.0,17.0,1534.5858823529404,1.0
3.0,7.0,4.0,15.0,1773.1323529411764,1.0
3.0,0.0,6.0,2.0,1007.8555555555556,2.0
8.0,0.0,10.0,3.0,978.4581699346403,2.0
8.0,3.0,10.0,17.0,828.0075630252101,2.0
8.0,17.0,10.0,20.0,961.2215686274507,2.0
1.0,6.0,2.0,18.0,1141.173202614379,2.0
1.0,18.0,2.0,19.0,753.2509803921569,2.0
2.0,17.0,3.0,18.0,358.9294117647059,2.0
3.0,15.0,8.0,20.0,1033.3984313725487,2.0
6.0,0.0,7.0,5.0,952.9592156862744,2.0
7.0,0.0,8.0,6.0,1101.4150326797387,2.0
0.0,0.0,1.0,3.0,179.84836601307185,4.0
0.0,3.0,1.0,17.0,305.5767507002801,4.0
0.0,17.0,1.0,20.0,354.8549019607843,4.0
1.0,0.0,3.0,6.0,479.95555555555563,4.0
3.0,2.0,6.0,6.0,354.37271241830064,4.0
6.0,5.0,7.0,6.0,74.07731092436974,4.0
2.0,6.0,4.0,7.0,486.0803921568628,4.0
1.0,19.0,2.0,20.0,68.87647058823529,4.0
2.0,18.0,3.0,20.0,194.95098039215682,4.0
