l_l_m,l_l_n,u_r_m,u_r_n,avg_sal,sal_state
6.0,0.0,8.0,2.0,1512.9578431372547,1.0
2.0,0.0,6.0,2.0,1368.5691176470586,2.0
8.0,0.0,9.0,2.0,1274.292156862745,2.0
8.0,2.0,9.0,14.0,1254.3915032679738,2.0
8.0,14.0,9.0,16.0,1154.7960784313725,2.0
8.0,17.0,9.0,20.0,1011.265359477124,2.0
-0.0,14.0,1.0,19.0,471.90431372549017,2.0
1.0,5.0,2.0,6.0,432.3372549019608,2.0
1.0,6.0,2.0,18.0,1119.4973856209147,2.0
1.0,18.0,2.0,20.0,980.0450980392156,2.0
1.0,2.0,2.0,4.0,414.21176470588233,2.0
2.0,2.0,8.0,7.0,944.4955555555554,2.0
2.0,7.0,8.0,15.0,1829.5274509803924,2.0
2.0,15.0,8.0,20.0,1075.6186928104576,2.0
9.0,0.0,10.0,14.0,430.32549019607836,2.0
9.0,14.0,10.0,20.0,32.422156862745105,4.0
8.0,16.0,9.0,17.0,76.80697167755991,4.0
0.0,0.0,1.0,14.0,193.2949579831933,5.0
1.0,0.0,2.0,2.0,5.08235294117647,5.0
1.0,4.0,2.0,5.0,5.08235294117647,5.0
-0.0,19.0,1.0,20.0,10.16470588235294,5.0
