l_l_m,l_l_n,u_r_m,u_r_n,avg_sal,sal_state
-0.0,8.0,1.0,13.0,254.07215686274517,2.0
1.0,16.0,3.0,17.0,738.1568627450981,2.0
1.0,7.0,4.0,16.0,1649.0503994190271,1.0
4.0,8.0,7.0,16.0,1519.9065359477127,1.0
1.0,5.0,2.0,7.0,792.7607843137255,2.0
2.0,6.0,3.0,7.0,335.16078431372546,2.0
7.0,12.0,8.0,16.0,713.4931372549022,2.0
8.0,14.0,9.0,16.0,658.5490196078431,2.0
4.0,16.0,5.0,17.0,221.40392156862742,2.0
6.0,16.0,10.0,20.0,978.7507352941176,2.0
5.0,16.0,6.0,18.0,718.3803921568627,2.0
7.0,0.0,10.0,7.0,1107.0302521008402,2.0
6.0,7.0,9.0,8.0,708.5620915032678,2.0
3.0,3.0,4.0,4.0,191.30196078431374,2.0
4.0,2.0,5.0,5.0,731.7555555555556,2.0
5.0,2.0,6.0,7.0,844.8886274509805,2.0
6.0,1.0,7.0,7.0,1080.5143790849672,2.0
9.0,7.0,10.0,16.0,37.88636165577342,4.0
7.0,8.0,8.0,12.0,134.18884803921569,4.0
8.0,8.0,9.0,14.0,97.10624546114741,4.0
3.0,0.0,7.0,1.0,409.4728291316527,4.0
4.0,1.0,6.0,2.0,252.06078431372555,4.0
3.0,4.0,4.0,7.0,72.3843137254902,4.0
4.0,5.0,5.0,7.0,166.00509803921568,4.0
4.0,7.0,6.0,8.0,173.30196078431374,4.0
-0.0,13.0,1.0,18.0,361.59372549019616,4.0
1.0,17.0,3.0,19.0,281.66274509803924,4.0
5.0,18.0,6.0,20.0,91.44901960784313,4.0
4.0,19.0,5.0,20.0,60.67999999999999,4.0
0.0,0.0,1.0,8.0,10.16470588235294,5.0
2.0,0.0,3.0,6.0,3.388235294117647,5.0
3.0,1.0,4.0,3.0,2.541176470588235,5.0
1.0,0.0,2.0,5.0,5.08235294117647,5.0
3.0,16.0,4.0,19.0,2.541176470588235,5.0
4.0,17.0,5.0,19.0,2.032941176470588,5.0
-0.0,18.0,1.0,20.0,10.16470588235294,5.0
1.0,19.0,4.0,20.0,7.623529411764705,5.0
