l_l_m,l_l_n,u_r_m,u_r_n,avg_sal,sal_state
2.0,0.0,3.0,4.0,590.5176470588235,2.0
3.0,0.0,8.0,4.0,2197.0307843137257,1.0
8.0,0.0,9.0,4.0,1212.43431372549,2.0
8.0,4.0,9.0,16.0,1159.923202614379,2.0
8.0,16.0,9.0,20.0,1076.8813725490197,2.0
9.0,5.0,10.0,8.0,447.52810457516335,2.0
2.0,18.0,5.0,20.0,1089.1738562091502,2.0
1.0,13.0,2.0,16.0,720.9869281045752,2.0
1.0,7.0,2.0,10.0,646.5176470588236,2.0
2.0,7.0,3.0,16.0,1185.3206971677562,2.0
3.0,6.0,4.0,16.0,1427.0901960784313,2.0
5.0,4.0,8.0,7.0,1311.4183006535948,2.0
5.0,7.0,8.0,17.0,1914.561568627451,2.0
5.0,17.0,8.0,20.0,1514.978213507625,2.0
4.0,4.0,5.0,8.0,1571.6947209653092,2.0
4.0,8.0,5.0,15.0,2169.7314659197013,1.0
4.0,15.0,5.0,18.0,187.9030065359477,4.0
2.0,16.0,4.0,18.0,283.38823529411764,4.0
9.0,8.0,10.0,20.0,25.24996732026144,4.0
2.0,4.0,4.0,6.0,235.04215686274517,4.0
1.0,6.0,3.0,7.0,181.85098039215686,4.0
9.0,0.0,10.0,5.0,31.53050980392157,4.0
1.0,10.0,2.0,13.0,293.20588235294116,4.0
0.0,0.0,1.0,10.0,10.16470588235294,5.0
1.0,0.0,2.0,6.0,5.08235294117647,5.0
-0.0,10.0,1.0,20.0,10.16470588235294,5.0
1.0,16.0,2.0,20.0,5.08235294117647,5.0
