l_l_m,l_l_n,u_r_m,u_r_n,avg_sal,sal_state
7.0,5.0,9.0,15.0,1526.6823529411765,1.0
4.0,7.0,6.0,15.0,1628.5348039215687,1.0
6.0,6.0,7.0,15.0,1992.9403050108933,1.0
6.0,0.0,7.0,1.0,495.34901960784316,2.0
9.0,0.0,10.0,3.0,743.6366013071896,2.0
9.0,3.0,10.0,17.0,483.43501400560217,2.0
9.0,17.0,10.0,20.0,791.5176470588237,2.0
4.0,18.0,5.0,19.0,637.6196078431373,2.0
5.0,15.0,9.0,20.0,1070.829411764706,2.0
7.0,0.0,9.0,5.0,1054.1784313725486,2.0
2.0,8.0,4.0,16.0,1138.2676470588233,2.0
1.0,12.0,2.0,16.0,506.8549019607843,2.0
6.0,3.0,7.0,6.0,75.35648926237162,4.0
1.0,6.0,2.0,12.0,339.37941176470594,4.0
2.0,6.0,3.0,8.0,141.7,4.0
3.0,5.0,4.0,8.0,107.81470588235297,4.0
4.0,4.0,6.0,7.0,190.4154684095861,4.0
4.0,15.0,5.0,18.0,153.41777777777781,4.0
3.0,16.0,4.0,17.0,24.415686274509802,4.0
3.0,0.0,6.0,1.0,223.80196078431374,4.0
5.0,1.0,7.0,2.0,77.97142857142856,4.0
3.0,19.0,5.0,20.0,188.08078431372547,4.0
0.0,0.0,1.0,10.0,10.16470588235294,5.0
1.0,0.0,3.0,6.0,6.776470588235294,5.0
3.0,1.0,4.0,5.0,2.541176470588235,5.0
4.0,1.0,5.0,4.0,2.032941176470588,5.0
5.0,2.0,6.0,4.0,1.6941176470588235,5.0
6.0,2.0,7.0,3.0,1.4521008403361344,5.0
-0.0,10.0,1.0,20.0,10.16470588235294,5.0
1.0,16.0,3.0,20.0,6.776470588235294,5.0
3.0,17.0,4.0,19.0,2.541176470588235,5.0
