l_l_m,l_l_n,u_r_m,u_r_n,avg_sal,sal_state
6.0,6.0,8.0,15.0,1909.3307189542486,1.0
4.0,7.0,6.0,15.0,1602.7946078431369,1.0
7.0,0.0,8.0,6.0,779.0496732026145,2.0
8.0,0.0,10.0,3.0,1049.1562091503267,2.0
8.0,3.0,10.0,17.0,915.6581232492996,2.0
8.0,17.0,10.0,20.0,1076.1039215686276,2.0
1.0,10.0,2.0,16.0,396.52026143790846,2.0
2.0,8.0,4.0,16.0,1136.772794117647,2.0
4.0,15.0,5.0,16.0,583.6313725490198,2.0
7.0,15.0,8.0,20.0,1192.006274509804,2.0
5.0,15.0,6.0,18.0,876.1098039215684,2.0
6.0,15.0,7.0,19.0,969.7892156862747,2.0
1.0,16.0,4.0,17.0,304.7323529411765,4.0
4.0,16.0,5.0,19.0,162.78065359477125,4.0
5.0,18.0,6.0,19.0,212.60849673202614,4.0
3.0,19.0,7.0,20.0,432.16862745098035,4.0
6.0,3.0,7.0,6.0,73.34621848739495,4.0
3.0,5.0,4.0,7.0,72.94509803921571,4.0
4.0,4.0,6.0,7.0,180.66644880174286,4.0
1.0,6.0,2.0,10.0,293.09607843137246,4.0
2.0,6.0,3.0,8.0,139.99019607843138,4.0
3.0,7.0,4.0,8.0,161.54117647058825,4.0
4.0,0.0,6.0,1.0,102.70065359477124,4.0
6.0,0.0,7.0,2.0,70.82549019607843,4.0
0.0,0.0,1.0,10.0,10.16470588235294,5.0
1.0,0.0,3.0,6.0,6.776470588235294,5.0
4.0,1.0,5.0,4.0,2.032941176470588,5.0
3.0,0.0,4.0,5.0,2.541176470588235,5.0
5.0,1.0,6.0,4.0,1.6941176470588235,5.0
6.0,2.0,7.0,3.0,1.4521008403361344,5.0
-0.0,10.0,1.0,20.0,10.16470588235294,5.0
1.0,17.0,3.0,20.0,6.776470588235294,5.0
3.0,17.0,4.0,19.0,2.541176470588235,5.0
