l_l_m,l_l_n,u_r_m,u_r_n,avg_sal,sal_state
3.0,0.0,7.0,1.0,2364.553921568628,1.0
3.0,8.0,7.0,12.0,2315.1279411764717,1.0
7.0,8.0,8.0,12.0,2260.2754901960784,1.0
2.0,13.0,3.0,16.0,1500.619607843137,1.0
3.0,13.0,7.0,16.0,2417.809803921569,1.0
7.0,13.0,8.0,16.0,1980.403921568628,1.0
3.0,17.0,7.0,20.0,2347.757516339869,1.0
7.0,17.0,8.0,20.0,1738.7189542483661,1.0
5.0,2.0,7.0,6.0,2421.252941176471,1.0
7.0,2.0,8.0,6.0,1959.4519607843133,1.0
3.0,3.0,5.0,6.0,2423.747712418301,1.0
7.0,0.0,8.0,2.0,1778.8372549019614,2.0
3.0,6.0,7.0,8.0,2143.184803921569,2.0
7.0,6.0,8.0,8.0,2149.937254901961,2.0
2.0,2.0,3.0,7.0,1234.4941176470588,2.0
3.0,2.0,5.0,3.0,2116.482352941176,2.0
3.0,1.0,7.0,2.0,2053.199019607843,2.0
2.0,8.0,3.0,13.0,1113.9811764705885,2.0
3.0,12.0,7.0,13.0,2148.351960784314,2.0
7.0,12.0,8.0,13.0,2236.3411764705884,2.0
2.0,16.0,3.0,19.0,1461.8143790849676,2.0
3.0,16.0,7.0,17.0,2223.350000000001,2.0
7.0,16.0,8.0,17.0,1903.792156862745,2.0
8.0,1.0,9.0,7.0,360.81764705882347,4.0
8.0,0.0,9.0,1.0,348.521568627451,4.0
8.0,7.0,9.0,13.0,337.0562091503268,4.0
8.0,13.0,9.0,19.0,287.7313725490196,4.0
8.0,19.0,9.0,20.0,395.43921568627457,4.0
1.0,2.0,2.0,8.0,66.07385620915032,4.0
1.0,0.0,2.0,2.0,74.44901960784314,4.0
2.0,0.0,3.0,2.0,258.0477124183007,4.0
2.0,7.0,3.0,8.0,178.27058823529413,4.0
1.0,12.0,2.0,18.0,98.42222222222222,4.0
1.0,18.0,2.0,20.0,109.28235294117648,4.0
2.0,19.0,3.0,20.0,254.72156862745098,4.0
0.0,0.0,1.0,6.0,0.0,5.0
0.0,6.0,1.0,14.0,0.0,5.0
0.0,14.0,1.0,20.0,0.0,5.0
1.0,8.0,2.0,12.0,5.08235294117647,5.0
9.0,0.0,10.0,6.0,2.5379084967320256,5.0
9.0,6.0,10.0,14.0,54.363725490196074,5.0
9.0,14.0,10.0,20.0,0.0607843137254902,5.0
