l_l_m,l_l_n,u_r_m,u_r_n,avg_sal,sal_state
2.0,3.0,3.0,4.0,1426.5372549019608,2.0
3.0,3.0,7.0,4.0,726.5401960784312,2.0
7.0,3.0,8.0,4.0,474.57254901960783,2.0
2.0,4.0,3.0,6.0,1562.2098039215687,1.0
3.0,4.0,7.0,6.0,2237.4848039215685,1.0
7.0,4.0,8.0,6.0,1801.2450980392155,1.0
3.0,8.0,7.0,12.0,2497.537500000001,1.0
2.0,14.0,3.0,18.0,1522.4392156862743,1.0
3.0,14.0,7.0,18.0,2347.530882352941,1.0
7.0,14.0,8.0,18.0,1998.542156862745,1.0
2.0,18.0,3.0,20.0,1634.4803921568628,1.0
3.0,18.0,7.0,20.0,2512.403921568628,1.0
7.0,18.0,8.0,20.0,2210.9,1.0
8.0,5.0,9.0,7.0,639.1882352941177,2.0
2.0,6.0,3.0,7.0,1433.1490196078432,2.0
2.0,7.0,3.0,13.0,1285.9856209150328,2.0
2.0,13.0,3.0,14.0,1395.141176470588,2.0
7.0,6.0,8.0,12.0,1941.6588235294118,2.0
3.0,6.0,7.0,8.0,2006.7186274509809,2.0
3.0,12.0,5.0,14.0,1983.2294117647061,2.0
5.0,12.0,7.0,14.0,2202.3490196078437,2.0
7.0,12.0,9.0,14.0,1320.4803921568628,2.0
2.0,0.0,3.0,1.0,378.99607843137255,4.0
3.0,0.0,7.0,1.0,936.0323529411766,4.0
7.0,0.0,9.0,1.0,574.7882352941176,4.0
8.0,7.0,9.0,12.0,42.22248366013072,4.0
1.0,3.0,2.0,6.0,134.03137254901958,4.0
1.0,6.0,2.0,12.0,180.2647058823529,4.0
1.0,12.0,2.0,16.0,139.92450980392155,4.0
8.0,14.0,9.0,20.0,214.5679738562092,4.0
0.0,2.0,1.0,10.0,0.0,5.0
0.0,0.0,1.0,2.0,0.0,5.0
1.0,0.0,2.0,3.0,5.08235294117647,5.0
3.0,1.0,5.0,3.0,0.0,5.0
2.0,1.0,3.0,3.0,1.409803921568627,5.0
9.0,2.0,10.0,10.0,1.8411764705882352,5.0
9.0,0.0,10.0,2.0,0.0,5.0
5.0,1.0,7.0,3.0,0.0,5.0
7.0,1.0,8.0,3.0,0.1803921568627451,5.0
8.0,1.0,9.0,5.0,1.1294117647058823,5.0
0.0,10.0,1.0,18.0,0.0,5.0
0.0,18.0,1.0,20.0,0.0,5.0
1.0,16.0,2.0,20.0,5.08235294117647,5.0
9.0,10.0,10.0,18.0,0.6039215686274509,5.0
9.0,18.0,10.0,20.0,0.0,5.0
