l_l_m,l_l_n,u_r_m,u_r_n,avg_sal,sal_state
3.0,5.0,7.0,6.0,2284.0990196078437,1.0
3.0,8.0,7.0,12.0,2433.101960784314,1.0
3.0,12.0,7.0,16.0,2376.603431372549,1.0
3.0,16.0,7.0,19.0,2335.9973856209162,1.0
7.0,3.0,9.0,8.0,1441.281568627451,2.0
8.0,12.0,9.0,15.0,545.1019607843136,2.0
8.0,16.0,9.0,20.0,810.7578431372549,2.0
2.0,7.0,3.0,10.0,1148.2941176470588,2.0
2.0,10.0,3.0,16.0,1528.9843137254902,2.0
2.0,16.0,3.0,20.0,1059.9205882352942,2.0
3.0,6.0,7.0,8.0,1787.2769607843136,2.0
4.0,4.0,7.0,5.0,1186.1098039215688,2.0
7.0,8.0,8.0,14.0,1882.8124183006535,2.0
7.0,14.0,8.0,20.0,1636.559477124183,2.0
3.0,19.0,7.0,20.0,1574.0892156862744,2.0
2.0,0.0,3.0,2.0,204.39803921568625,2.0
3.0,0.0,7.0,2.0,1983.825980392157,1.0
7.0,0.0,9.0,3.0,1324.9797385620916,2.0
6.0,2.0,7.0,3.0,101.0,2.0
2.0,4.0,3.0,7.0,47.28322440087147,4.0
3.0,4.0,4.0,5.0,47.37745098039216,4.0
1.0,6.0,2.0,10.0,192.07156862745097,4.0
1.0,10.0,2.0,16.0,301.09281045751635,4.0
1.0,16.0,2.0,20.0,409.6921568627452,4.0
0.0,0.0,1.0,6.0,0.0,5.0
0.0,6.0,1.0,14.0,0.0,5.0
0.0,14.0,1.0,20.0,2.6967320261437906,5.0
1.0,0.0,2.0,6.0,44.28169934640523,5.0
2.0,2.0,6.0,4.0,1.1485294117647058,5.0
6.0,3.0,7.0,4.0,1.4521008403361344,5.0
9.0,0.0,10.0,6.0,22.183006535947708,5.0
9.0,6.0,10.0,14.0,29.039705882352944,5.0
9.0,14.0,10.0,20.0,0.0,5.0
8.0,15.0,9.0,16.0,1.1294117647058823,5.0
8.0,8.0,9.0,12.0,1.1294117647058823,5.0
