l_l_m,l_l_n,u_r_m,u_r_n,avg_sal,sal_state
3.0,3.0,7.0,6.0,2052.8866013071897,1.0
3.0,7.0,7.0,11.0,2073.314705882353,1.0
3.0,11.0,7.0,15.0,2275.078431372549,1.0
3.0,15.0,7.0,19.0,2235.8659313725493,1.0
7.0,7.0,8.0,9.0,2170.794117647059,1.0
7.0,9.0,8.0,15.0,1986.4281045751636,1.0
7.0,15.0,8.0,18.0,996.5960784313727,1.0
6.0,1.0,7.0,3.0,1113.8666666666668,2.0
8.0,1.0,9.0,4.0,1372.6601307189544,2.0
8.0,4.0,9.0,10.0,951.6666666666665,2.0
8.0,10.0,9.0,14.0,699.2431372549021,2.0
3.0,19.0,7.0,20.0,1596.7088235294116,2.0
1.0,13.0,2.0,19.0,843.7267973856209,2.0
1.0,19.0,2.0,20.0,1518.7254901960785,2.0
2.0,6.0,3.0,10.0,823.5931372549019,2.0
2.0,10.0,3.0,16.0,1428.4294117647062,2.0
2.0,16.0,3.0,20.0,1763.9588235294116,2.0
3.0,6.0,7.0,7.0,2068.493137254902,2.0
4.0,2.0,6.0,3.0,727.7549019607843,2.0
7.0,1.0,8.0,7.0,1974.844444444445,2.0
5.0,0.0,7.0,1.0,694.4000000000002,4.0
3.0,0.0,5.0,1.0,1001.6666666666665,4.0
1.0,0.0,3.0,1.0,1250.270588235294,4.0
0.0,0.0,1.0,1.0,26.3843137254902,4.0
1.0,1.0,2.0,4.0,260.31960784313725,4.0
2.0,1.0,4.0,3.0,704.342156862745,4.0
4.0,1.0,6.0,2.0,169.0254901960784,4.0
9.0,10.0,10.0,16.0,10.489150326797382,4.0
7.0,18.0,8.0,20.0,83.765931372549,4.0
8.0,14.0,9.0,20.0,504.9895424836602,4.0
9.0,2.0,10.0,10.0,166.50294117647059,4.0
9.0,1.0,10.0,2.0,49.90980392156861,4.0
2.0,3.0,3.0,6.0,91.26405228758169,4.0
-0.0,13.0,1.0,20.0,97.39103641456585,4.0
1.0,10.0,2.0,13.0,102.6156862745098,4.0
0.0,5.0,1.0,13.0,0.923529411764706,5.0
0.0,1.0,1.0,5.0,0.4970588235294118,5.0
1.0,4.0,2.0,10.0,12.233986928104574,5.0
9.0,16.0,10.0,20.0,1.016470588235294,5.0
7.0,0.0,9.0,1.0,271.16666666666663,5.0
9.0,0.0,10.0,1.0,0.7294117647058823,5.0
