l_l_m,l_l_n,u_r_m,u_r_n,avg_sal,sal_state
2.0,0.0,3.0,2.0,675.3039215686274,2.0
3.0,1.0,7.0,5.0,2410.455882352941,1.0
3.0,0.0,7.0,1.0,2084.5049019607845,1.0
3.0,7.0,7.0,9.0,2270.3681372549013,1.0
3.0,11.0,7.0,15.0,2432.523284313726,1.0
3.0,15.0,7.0,16.0,2182.313725490196,1.0
7.0,1.0,8.0,7.0,2184.2320261437912,2.0
7.0,0.0,8.0,1.0,2083.5490196078435,2.0
7.0,7.0,8.0,13.0,2089.669281045752,2.0
7.0,13.0,8.0,19.0,2084.5771241830066,2.0
7.0,19.0,8.0,20.0,1772.8,2.0
8.0,1.0,9.0,5.0,1118.7558823529412,2.0
2.0,19.0,3.0,20.0,1105.078431372549,2.0
2.0,8.0,3.0,14.0,1160.924183006536,2.0
2.0,14.0,3.0,18.0,1301.4607843137255,2.0
3.0,9.0,7.0,11.0,2208.676960784314,2.0
3.0,6.0,4.0,7.0,1921.592156862745,2.0
4.0,5.0,7.0,7.0,2050.228104575164,2.0
3.0,16.0,7.0,20.0,2020.1529411764714,2.0
8.0,5.0,9.0,9.0,341.31764705882364,4.0
8.0,9.0,9.0,15.0,332.8274509803921,4.0
8.0,15.0,9.0,19.0,218.29901960784318,4.0
0.0,1.0,2.0,7.0,7.651960784313724,5.0
0.0,0.0,2.0,1.0,2.447058823529412,5.0
0.0,7.0,2.0,13.0,39.135620915032675,5.0
0.0,13.0,2.0,19.0,22.134967320261442,5.0
0.0,19.0,2.0,20.0,3.1725490196078434,5.0
2.0,2.0,3.0,8.0,312.21241830065355,5.0
3.0,5.0,4.0,6.0,2.541176470588235,5.0
2.0,18.0,3.0,19.0,3.388235294117647,5.0
8.0,0.0,9.0,1.0,1.1294117647058823,5.0
9.0,0.0,10.0,6.0,0.0,5.0
9.0,6.0,10.0,14.0,5.2068627450980385,5.0
9.0,14.0,10.0,20.0,2.9679738562091504,5.0
8.0,19.0,9.0,20.0,1.1294117647058823,5.0
