l_l_m,l_l_n,u_r_m,u_r_n,avg_sal,sal_state
3.0,8.0,7.0,12.0,2535.144607843137,1.0
2.0,7.0,3.0,13.0,1484.0405228758173,2.0
3.0,7.0,7.0,8.0,1945.7019607843133,2.0
2.0,2.0,5.0,3.0,779.1111111111113,2.0
1.0,3.0,2.0,7.0,466.88333333333327,2.0
2.0,3.0,8.0,7.0,2157.648202614379,1.0
3.0,13.0,7.0,17.0,2261.447303921569,1.0
2.0,13.0,3.0,19.0,1825.4039215686275,2.0
3.0,17.0,7.0,18.0,1079.9049019607844,2.0
1.0,15.0,2.0,19.0,949.6960784313727,2.0
7.0,7.0,8.0,14.0,1912.1053921568628,2.0
3.0,12.0,7.0,13.0,2244.1965686274507,2.0
8.0,6.0,9.0,15.0,19.344371822803193,4.0
7.0,14.0,8.0,16.0,46.445343137254895,4.0
0.0,0.0,1.0,10.0,10.16470588235294,5.0
1.0,0.0,2.0,3.0,5.08235294117647,5.0
1.0,7.0,2.0,10.0,5.08235294117647,5.0
2.0,0.0,5.0,2.0,6.0988235294117645,5.0
5.0,0.0,8.0,3.0,3.811764705882353,5.0
9.0,0.0,10.0,10.0,1.016470588235294,5.0
8.0,0.0,9.0,6.0,1.1294117647058823,5.0
-0.0,10.0,1.0,20.0,10.16470588235294,5.0
1.0,10.0,2.0,15.0,5.08235294117647,5.0
1.0,19.0,3.0,20.0,6.776470588235294,5.0
3.0,18.0,5.0,20.0,4.065882352941176,5.0
9.0,10.0,10.0,20.0,1.016470588235294,5.0
5.0,18.0,7.0,20.0,2.9042016806722684,5.0
7.0,16.0,8.0,20.0,1.2705882352941176,5.0
8.0,15.0,9.0,20.0,1.1294117647058823,5.0
