l_l_m,l_l_n,u_r_m,u_r_n,avg_sal,sal_state
1.0,17.0,2.0,20.0,720.881045751634,2.0
3.0,7.0,7.0,8.0,2479.249019607844,1.0
3.0,11.0,8.0,14.0,2423.9215686274515,1.0
2.0,17.0,7.0,20.0,2484.797124183007,1.0
1.0,6.0,2.0,9.0,673.5215686274511,2.0
2.0,6.0,3.0,17.0,1753.4385026737964,2.0
3.0,8.0,7.0,11.0,2361.55522875817,2.0
7.0,7.0,8.0,11.0,1418.8352941176474,2.0
3.0,14.0,7.0,17.0,2325.593790849673,2.0
7.0,14.0,8.0,20.0,1262.2718954248364,2.0
3.0,6.0,6.0,7.0,942.0797385620914,2.0
1.0,0.0,5.0,2.0,561.5161764705883,4.0
5.0,0.0,8.0,1.0,108.3171568627451,4.0
0.0,0.0,1.0,10.0,10.16470588235294,5.0
1.0,2.0,5.0,6.0,10.41421568627451,5.0
1.0,9.0,2.0,10.0,5.08235294117647,5.0
8.0,0.0,10.0,10.0,2.032941176470588,5.0
5.0,1.0,6.0,6.0,1.6941176470588235,5.0
6.0,1.0,8.0,7.0,2.541176470588235,5.0
-0.0,10.0,1.0,20.0,10.16470588235294,5.0
1.0,10.0,2.0,17.0,5.082352941176472,5.0
8.0,10.0,10.0,20.0,2.032941176470588,5.0
