l_l_m,l_l_n,u_r_m,u_r_n,avg_sal,sal_state
4.0,11.0,6.0,13.0,2566.2892156862745,1.0
3.0,7.0,4.0,17.0,2204.7729411764712,2.0
3.0,17.0,4.0,18.0,352.956862745098,2.0
6.0,7.0,8.0,17.0,2039.3256862745104,2.0
2.0,8.0,3.0,18.0,1628.586274509804,2.0
4.0,13.0,6.0,17.0,2172.6348039215686,2.0
4.0,7.0,6.0,11.0,2149.895588235294,2.0
2.0,0.0,8.0,4.0,2116.621241830065,1.0
6.0,17.0,8.0,18.0,398.656862745098,2.0
2.0,18.0,8.0,20.0,2270.3447712418297,1.0
1.0,7.0,2.0,18.0,80.82388591800355,4.0
2.0,7.0,3.0,8.0,158.6483660130719,4.0
4.0,17.0,6.0,18.0,3.388235294117647,5.0
