l_l_m,l_l_n,u_r_m,u_r_n,avg_sal,sal_state
4.0,5.0,7.0,7.0,1709.1032679738564,1.0
3.0,8.0,7.0,9.0,2564.549019607843,1.0
3.0,10.0,7.0,13.0,2506.35,1.0
3.0,14.0,7.0,15.0,2544.280392156863,1.0
2.0,5.0,3.0,16.0,1437.6488413547238,2.0
3.0,5.0,4.0,8.0,1799.9254901960785,2.0
4.0,7.0,7.0,8.0,2248.6248366013074,2.0
7.0,5.0,8.0,17.0,2029.5254901960789,2.0
8.0,15.0,9.0,17.0,732.8901960784312,2.0
3.0,9.0,7.0,10.0,2493.2029411764706,2.0
3.0,13.0,7.0,14.0,2192.778431372549,2.0
3.0,15.0,7.0,16.0,2118.999019607844,2.0
1.0,0.0,2.0,3.0,404.52026143790846,2.0
2.0,4.0,3.0,5.0,278.30196078431374,2.0
2.0,0.0,8.0,4.0,2212.5995098039216,1.0
2.0,17.0,3.0,18.0,486.0156862745098,2.0
3.0,16.0,7.0,18.0,2174.8014705882347,1.0
2.0,18.0,8.0,20.0,1946.0542483660129,2.0
1.0,19.0,2.0,20.0,316.34117647058827,2.0
7.0,17.0,9.0,18.0,1547.1715686274508,2.0
8.0,5.0,9.0,15.0,25.878649237472768,4.0
0.0,0.0,1.0,3.0,0.0,5.0
0.0,3.0,1.0,17.0,0.0,5.0
0.0,17.0,1.0,20.0,0.0,5.0
1.0,3.0,2.0,5.0,90.73137254901958,5.0
1.0,5.0,2.0,17.0,57.976143790849676,5.0
1.0,17.0,2.0,19.0,69.3313725490196,5.0
2.0,16.0,3.0,17.0,3.388235294117647,5.0
8.0,0.0,9.0,5.0,1.1294117647058823,5.0
9.0,0.0,10.0,3.0,0.0,5.0
9.0,3.0,10.0,17.0,0.17478991596638654,5.0
9.0,17.0,10.0,20.0,0.0,5.0
8.0,18.0,9.0,20.0,1.1294117647058823,5.0
3.0,4.0,8.0,5.0,6.352941176470589,5.0
