l_l_m,l_l_n,u_r_m,u_r_n,avg_sal,sal_state
7.0,19.0,8.0,20.0,336.47843137254904,2.0
2.0,9.0,8.0,14.0,2297.40183006536,1.0
3.0,17.0,7.0,20.0,2442.824836601307,1.0
6.0,7.0,8.0,9.0,2097.4137254901957,2.0
2.0,8.0,6.0,9.0,1958.849019607844,2.0
2.0,14.0,3.0,20.0,2009.532026143791,2.0
3.0,14.0,7.0,17.0,2297.387581699347,2.0
1.0,18.0,2.0,20.0,1117.950980392157,2.0
7.0,14.0,8.0,16.0,1711.1078431372546,2.0
2.0,7.0,4.0,8.0,2102.262745098039,1.0
5.0,0.0,7.0,1.0,577.3196078431373,2.0
4.0,0.0,5.0,1.0,1348.847058823529,1.0
1.0,0.0,3.0,2.0,902.8617647058824,2.0
3.0,0.0,4.0,1.0,1880.1019607843134,2.0
4.0,7.0,6.0,8.0,2115.530392156863,2.0
8.0,7.0,9.0,19.0,97.29477124183006,4.0
7.0,16.0,8.0,19.0,56.021405228758184,4.0
1.0,9.0,2.0,18.0,90.16427015250544,4.0
2.0,6.0,8.0,7.0,181.67647058823528,4.0
0.0,0.0,1.0,10.0,10.16470588235294,5.0
1.0,2.0,2.0,9.0,5.082352941176472,5.0
2.0,2.0,3.0,6.0,3.388235294117647,5.0
3.0,1.0,5.0,6.0,4.065882352941176,5.0
7.0,0.0,8.0,6.0,1.2705882352941176,5.0
9.0,0.0,10.0,10.0,1.016470588235294,5.0
5.0,1.0,7.0,6.0,2.9042016806722684,5.0
8.0,0.0,9.0,7.0,1.1294117647058823,5.0
-0.0,10.0,1.0,20.0,10.16470588235294,5.0
9.0,10.0,10.0,20.0,1.016470588235294,5.0
8.0,19.0,9.0,20.0,1.1294117647058823,5.0
