l_l_m,l_l_n,u_r_m,u_r_n,avg_sal,sal_state
3.0,17.0,7.0,20.0,2223.2643790849675,1.0
2.0,8.0,7.0,10.0,1931.012156862745,2.0
7.0,8.0,8.0,18.0,1878.5368627450985,2.0
1.0,17.0,3.0,20.0,1456.7169934640522,2.0
2.0,10.0,7.0,17.0,2233.825098039216,2.0
7.0,0.0,8.0,1.0,95.17254901960784,2.0
3.0,0.0,7.0,1.0,1697.3960784313724,1.0
1.0,0.0,3.0,2.0,1135.2558823529412,2.0
3.0,1.0,4.0,2.0,171.01960784313732,2.0
8.0,8.0,9.0,19.0,15.877401465636758,4.0
7.0,18.0,8.0,20.0,34.255147058823525,4.0
1.0,7.0,2.0,17.0,94.76058823529414,4.0
2.0,7.0,6.0,8.0,41.80261437908496,4.0
0.0,0.0,1.0,10.0,10.16470588235294,5.0
1.0,2.0,4.0,7.0,7.623529411764705,5.0
4.0,1.0,5.0,7.0,2.032941176470588,5.0
8.0,0.0,9.0,8.0,1.1294117647058823,5.0
9.0,0.0,10.0,10.0,1.016470588235294,5.0
5.0,1.0,6.0,7.0,1.6941176470588235,5.0
6.0,1.0,8.0,8.0,2.541176470588236,5.0
-0.0,10.0,1.0,20.0,10.16470588235294,5.0
9.0,10.0,10.0,20.0,1.016470588235294,5.0
8.0,19.0,9.0,20.0,1.1294117647058823,5.0
