l_l_m,l_l_n,u_r_m,u_r_n,avg_sal,sal_state
3.0,9.0,6.0,13.0,2562.413071895425,1.0
2.0,7.0,3.0,15.0,1658.8784313725491,2.0
6.0,7.0,8.0,15.0,2070.866421568628,2.0
3.0,7.0,6.0,9.0,1704.988235294118,2.0
3.0,13.0,6.0,15.0,2226.0941176470587,2.0
3.0,16.0,7.0,19.0,2298.546732026144,1.0
2.0,15.0,3.0,20.0,558.636862745098,2.0
7.0,15.0,9.0,20.0,1488.2705882352946,2.0
3.0,15.0,7.0,16.0,2079.472549019608,2.0
3.0,19.0,7.0,20.0,1928.7725490196078,2.0
8.0,0.0,9.0,2.0,438.74705882352936,2.0
6.0,2.0,8.0,3.0,437.4,2.0
2.0,0.0,8.0,2.0,2139.051960784314,1.0
1.0,7.0,2.0,16.0,85.72113289760348,4.0
0.0,0.0,1.0,10.0,10.16470588235294,5.0
1.0,0.0,2.0,7.0,5.082352941176472,5.0
2.0,2.0,5.0,7.0,6.0988235294117645,5.0
9.0,0.0,10.0,10.0,1.016470588235294,5.0
5.0,2.0,6.0,7.0,1.6941176470588235,5.0
6.0,3.0,8.0,7.0,2.541176470588235,5.0
8.0,2.0,9.0,10.0,1.1294117647058823,5.0
-0.0,10.0,1.0,20.0,10.16470588235294,5.0
1.0,16.0,2.0,20.0,5.08235294117647,5.0
8.0,10.0,9.0,15.0,1.1294117647058823,5.0
9.0,10.0,10.0,20.0,1.016470588235294,5.0
