l_l_m,l_l_n,u_r_m,u_r_n,avg_sal,sal_state
7.0,13.0,8.0,14.0,2026.913725490196,2.0
3.0,8.0,8.0,13.0,2432.2161568627453,1.0
7.0,6.0,8.0,8.0,1614.2156862745096,2.0
2.0,7.0,3.0,13.0,1501.1647058823526,2.0
3.0,7.0,7.0,8.0,2156.3745098039217,2.0
2.0,14.0,8.0,16.0,1681.2839869281045,1.0
1.0,6.0,2.0,14.0,44.59411764705882,4.0
2.0,6.0,7.0,7.0,144.75518207282914,4.0
2.0,13.0,7.0,14.0,576.5305322128851,4.0
7.0,5.0,8.0,6.0,0.5034313725490196,4.0
8.0,5.0,9.0,16.0,20.796395325807094,4.0
0.0,0.0,1.0,10.0,10.16470588235294,5.0
1.0,0.0,5.0,6.0,0.0,5.0
5.0,0.0,7.0,6.0,2.9042016806722684,5.0
9.0,0.0,10.0,10.0,1.016470588235294,5.0
7.0,0.0,9.0,5.0,2.2588235294117647,5.0
-0.0,10.0,1.0,20.0,10.16470588235294,5.0
1.0,14.0,2.0,20.0,5.08235294117647,5.0
2.0,16.0,5.0,20.0,6.0988235294117645,5.0
9.0,10.0,10.0,20.0,1.016470588235294,5.0
5.0,16.0,9.0,20.0,0.0,5.0
