l_l_m,l_l_n,u_r_m,u_r_n,avg_sal,sal_state
2.0,7.0,8.0,8.0,1937.469281045752,2.0
2.0,5.0,8.0,7.0,1917.4607843137253,1.0
2.0,8.0,8.0,12.0,2285.4635620915037,1.0
3.0,14.0,7.0,18.0,2256.0093137254903,1.0
2.0,12.0,3.0,20.0,1767.943137254902,2.0
7.0,12.0,8.0,16.0,1517.3617647058825,2.0
3.0,18.0,5.0,19.0,1044.0745098039217,2.0
1.0,15.0,2.0,20.0,1070.5160784313723,2.0
3.0,12.0,7.0,14.0,2371.1431372549027,2.0
6.0,4.0,8.0,5.0,17.643627450980393,4.0
8.0,4.0,9.0,16.0,198.95065359477124,4.0
8.0,16.0,9.0,17.0,223.10588235294117,4.0
5.0,18.0,7.0,19.0,66.74901960784314,4.0
7.0,16.0,8.0,19.0,38.93660130718954,4.0
1.0,5.0,2.0,15.0,94.57901960784314,4.0
-0.0,13.0,1.0,20.0,100.91316526610643,4.0
0.0,0.0,1.0,10.0,10.16470588235294,5.0
1.0,0.0,5.0,5.0,4.555686274509804,5.0
5.0,0.0,6.0,5.0,1.6941176470588235,5.0
9.0,0.0,10.0,10.0,1.016470588235294,5.0
6.0,0.0,9.0,4.0,3.388235294117647,5.0
-0.0,10.0,1.0,13.0,10.16470588235294,5.0
3.0,19.0,5.0,20.0,4.065882352941176,5.0
9.0,10.0,10.0,20.0,1.016470588235294,5.0
5.0,19.0,8.0,20.0,3.8117647058823527,5.0
8.0,17.0,9.0,20.0,1.1294117647058823,5.0
