l_l_m,l_l_n,u_r_m,u_r_n,avg_sal,sal_state
2.0,6.0,5.0,7.0,2089.1437908496728,1.0
3.0,8.0,7.0,12.0,2500.7612745098045,1.0
3.0,14.0,7.0,16.0,2032.1455882352946,1.0
2.0,5.0,5.0,6.0,1647.7006535947712,2.0
7.0,5.0,8.0,14.0,1848.4858387799566,2.0
7.0,14.0,9.0,16.0,1444.7372549019608,2.0
2.0,7.0,3.0,14.0,1597.4862745098044,2.0
3.0,7.0,5.0,8.0,2118.3686274509805,2.0
5.0,5.0,7.0,8.0,2015.666013071896,2.0
3.0,12.0,7.0,14.0,2249.9284313725493,2.0
1.0,0.0,2.0,2.0,487.07254901960783,2.0
7.0,0.0,8.0,3.0,878.1202614379083,2.0
2.0,0.0,7.0,3.0,2446.219346405229,1.0
2.0,4.0,6.0,5.0,2148.0676470588237,1.0
1.0,3.0,7.0,4.0,1613.5869281045748,2.0
6.0,4.0,8.0,5.0,1380.7352941176473,2.0
3.0,16.0,7.0,18.0,2128.9823529411765,1.0
7.0,16.0,8.0,20.0,1303.399019607843,2.0
8.0,16.0,9.0,17.0,1187.3607843137254,2.0
1.0,18.0,7.0,20.0,1957.1565359477127,2.0
2.0,17.0,3.0,18.0,1978.8823529411768,2.0
8.0,4.0,9.0,14.0,25.90030501089325,4.0
0.0,0.0,1.0,3.0,0.0,5.0
0.0,3.0,1.0,17.0,0.0,5.0
0.0,17.0,1.0,20.0,0.0,5.0
1.0,2.0,2.0,3.0,5.08235294117647,5.0
1.0,4.0,2.0,5.0,135.2627450980392,5.0
1.0,5.0,2.0,17.0,111.8460784313725,5.0
1.0,17.0,2.0,18.0,194.41176470588238,5.0
2.0,14.0,3.0,17.0,3.388235294117647,5.0
8.0,0.0,9.0,4.0,1.1294117647058823,5.0
9.0,0.0,10.0,3.0,0.0,5.0
9.0,3.0,10.0,17.0,1.9868347338935568,5.0
9.0,17.0,10.0,20.0,0.0,5.0
8.0,17.0,9.0,20.0,1.1294117647058823,5.0
7.0,3.0,8.0,4.0,1.2705882352941176,5.0
