l_l_m,l_l_n,u_r_m,u_r_n,avg_sal,sal_state
1.0,18.0,2.0,20.0,419.4941176470588,2.0
2.0,18.0,8.0,20.0,2294.933660130718,1.0
3.0,10.0,4.0,13.0,2505.614379084968,1.0
4.0,11.0,8.0,13.0,2421.481862745098,1.0
3.0,7.0,4.0,10.0,1886.0326797385626,2.0
4.0,7.0,7.0,11.0,2177.38137254902,2.0
7.0,8.0,8.0,11.0,1889.8522875817002,2.0
3.0,13.0,8.0,18.0,2309.792470588236,2.0
2.0,9.0,3.0,18.0,1707.2836601307192,2.0
6.0,6.0,7.0,7.0,8.137254901960784,4.0
8.0,6.0,9.0,18.0,172.45000000000005,4.0
7.0,6.0,8.0,8.0,80.25122549019609,4.0
1.0,7.0,2.0,18.0,46.756862745098026,4.0
2.0,7.0,3.0,9.0,226.28954248366009,4.0
1.0,0.0,7.0,1.0,714.321568627451,4.0
7.0,0.0,8.0,1.0,109.73725490196077,4.0
0.0,0.0,1.0,10.0,10.16470588235294,5.0
1.0,1.0,5.0,7.0,1.1973856209150326,5.0
8.0,0.0,9.0,6.0,1.1294117647058823,5.0
9.0,0.0,10.0,10.0,1.016470588235294,5.0
5.0,1.0,6.0,7.0,1.6941176470588235,5.0
6.0,1.0,8.0,6.0,2.541176470588235,5.0
-0.0,10.0,1.0,20.0,10.16470588235294,5.0
9.0,10.0,10.0,20.0,1.016470588235294,5.0
8.0,18.0,9.0,20.0,1.1294117647058823,5.0
