l_l_m,l_l_n,u_r_m,u_r_n,avg_sal,sal_state
3.0,7.0,7.0,11.0,2506.0330882352937,1.0
2.0,15.0,8.0,20.0,2304.125098039216,1.0
2.0,6.0,3.0,14.0,1435.4049019607846,2.0
7.0,6.0,8.0,15.0,2119.7398692810457,2.0
3.0,11.0,7.0,15.0,2276.3860294117653,2.0
3.0,6.0,7.0,7.0,1995.2274509803922,2.0
1.0,5.0,2.0,7.0,15.858823529411767,4.0
8.0,5.0,9.0,6.0,88.32156862745096,4.0
8.0,6.0,9.0,18.0,143.72875816993462,4.0
8.0,18.0,9.0,20.0,40.909803921568624,4.0
2.0,5.0,8.0,6.0,254.3581699346405,4.0
0.0,0.0,1.0,10.0,10.16470588235294,5.0
1.0,0.0,5.0,5.0,0.8196078431372549,5.0
1.0,7.0,2.0,10.0,5.08235294117647,5.0
5.0,0.0,9.0,5.0,17.74980392156863,5.0
9.0,0.0,10.0,10.0,1.016470588235294,5.0
-0.0,10.0,2.0,20.0,10.16470588235294,5.0
2.0,14.0,3.0,15.0,3.388235294117647,5.0
9.0,10.0,10.0,20.0,1.016470588235294,5.0
