l_l_m,l_l_n,u_r_m,u_r_n,avg_sal,sal_state
3.0,8.0,6.0,10.0,2567.862091503268,1.0
3.0,11.0,5.0,12.0,2525.3882352941173,1.0
2.0,14.0,7.0,16.0,2407.3490196078437,1.0
3.0,17.0,8.0,20.0,2332.5066666666667,1.0
2.0,16.0,3.0,20.0,1815.3294117647056,2.0
3.0,16.0,7.0,17.0,2122.4254901960785,2.0
2.0,5.0,3.0,14.0,1743.714596949891,2.0
3.0,6.0,6.0,8.0,2254.490196078432,2.0
6.0,6.0,7.0,14.0,2402.0147058823527,2.0
3.0,10.0,5.0,11.0,2526.658823529412,2.0
5.0,10.0,6.0,14.0,2433.2843137254904,2.0
7.0,6.0,8.0,16.0,1643.86431372549,2.0
3.0,12.0,5.0,14.0,2285.5245098039222,2.0
2.0,4.0,8.0,5.0,531.8941176470588,2.0
2.0,2.0,8.0,4.0,2307.644117647059,1.0
2.0,0.0,8.0,2.0,2161.530065359477,1.0
3.0,5.0,8.0,6.0,340.28137254901964,4.0
8.0,5.0,9.0,15.0,9.932941176470589,4.0
0.0,0.0,2.0,4.0,22.268137254901962,5.0
0.0,4.0,2.0,16.0,80.38137254901959,5.0
0.0,16.0,2.0,20.0,60.86421568627452,5.0
8.0,0.0,9.0,5.0,1.1294117647058823,5.0
9.0,0.0,10.0,3.0,0.0,5.0
9.0,3.0,10.0,17.0,0.0,5.0
9.0,17.0,10.0,20.0,0.0,5.0
7.0,16.0,8.0,17.0,1.2705882352941176,5.0
8.0,15.0,9.0,20.0,1.1294117647058823,5.0
