l_l_m,l_l_n,u_r_m,u_r_n,avg_sal,sal_state
4.0,8.0,6.0,10.0,2542.450980392157,1.0
4.0,11.0,6.0,12.0,2583.456862745097,1.0
4.0,14.0,7.0,15.0,2529.0444444444447,1.0
5.0,7.0,6.0,8.0,1743.5843137254901,2.0
7.0,7.0,8.0,15.0,1924.319117647059,2.0
2.0,8.0,4.0,17.0,2171.1196078431367,2.0
4.0,10.0,6.0,11.0,2552.919607843137,2.0
4.0,12.0,6.0,14.0,2337.692156862745,2.0
6.0,7.0,7.0,14.0,2418.935014005602,2.0
5.0,15.0,7.0,16.0,2200.866666666667,2.0
3.0,0.0,8.0,1.0,801.3756862745097,2.0
2.0,1.0,3.0,6.0,1280.4501960784316,2.0
3.0,6.0,8.0,7.0,1158.8149019607845,2.0
3.0,1.0,8.0,6.0,2570.173960784313,1.0
4.0,16.0,7.0,18.0,2336.6313725490195,1.0
4.0,18.0,7.0,19.0,1719.1947712418305,2.0
1.0,18.0,4.0,20.0,1328.0928104575162,2.0
2.0,17.0,4.0,18.0,2383.967647058824,2.0
4.0,15.0,5.0,16.0,2315.768627450981,2.0
1.0,10.0,2.0,18.0,132.80588235294118,4.0
2.0,6.0,3.0,8.0,123.42287581699344,4.0
3.0,7.0,5.0,8.0,287.3898039215686,4.0
8.0,6.0,9.0,15.0,12.554442023723073,4.0
7.0,15.0,8.0,19.0,18.52046568627452,4.0
8.0,0.0,9.0,6.0,12.708123249299721,4.0
0.0,0.0,1.0,3.0,0.0,5.0
0.0,3.0,1.0,17.0,0.0,5.0
0.0,17.0,1.0,20.0,0.0,5.0
1.0,0.0,2.0,10.0,5.08235294117647,5.0
2.0,0.0,3.0,1.0,3.388235294117647,5.0
9.0,0.0,10.0,3.0,0.0,5.0
9.0,3.0,10.0,17.0,0.0,5.0
9.0,17.0,10.0,20.0,0.0,5.0
4.0,19.0,8.0,20.0,16.935294117647054,5.0
8.0,15.0,9.0,20.0,1.1294117647058823,5.0
