l_l_m,l_l_n,u_r_m,u_r_n,avg_sal,sal_state
6.0,13.0,8.0,14.0,872.7901960784312,2.0
3.0,8.0,8.0,13.0,2416.169882352941,1.0
2.0,7.0,3.0,13.0,1888.234640522876,2.0
3.0,7.0,8.0,8.0,2193.696470588236,2.0
1.0,6.0,2.0,14.0,26.279656862745096,4.0
8.0,6.0,9.0,14.0,9.796677559912853,4.0
2.0,13.0,6.0,14.0,366.0013071895424,4.0
2.0,6.0,8.0,7.0,254.08496732026143,4.0
0.0,0.0,1.0,10.0,10.16470588235294,5.0
1.0,0.0,5.0,6.0,0.0,5.0
5.0,0.0,9.0,6.0,0.0,5.0
9.0,0.0,10.0,10.0,1.016470588235294,5.0
-0.0,10.0,1.0,20.0,10.16470588235294,5.0
1.0,14.0,5.0,20.0,0.0,5.0
9.0,10.0,10.0,20.0,1.016470588235294,5.0
5.0,14.0,9.0,20.0,0.0,5.0
