l_l_m,l_l_n,u_r_m,u_r_n,avg_sal,sal_state
3.0,5.0,8.0,13.0,2127.2793137254903,1.0
2.0,6.0,3.0,16.0,1763.3819607843134,2.0
3.0,13.0,5.0,16.0,1538.7098039215687,2.0
5.0,13.0,8.0,14.0,1612.224836601307,2.0
5.0,14.0,8.0,16.0,191.725,4.0
1.0,6.0,2.0,16.0,97.2456862745098,4.0
8.0,5.0,9.0,14.0,13.93057371096587,4.0
0.0,0.0,1.0,10.0,10.16470588235294,5.0
1.0,0.0,3.0,6.0,6.776470588235294,5.0
3.0,0.0,5.0,5.0,4.065882352941176,5.0
5.0,0.0,9.0,5.0,0.03627450980392157,5.0
9.0,0.0,10.0,10.0,1.016470588235294,5.0
-0.0,10.0,1.0,20.0,10.16470588235294,5.0
1.0,16.0,5.0,20.0,0.0,5.0
9.0,10.0,10.0,20.0,1.016470588235294,5.0
5.0,16.0,8.0,20.0,3.8117647058823527,5.0
8.0,14.0,9.0,20.0,1.1294117647058823,5.0
