l_l_m,l_l_n,u_r_m,u_r_n,avg_sal,sal_state
8.0,18.0,9.0,20.0,927.6058823529413,2.0
3.0,5.0,7.0,9.0,2317.601715686275,1.0
7.0,5.0,8.0,9.0,1750.1519607843136,1.0
3.0,3.0,7.0,5.0,2313.329901960785,1.0
7.0,3.0,8.0,5.0,1877.7843137254904,1.0
2.0,11.0,3.0,15.0,1664.9294117647062,1.0
3.0,11.0,7.0,15.0,2366.9661764705884,1.0
7.0,11.0,8.0,15.0,2127.5843137254897,1.0
3.0,16.0,7.0,20.0,2203.391176470588,1.0
7.0,16.0,8.0,20.0,2086.127450980392,1.0
2.0,5.0,3.0,11.0,1737.8745098039215,2.0
2.0,0.0,3.0,5.0,1794.058823529412,2.0
3.0,0.0,7.0,3.0,1633.9160130718953,2.0
7.0,0.0,8.0,3.0,1712.3202614379086,2.0
3.0,9.0,7.0,11.0,2252.4818627450986,2.0
7.0,9.0,8.0,11.0,1822.2490196078434,2.0
2.0,15.0,3.0,19.0,1396.7617647058826,2.0
3.0,15.0,7.0,16.0,2264.359803921569,2.0
7.0,15.0,8.0,16.0,2082.8392156862747,2.0
8.0,0.0,9.0,6.0,736.3339869281045,4.0
8.0,6.0,9.0,12.0,763.340522875817,4.0
8.0,12.0,9.0,18.0,593.086274509804,4.0
9.0,1.0,10.0,2.0,53.361960784313716,4.0
1.0,14.0,2.0,20.0,839.4352941176471,4.0
2.0,19.0,3.0,20.0,480.6509803921569,4.0
-0.0,18.0,1.0,20.0,554.7745098039215,4.0
1.0,0.0,2.0,4.0,738.8970588235292,4.0
1.0,4.0,2.0,10.0,642.351633986928,4.0
1.0,10.0,2.0,14.0,657.9068627450981,4.0
-0.0,1.0,1.0,2.0,531.9803921568628,4.0
9.0,2.0,10.0,7.0,208.55764705882348,5.0
9.0,7.0,10.0,15.0,254.25882352941173,5.0
9.0,15.0,10.0,20.0,471.2376470588235,5.0
0.0,2.0,1.0,6.0,214.3480392156863,5.0
0.0,6.0,1.0,14.0,224.47303921568627,5.0
0.0,14.0,1.0,18.0,401.5686274509804,5.0
9.0,0.0,10.0,1.0,1.016470588235294,5.0
0.0,0.0,1.0,1.0,10.16470588235294,5.0
