l_l_m,l_l_n,u_r_m,u_r_n,avg_sal,sal_state
3.0,0.0,5.0,2.0,2198.807843137255,1.0
2.0,7.0,7.0,14.0,2289.7531652661064,1.0
2.0,0.0,3.0,2.0,1318.2509803921566,2.0
5.0,0.0,7.0,2.0,1521.65,2.0
4.0,5.0,7.0,7.0,1595.9202614379087,2.0
7.0,6.0,8.0,7.0,1181.2313725490194,2.0
7.0,7.0,8.0,19.0,1442.2699346405234,2.0
7.0,19.0,8.0,20.0,1394.4823529411765,2.0
1.0,13.0,2.0,16.0,939.4496732026145,2.0
2.0,14.0,7.0,20.0,1845.9500653594766,2.0
1.0,2.0,4.0,7.0,1450.2632679738565,2.0
7.0,0.0,8.0,1.0,1457.6823529411765,2.0
4.0,2.0,6.0,3.0,1193.1333333333332,2.0
0.0,0.0,1.0,3.0,446.1830065359477,4.0
0.0,3.0,1.0,17.0,254.43725490196084,4.0
0.0,17.0,1.0,20.0,302.4143790849673,4.0
1.0,0.0,2.0,2.0,387.81176470588235,4.0
1.0,7.0,2.0,13.0,232.9078431372549,4.0
1.0,16.0,2.0,20.0,334.56127450980387,4.0
8.0,0.0,9.0,6.0,58.61169208424111,4.0
9.0,0.0,10.0,4.0,12.530980392156865,4.0
4.0,3.0,6.0,5.0,198.24411764705883,4.0
6.0,2.0,7.0,5.0,124.21101774042948,4.0
7.0,1.0,8.0,6.0,112.4785294117647,4.0
8.0,14.0,9.0,20.0,39.66623093681917,4.0
9.0,17.0,10.0,20.0,8.074771241830065,4.0
9.0,4.0,10.0,10.0,1.016470588235294,5.0
8.0,6.0,9.0,10.0,1.1294117647058823,5.0
8.0,10.0,9.0,14.0,1.1294117647058823,5.0
9.0,10.0,10.0,17.0,1.0164705882352942,5.0
