l_l_m,l_l_n,u_r_m,u_r_n,avg_sal,sal_state
1.0,0.0,2.0,2.0,948.8725490196077,2.0
2.0,0.0,5.0,3.0,2222.0527233115467,1.0
2.0,6.0,7.0,13.0,2264.9462184873955,1.0
5.0,0.0,7.0,3.0,1526.3313725490195,2.0
7.0,0.0,8.0,1.0,807.4,2.0
7.0,1.0,8.0,4.0,752.6666666666665,2.0
6.0,3.0,7.0,4.0,1232.6196078431376,2.0
6.0,4.0,7.0,6.0,1367.0019607843135,2.0
8.0,4.0,9.0,7.0,513.9986928104576,2.0
5.0,19.0,8.0,20.0,1041.5934640522876,2.0
1.0,18.0,2.0,20.0,919.4274509803923,2.0
1.0,12.0,2.0,17.0,993.5513725490193,2.0
2.0,13.0,5.0,20.0,1688.3794584500467,2.0
5.0,13.0,6.0,17.0,1342.2607843137253,2.0
1.0,3.0,2.0,7.0,1071.3254901960786,2.0
2.0,3.0,6.0,6.0,1550.2202614379087,2.0
7.0,4.0,8.0,14.0,1563.5360784313723,2.0
6.0,13.0,7.0,14.0,989.3843137254904,2.0
0.0,0.0,1.0,3.0,252.1503267973856,4.0
0.0,3.0,1.0,17.0,267.57142857142856,4.0
0.0,17.0,1.0,20.0,330.28366013071894,4.0
1.0,2.0,2.0,3.0,391.65294117647056,4.0
1.0,7.0,2.0,12.0,240.923137254902,4.0
1.0,17.0,2.0,18.0,440.26274509803915,4.0
6.0,14.0,8.0,19.0,180.77725490196084,4.0
5.0,17.0,6.0,19.0,143.12647058823532,4.0
8.0,7.0,9.0,14.0,29.39863056333645,4.0
8.0,0.0,9.0,4.0,1.1294117647058823,5.0
9.0,0.0,10.0,10.0,1.016470588235294,5.0
9.0,10.0,10.0,20.0,1.016470588235294,5.0
8.0,14.0,9.0,20.0,1.1294117647058823,5.0
