l_l_m,l_l_n,u_r_m,u_r_n,avg_sal,sal_state
2.0,0.0,8.0,2.0,2104.3163398692814,2.0
2.0,2.0,8.0,6.0,2186.792156862745,1.0
4.0,7.0,6.0,13.0,2465.8611111111113,1.0
3.0,16.0,7.0,20.0,2414.761519607844,1.0
1.0,5.0,2.0,7.0,1033.6333333333332,2.0
2.0,6.0,6.0,7.0,804.7862745098039,2.0
3.0,7.0,4.0,16.0,2185.557734204793,2.0
6.0,6.0,7.0,16.0,2037.6431372549027,2.0
4.0,13.0,6.0,16.0,1881.107189542484,2.0
7.0,6.0,8.0,7.0,480.09411764705885,4.0
7.0,7.0,8.0,19.0,1265.0045751633984,4.0
7.0,19.0,8.0,20.0,1089.9333333333334,4.0
8.0,15.0,9.0,16.0,64.0496732026144,4.0
2.0,7.0,3.0,19.0,1078.4669934640522,4.0
2.0,19.0,3.0,20.0,1038.2784313725488,4.0
1.0,15.0,2.0,16.0,251.8862745098039,4.0
8.0,0.0,9.0,1.0,451.1803921568628,5.0
8.0,1.0,9.0,13.0,159.84248366013068,5.0
8.0,13.0,9.0,15.0,570.8039215686274,5.0
9.0,0.0,10.0,3.0,30.833986928104572,5.0
9.0,3.0,10.0,17.0,39.205322128851535,5.0
9.0,17.0,10.0,20.0,113.5346405228758,5.0
8.0,16.0,9.0,20.0,1.1294117647058823,5.0
0.0,0.0,1.0,3.0,0.047058823529411764,5.0
0.0,3.0,1.0,17.0,15.841456582633054,5.0
0.0,17.0,1.0,20.0,8.291503267973857,5.0
1.0,0.0,2.0,5.0,5.08235294117647,5.0
1.0,7.0,2.0,15.0,5.08235294117647,5.0
1.0,16.0,2.0,20.0,5.08235294117647,5.0
