l_l_m,l_l_n,u_r_m,u_r_n,avg_sal,sal_state
2.0,7.0,8.0,14.0,2113.6276377217555,1.0
2.0,0.0,6.0,7.0,1547.0484593837534,2.0
1.0,0.0,2.0,7.0,1177.4072829131653,2.0
6.0,2.0,7.0,3.0,1262.7215686274512,2.0
6.0,5.0,8.0,7.0,1280.843137254902,2.0
6.0,3.0,9.0,4.0,1133.954248366013,2.0
6.0,0.0,7.0,1.0,1235.156862745098,2.0
1.0,12.0,2.0,20.0,1040.326960784314,2.0
2.0,14.0,7.0,20.0,1659.555163398693,2.0
7.0,14.0,8.0,15.0,964.3921568627452,2.0
7.0,0.0,9.0,3.0,187.53173565722588,4.0
9.0,0.0,10.0,3.0,147.7986928104575,4.0
9.0,3.0,10.0,17.0,60.53053221288514,4.0
9.0,17.0,10.0,20.0,16.64967320261438,4.0
7.0,15.0,8.0,20.0,83.94509803921571,4.0
6.0,4.0,8.0,5.0,214.78774509803924,4.0
8.0,4.0,9.0,6.0,671.1980392156862,4.0
8.0,6.0,9.0,18.0,275.27450980392155,4.0
8.0,18.0,9.0,20.0,512.9921568627451,4.0
6.0,1.0,7.0,2.0,161.24257703081233,4.0
0.0,0.0,1.0,11.0,321.12049910873435,4.0
1.0,7.0,2.0,12.0,286.41647058823526,4.0
-0.0,11.0,1.0,20.0,279.75076252723306,4.0
