l_l_m,l_l_n,u_r_m,u_r_n,avg_sal,sal_state
2.0,0.0,3.0,2.0,1379.3647058823526,2.0
8.0,5.0,9.0,7.0,920.4098039215687,2.0
3.0,0.0,8.0,2.0,2179.1105882352945,1.0
3.0,5.0,8.0,13.0,2174.974901960785,1.0
3.0,13.0,8.0,14.0,2003.176470588236,1.0
2.0,6.0,3.0,14.0,1736.6897058823527,1.0
8.0,1.0,9.0,3.0,791.1549019607843,2.0
3.0,4.0,5.0,5.0,1440.0392156862745,2.0
5.0,3.0,8.0,5.0,1855.4405228758167,2.0
4.0,2.0,8.0,3.0,1564.8137254901956,2.0
1.0,14.0,2.0,16.0,750.1098039215686,2.0
8.0,15.0,9.0,17.0,269.3156862745098,2.0
2.0,14.0,8.0,20.0,1887.451633986928,2.0
1.0,0.0,2.0,3.0,307.2849673202614,4.0
2.0,2.0,4.0,3.0,505.38921568627455,4.0
2.0,4.0,3.0,6.0,197.53660130718958,4.0
1.0,3.0,2.0,4.0,132.50196078431372,4.0
2.0,3.0,5.0,4.0,598.7192156862745,4.0
-0.0,1.0,1.0,3.0,268.964705882353,4.0
9.0,2.0,10.0,8.0,39.82529411764706,4.0
8.0,7.0,9.0,15.0,52.48333333333333,4.0
8.0,3.0,9.0,5.0,94.45185185185184,4.0
-0.0,14.0,1.0,19.0,385.5780392156863,4.0
1.0,16.0,2.0,20.0,326.4671568627451,4.0
1.0,6.0,2.0,14.0,140.4642156862745,4.0
8.0,17.0,9.0,20.0,55.40493827160494,4.0
-0.0,3.0,1.0,14.0,10.16470588235294,5.0
1.0,4.0,2.0,6.0,5.08235294117647,5.0
9.0,8.0,10.0,20.0,1.016470588235294,5.0
8.0,0.0,9.0,1.0,1.1294117647058823,5.0
9.0,0.0,10.0,2.0,1.016470588235294,5.0
-0.0,19.0,1.0,20.0,10.16470588235294,5.0
0.0,0.0,1.0,1.0,10.16470588235294,5.0
