l_l_m,l_l_n,u_r_m,u_r_n,avg_sal,sal_state
6.0,0.0,8.0,1.0,2118.570588235294,2.0
2.0,2.0,4.0,4.0,1175.198039215686,2.0
8.0,3.0,9.0,4.0,921.2117647058824,2.0
1.0,16.0,2.0,17.0,827.9725490196079,2.0
4.0,8.0,8.0,13.0,2300.650980392157,1.0
2.0,14.0,7.0,20.0,2052.459869281045,1.0
2.0,0.0,4.0,2.0,1886.507843137255,1.0
4.0,0.0,6.0,4.0,2075.4637254901963,1.0
6.0,1.0,8.0,4.0,2259.2751633986927,1.0
4.0,4.0,8.0,8.0,1815.167401960784,2.0
4.0,13.0,7.0,14.0,2086.639215686275,2.0
7.0,13.0,8.0,20.0,1487.2453781512604,2.0
2.0,7.0,4.0,14.0,1820.3420168067228,2.0
2.0,4.0,4.0,7.0,394.31797385620916,4.0
1.0,17.0,2.0,20.0,314.2117647058824,4.0
-0.0,13.0,1.0,19.0,232.20457516339872,4.0
1.0,6.0,2.0,16.0,165.63882352941175,4.0
8.0,0.0,9.0,3.0,71.82570806100217,4.0
9.0,2.0,10.0,15.0,29.77674208144796,4.0
8.0,4.0,9.0,16.0,585.3258169934642,4.0
1.0,0.0,2.0,4.0,208.2696078431373,4.0
8.0,16.0,9.0,20.0,44.840740740740735,4.0
9.0,18.0,10.0,19.0,32.21411764705882,4.0
0.0,0.0,1.0,13.0,10.16470588235294,5.0
1.0,4.0,2.0,6.0,5.08235294117647,5.0
9.0,15.0,10.0,18.0,1.016470588235294,5.0
9.0,0.0,10.0,2.0,1.016470588235294,5.0
9.0,19.0,10.0,20.0,1.016470588235294,5.0
-0.0,19.0,1.0,20.0,10.16470588235294,5.0
