l_l_m,l_l_n,u_r_m,u_r_n,avg_sal,sal_state
3.0,2.0,4.0,4.0,1196.643137254902,2.0
1.0,13.0,2.0,14.0,803.7098039215688,2.0
8.0,16.0,9.0,18.0,960.5490196078433,2.0
4.0,0.0,7.0,4.0,2208.6787581699346,1.0
2.0,6.0,8.0,8.0,1813.6924836601308,1.0
2.0,8.0,8.0,16.0,2115.808741830065,1.0
2.0,16.0,8.0,18.0,2096.420588235294,1.0
4.0,19.0,6.0,20.0,2022.0647058823527,1.0
7.0,0.0,8.0,6.0,2033.1686274509805,2.0
8.0,0.0,9.0,7.0,1134.1361344537813,2.0
5.0,4.0,7.0,6.0,1147.3901960784315,2.0
2.0,18.0,8.0,19.0,1527.0647058823529,2.0
3.0,19.0,4.0,20.0,588.9921568627451,2.0
6.0,19.0,9.0,20.0,1752.4313725490194,2.0
9.0,0.0,10.0,3.0,502.4967320261438,4.0
9.0,3.0,10.0,17.0,291.38963585434175,4.0
9.0,17.0,10.0,20.0,536.5725490196079,4.0
8.0,18.0,9.0,19.0,104.2,4.0
8.0,7.0,9.0,16.0,72.42464294359718,4.0
2.0,0.0,3.0,4.0,125.297385620915,4.0
3.0,0.0,4.0,2.0,223.62254901960785,4.0
-0.0,4.0,1.0,8.0,311.1421568627452,4.0
1.0,4.0,2.0,13.0,307.62374727668845,4.0
2.0,4.0,5.0,6.0,467.18666666666667,4.0
-0.0,13.0,1.0,16.0,341.11633986928103,4.0
1.0,14.0,2.0,18.0,259.65735294117644,4.0
0.0,0.0,2.0,4.0,10.16470588235294,5.0
-0.0,16.0,1.0,20.0,10.16470588235294,5.0
1.0,18.0,2.0,20.0,5.08235294117647,5.0
2.0,19.0,3.0,20.0,3.388235294117647,5.0
-0.0,8.0,1.0,13.0,10.16470588235294,5.0
