l_l_m,l_l_n,u_r_m,u_r_n,avg_sal,sal_state
3.0,5.0,7.0,13.0,2298.8987745098043,1.0
1.0,4.0,2.0,8.0,733.4411764705882,2.0
2.0,4.0,3.0,14.0,1832.553333333333,2.0
3.0,13.0,4.0,14.0,737.9058823529413,2.0
4.0,13.0,8.0,14.0,634.0401960784312,2.0
8.0,13.0,9.0,14.0,617.0313725490196,2.0
7.0,6.0,8.0,13.0,1535.4341736694676,2.0
3.0,4.0,4.0,5.0,924.5215686274513,2.0
4.0,4.0,8.0,5.0,414.07549019607836,4.0
8.0,5.0,9.0,13.0,43.172712418300655,4.0
7.0,5.0,8.0,6.0,63.489705882352936,4.0
1.0,8.0,2.0,15.0,171.43361344537814,4.0
2.0,14.0,3.0,15.0,11.098039215686276,4.0
0.0,0.0,1.0,10.0,10.16470588235294,5.0
1.0,0.0,5.0,4.0,12.80122549019608,5.0
5.0,0.0,8.0,4.0,3.8117647058823527,5.0
9.0,0.0,10.0,10.0,1.016470588235294,5.0
8.0,0.0,9.0,5.0,1.1294117647058823,5.0
-0.0,10.0,1.0,20.0,10.16470588235294,5.0
1.0,15.0,3.0,20.0,6.776470588235294,5.0
3.0,14.0,5.0,20.0,4.065882352941176,5.0
9.0,10.0,10.0,20.0,1.016470588235294,5.0
5.0,14.0,9.0,20.0,7.64673202614379,5.0
