l_l_m,l_l_n,u_r_m,u_r_n,avg_sal,sal_state
1.0,0.0,3.0,1.0,1359.9411764705885,2.0
7.0,18.0,8.0,20.0,1457.7254901960782,2.0
3.0,0.0,7.0,4.0,2175.129166666667,1.0
3.0,7.0,7.0,12.0,2460.016078431373,1.0
3.0,14.0,6.0,20.0,2131.248801742919,1.0
6.0,15.0,7.0,20.0,1904.484705882353,1.0
7.0,0.0,8.0,1.0,2026.058823529412,2.0
7.0,1.0,8.0,13.0,1954.7666666666669,2.0
7.0,13.0,8.0,14.0,1761.7960784313727,2.0
1.0,17.0,2.0,19.0,1042.9980392156863,2.0
2.0,2.0,3.0,5.0,1002.5490196078433,2.0
2.0,5.0,3.0,17.0,1858.378758169935,2.0
2.0,17.0,3.0,20.0,1889.98954248366,2.0
3.0,4.0,7.0,7.0,1997.377777777777,2.0
3.0,12.0,7.0,14.0,2232.7911764705887,2.0
8.0,0.0,10.0,3.0,561.311111111111,4.0
8.0,3.0,10.0,17.0,264.0152661064426,4.0
8.0,17.0,10.0,20.0,491.9607843137255,4.0
6.0,14.0,7.0,15.0,145.80616246498604,4.0
7.0,14.0,8.0,18.0,112.53504901960785,4.0
1.0,5.0,2.0,17.0,570.6186274509804,4.0
1.0,19.0,2.0,20.0,426.5823529411765,4.0
-0.0,14.0,1.0,20.0,345.1751633986928,4.0
0.0,0.0,1.0,3.0,402.44836601307196,4.0
1.0,1.0,2.0,3.0,209.62058823529406,4.0
2.0,1.0,3.0,2.0,273.28366013071894,4.0
-0.0,3.0,1.0,10.0,10.164705882352944,5.0
1.0,3.0,2.0,5.0,5.08235294117647,5.0
-0.0,10.0,1.0,14.0,10.16470588235294,5.0
