l_l_m,l_l_n,u_r_m,u_r_n,avg_sal,sal_state
4.0,8.0,6.0,13.0,2438.425882352941,1.0
7.0,3.0,8.0,4.0,531.0509803921568,2.0
7.0,4.0,8.0,16.0,1562.4401960784314,2.0
7.0,16.0,8.0,17.0,1494.3019607843135,2.0
8.0,3.0,9.0,5.0,1419.9039215686275,2.0
2.0,4.0,3.0,16.0,1789.1035947712414,2.0
3.0,5.0,4.0,15.0,2146.8282352941183,2.0
3.0,15.0,4.0,16.0,1574.9019607843136,2.0
4.0,5.0,6.0,8.0,2101.8738562091507,2.0
6.0,4.0,7.0,5.0,1482.992156862745,2.0
6.0,5.0,7.0,15.0,2258.661568627451,2.0
6.0,15.0,7.0,17.0,1532.3764705882352,2.0
4.0,13.0,6.0,16.0,1910.655555555556,2.0
2.0,17.0,8.0,20.0,2235.512854030501,1.0
2.0,0.0,8.0,2.0,1761.3581699346405,1.0
9.0,0.0,10.0,8.0,47.65877450980393,4.0
8.0,5.0,9.0,9.0,67.51688453159039,4.0
7.0,2.0,8.0,3.0,3.3318627450980385,4.0
8.0,1.0,9.0,3.0,42.22962962962963,4.0
8.0,10.0,9.0,20.0,49.44322440087146,4.0
9.0,16.0,10.0,20.0,52.16490196078432,4.0
2.0,3.0,7.0,4.0,123.60728291316526,4.0
3.0,4.0,6.0,5.0,482.74575163398697,4.0
2.0,16.0,6.0,17.0,601.2202614379088,4.0
1.0,4.0,2.0,15.0,142.22673796791443,4.0
0.0,0.0,1.0,3.0,0.0,5.0
0.0,3.0,1.0,17.0,0.0,5.0
0.0,17.0,1.0,20.0,0.0,5.0
1.0,0.0,2.0,4.0,5.08235294117647,5.0
2.0,2.0,7.0,3.0,7.260504201680673,5.0
1.0,15.0,2.0,20.0,5.08235294117647,5.0
9.0,8.0,10.0,16.0,1.016470588235294,5.0
8.0,9.0,9.0,10.0,1.1294117647058823,5.0
8.0,0.0,9.0,1.0,1.1294117647058823,5.0
