l_l_m,l_l_n,u_r_m,u_r_n,avg_sal,sal_state
2.0,0.0,8.0,4.0,2262.203758169934,1.0
2.0,14.0,7.0,16.0,2250.9862745098044,1.0
2.0,17.0,7.0,20.0,2383.0028758169933,1.0
3.0,8.0,6.0,12.0,2517.671241830065,1.0
6.0,8.0,7.0,13.0,2381.330980392157,1.0
2.0,16.0,7.0,17.0,2165.843921568628,2.0
1.0,4.0,7.0,8.0,1081.1866013071897,4.0
7.0,4.0,8.0,8.0,967.5068627450979,4.0
8.0,6.0,9.0,8.0,22.82418300653595,4.0
8.0,11.0,9.0,16.0,15.10779956427015,4.0
2.0,8.0,7.0,14.0,407.68804855275437,4.0
7.0,8.0,8.0,20.0,922.2039215686273,4.0
0.0,0.0,1.0,3.0,0.0,5.0
0.0,3.0,1.0,17.0,30.27535014005602,5.0
0.0,17.0,1.0,20.0,0.0,5.0
1.0,0.0,2.0,4.0,5.08235294117647,5.0
1.0,8.0,2.0,20.0,241.19052287581695,5.0
8.0,0.0,9.0,6.0,1.1294117647058823,5.0
9.0,0.0,10.0,3.0,0.0,5.0
9.0,3.0,10.0,17.0,0.0,5.0
9.0,17.0,10.0,20.0,0.0,5.0
8.0,16.0,9.0,20.0,1.1294117647058823,5.0
8.0,8.0,9.0,11.0,1.1294117647058823,5.0
