l_l_m,l_l_n,u_r_m,u_r_n,avg_sal,sal_state
2.0,0.0,5.0,2.0,2110.5575163398694,1.0
3.0,17.0,5.0,20.0,1939.6901960784314,1.0
2.0,5.0,7.0,13.0,2238.770882352941,1.0
7.0,10.0,8.0,12.0,1805.3803921568629,1.0
1.0,0.0,2.0,3.0,1152.8405228758168,2.0
2.0,2.0,7.0,5.0,1606.8420915032675,2.0
5.0,1.0,8.0,2.0,1435.1503267973858,2.0
7.0,3.0,8.0,10.0,1780.6700280112047,2.0
1.0,4.0,2.0,6.0,861.6745098039215,2.0
7.0,12.0,8.0,15.0,1410.0431372549021,2.0
1.0,16.0,2.0,19.0,1122.2196078431373,2.0
2.0,16.0,3.0,20.0,1996.0098039215686,2.0
3.0,16.0,5.0,17.0,1525.105882352941,2.0
2.0,13.0,6.0,16.0,1911.174183006536,2.0
6.0,13.0,7.0,15.0,1804.874509803921,2.0
0.0,0.0,1.0,3.0,394.318954248366,4.0
0.0,3.0,1.0,17.0,254.46050420168072,4.0
0.0,17.0,1.0,20.0,399.4392156862745,4.0
1.0,3.0,2.0,4.0,391.95490196078435,4.0
1.0,6.0,2.0,16.0,280.6576470588235,4.0
1.0,19.0,2.0,20.0,486.9313725490196,4.0
6.0,15.0,8.0,20.0,156.38098039215686,4.0
5.0,16.0,6.0,20.0,134.32058823529408,4.0
5.0,0.0,8.0,1.0,322.8705882352941,4.0
8.0,1.0,9.0,13.0,288.62810457516343,4.0
8.0,0.0,9.0,1.0,152.96862745098042,4.0
7.0,2.0,8.0,3.0,111.32941176470592,4.0
9.0,0.0,10.0,10.0,1.016470588235294,5.0
9.0,10.0,10.0,20.0,1.016470588235294,5.0
8.0,13.0,9.0,20.0,1.1294117647058823,5.0
