l_l_m,l_l_n,u_r_m,u_r_n,avg_sal,sal_state
6.0,4.0,8.0,5.0,1228.0313725490196,2.0
2.0,5.0,3.0,11.0,1254.2718954248364,2.0
3.0,5.0,8.0,12.0,2258.9551820728298,1.0
3.0,15.0,4.0,17.0,2181.3745098039217,1.0
2.0,18.0,7.0,20.0,2413.697647058824,1.0
3.0,12.0,4.0,15.0,1484.0248366013075,2.0
4.0,12.0,8.0,15.0,1952.9888888888888,2.0
8.0,12.0,9.0,15.0,913.5973856209152,2.0
2.0,14.0,3.0,18.0,1525.4843137254902,2.0
7.0,15.0,8.0,20.0,1642.058823529412,2.0
4.0,15.0,7.0,18.0,2234.7633986928104,2.0
3.0,17.0,4.0,18.0,2419.949019607843,2.0
2.0,0.0,7.0,3.0,2348.0569934640525,1.0
7.0,0.0,8.0,4.0,1383.8401960784313,2.0
1.0,3.0,4.0,5.0,1500.5692810457513,2.0
4.0,3.0,7.0,4.0,1821.7137254901959,2.0
8.0,4.0,9.0,12.0,35.280174291939005,4.0
0.0,0.0,1.0,3.0,0.0,5.0
0.0,3.0,1.0,17.0,0.0,5.0
0.0,17.0,1.0,20.0,0.0,5.0
1.0,0.0,2.0,3.0,5.08235294117647,5.0
1.0,5.0,2.0,6.0,72.45490196078431,5.0
1.0,6.0,2.0,18.0,66.76437908496733,5.0
1.0,18.0,2.0,20.0,201.63333333333333,5.0
2.0,11.0,3.0,14.0,3.388235294117647,5.0
8.0,0.0,9.0,4.0,1.1294117647058823,5.0
9.0,0.0,10.0,3.0,0.0,5.0
9.0,3.0,10.0,17.0,7.809803921568627,5.0
9.0,17.0,10.0,20.0,0.0,5.0
8.0,15.0,9.0,20.0,1.1294117647058823,5.0
4.0,4.0,6.0,5.0,3.388235294117647,5.0
