l_l_m,l_l_n,u_r_m,u_r_n,avg_sal,sal_state
3.0,1.0,8.0,5.0,2341.120980392157,1.0
4.0,6.0,7.0,7.0,2445.973856209151,1.0
2.0,8.0,7.0,11.0,2357.424052287582,1.0
3.0,12.0,5.0,13.0,2367.972549019608,1.0
3.0,14.0,7.0,16.0,2133.6495098039222,1.0
3.0,0.0,8.0,1.0,2169.5200000000004,2.0
7.0,5.0,8.0,13.0,1793.8200980392153,2.0
5.0,16.0,7.0,17.0,1536.0980392156866,2.0
3.0,13.0,7.0,14.0,2178.2333333333336,2.0
7.0,13.0,9.0,17.0,1642.857843137255,2.0
4.0,5.0,7.0,6.0,2222.877124183007,2.0
4.0,7.0,7.0,8.0,2409.915032679739,2.0
2.0,18.0,8.0,20.0,2130.5977124183005,1.0
1.0,17.0,2.0,19.0,291.60784313725486,2.0
2.0,17.0,4.0,18.0,539.929411764706,2.0
1.0,0.0,2.0,1.0,92.41176470588236,4.0
2.0,0.0,3.0,8.0,304.2364379084967,4.0
3.0,5.0,4.0,8.0,447.02156862745096,4.0
1.0,7.0,2.0,9.0,139.3372549019608,4.0
1.0,4.0,2.0,6.0,105.17058823529413,4.0
1.0,10.0,2.0,13.0,104.33202614379086,4.0
2.0,11.0,3.0,14.0,257.8653594771242,4.0
5.0,11.0,7.0,13.0,499.5899159663865,4.0
3.0,11.0,5.0,12.0,638.603137254902,4.0
3.0,16.0,5.0,17.0,204.00392156862745,4.0
8.0,17.0,9.0,20.0,59.64429920116196,4.0
4.0,17.0,8.0,18.0,747.9637254901961,4.0
8.0,0.0,9.0,8.0,23.93948801742919,4.0
0.0,0.0,1.0,3.0,0.0,5.0
0.0,3.0,1.0,17.0,0.6319327731092436,5.0
0.0,17.0,1.0,20.0,0.0,5.0
1.0,1.0,2.0,4.0,5.08235294117647,5.0
1.0,6.0,2.0,7.0,5.08235294117647,5.0
1.0,9.0,2.0,10.0,5.08235294117647,5.0
1.0,13.0,2.0,17.0,5.08235294117647,5.0
2.0,14.0,3.0,17.0,3.388235294117647,5.0
1.0,19.0,2.0,20.0,5.08235294117647,5.0
9.0,0.0,10.0,3.0,0.0,5.0
9.0,3.0,10.0,17.0,25.58795518207283,5.0
9.0,17.0,10.0,20.0,11.983006535947714,5.0
8.0,8.0,9.0,13.0,1.1294117647058823,5.0
