l_l_m,l_l_n,u_r_m,u_r_n,avg_sal,sal_state
4.0,8.0,5.0,9.0,2566.9098039215687,1.0
3.0,17.0,7.0,18.0,2572.4529411764706,1.0
2.0,6.0,3.0,7.0,2053.9098039215687,2.0
2.0,7.0,3.0,19.0,2110.2584967320263,2.0
2.0,19.0,3.0,20.0,2211.623529411765,2.0
7.0,6.0,8.0,18.0,1533.1696078431369,2.0
7.0,18.0,8.0,19.0,1173.9058823529413,2.0
4.0,6.0,5.0,8.0,2342.93137254902,2.0
5.0,6.0,7.0,16.0,2382.027450980392,2.0
5.0,16.0,7.0,17.0,2509.4686274509804,2.0
4.0,9.0,5.0,17.0,2448.460294117647,2.0
3.0,6.0,4.0,16.0,2474.587058823529,2.0
3.0,16.0,4.0,17.0,2416.094117647059,2.0
3.0,18.0,7.0,20.0,2157.718137254902,2.0
2.0,0.0,8.0,1.0,1157.1346405228758,2.0
2.0,5.0,8.0,6.0,2209.4745098039216,2.0
2.0,1.0,8.0,5.0,2318.605882352941,1.0
1.0,4.0,2.0,6.0,64.2764705882353,4.0
1.0,6.0,2.0,18.0,178.9803921568627,4.0
1.0,18.0,2.0,20.0,229.456862745098,4.0
8.0,0.0,10.0,3.0,33.598692810457514,5.0
8.0,3.0,10.0,17.0,21.677450980392155,5.0
8.0,17.0,10.0,20.0,0.7339869281045752,5.0
7.0,19.0,8.0,20.0,1.2705882352941176,5.0
0.0,0.0,1.0,3.0,0.0,5.0
0.0,3.0,1.0,17.0,0.0,5.0
0.0,17.0,1.0,20.0,0.0,5.0
1.0,0.0,2.0,4.0,5.08235294117647,5.0
