l_l_m,l_l_n,u_r_m,u_r_n,avg_sal,sal_state
3.0,8.0,7.0,14.0,2220.5413398692813,1.0
2.0,17.0,8.0,20.0,2311.897385620915,1.0
2.0,6.0,3.0,17.0,1651.2959001782529,2.0
3.0,7.0,7.0,8.0,1937.1117647058825,2.0
7.0,6.0,8.0,17.0,1840.936541889484,2.0
3.0,14.0,7.0,17.0,2009.1872549019613,2.0
2.0,0.0,8.0,3.0,2302.226361655773,1.0
2.0,3.0,3.0,5.0,1368.6666666666665,2.0
3.0,3.0,8.0,4.0,1607.4501960784314,2.0
8.0,2.0,9.0,5.0,689.4039215686274,4.0
8.0,5.0,9.0,17.0,651.7313725490197,4.0
8.0,17.0,9.0,20.0,356.96732026143786,4.0
9.0,2.0,10.0,16.0,355.0613445378151,4.0
9.0,16.0,10.0,17.0,286.7725490196079,4.0
3.0,6.0,7.0,7.0,617.9546218487395,4.0
-0.0,6.0,1.0,15.0,202.4718954248366,4.0
1.0,4.0,2.0,16.0,595.7009803921568,4.0
2.0,5.0,3.0,6.0,368.2692810457517,4.0
3.0,4.0,8.0,6.0,547.2240196078432,4.0
0.0,0.0,1.0,6.0,10.16470588235294,5.0
1.0,0.0,2.0,4.0,5.08235294117647,5.0
-0.0,15.0,1.0,20.0,10.16470588235294,5.0
1.0,16.0,2.0,20.0,5.08235294117647,5.0
8.0,0.0,10.0,2.0,2.032941176470588,5.0
9.0,17.0,10.0,20.0,1.016470588235294,5.0
