l_l_m,l_l_n,u_r_m,u_r_n,avg_sal,sal_state
1.0,12.0,2.0,16.0,566.5274509803921,2.0
2.0,16.0,7.0,17.0,622.989019607843,2.0
4.0,3.0,8.0,4.0,1500.9803921568628,1.0
4.0,4.0,8.0,14.0,2123.0743137254904,1.0
4.0,14.0,8.0,16.0,1768.8892156862744,1.0
2.0,5.0,4.0,15.0,2046.5172549019608,1.0
2.0,15.0,4.0,16.0,1869.1411764705888,1.0
7.0,0.0,8.0,3.0,1309.9032679738566,2.0
8.0,0.0,9.0,5.0,1181.9223529411765,2.0
6.0,2.0,7.0,3.0,848.0509803921567,2.0
9.0,0.0,10.0,3.0,653.8065359477124,4.0
9.0,3.0,10.0,17.0,326.22492997198884,4.0
9.0,17.0,10.0,20.0,688.3254901960785,4.0
7.0,18.0,8.0,20.0,24.890686274509807,4.0
7.0,16.0,8.0,17.0,26.345588235294123,4.0
8.0,5.0,9.0,6.0,731.9960784313727,4.0
8.0,6.0,9.0,18.0,491.3575163398692,4.0
8.0,18.0,9.0,20.0,919.972549019608,4.0
1.0,5.0,2.0,12.0,207.45882352941175,4.0
2.0,3.0,4.0,5.0,293.39950980392155,4.0
0.0,0.0,1.0,10.0,10.16470588235294,5.0
1.0,0.0,2.0,5.0,5.08235294117647,5.0
2.0,0.0,5.0,3.0,6.0988235294117645,5.0
5.0,0.0,6.0,3.0,1.6941176470588235,5.0
6.0,0.0,7.0,2.0,1.4521008403361344,5.0
-0.0,10.0,1.0,20.0,10.16470588235294,5.0
1.0,16.0,2.0,20.0,5.08235294117647,5.0
2.0,17.0,5.0,20.0,6.0988235294117645,5.0
5.0,17.0,7.0,20.0,2.9042016806722684,5.0
7.0,17.0,8.0,18.0,1.2705882352941176,5.0
