l_l_m,l_l_n,u_r_m,u_r_n,avg_sal,sal_state
2.0,6.0,8.0,10.0,2139.1694444444447,1.0
5.0,13.0,8.0,17.0,2215.427450980392,1.0
2.0,10.0,8.0,13.0,2029.224183006536,2.0
4.0,13.0,5.0,14.0,1941.3607843137254,2.0
4.0,15.0,5.0,20.0,2195.5521568627455,2.0
5.0,17.0,8.0,20.0,2195.886274509804,2.0
2.0,16.0,4.0,20.0,2089.7867647058824,2.0
2.0,0.0,3.0,4.0,1503.4833333333331,2.0
8.0,3.0,9.0,5.0,625.4411764705882,2.0
3.0,0.0,8.0,5.0,2049.03294117647,1.0
9.0,2.0,10.0,16.0,402.76134453781515,4.0
8.0,5.0,9.0,17.0,513.2741830065361,4.0
1.0,6.0,2.0,7.0,73.4235294117647,4.0
1.0,7.0,2.0,19.0,114.08627450980393,4.0
1.0,19.0,2.0,20.0,112.89803921568628,4.0
2.0,13.0,4.0,16.0,559.2058823529413,4.0
4.0,14.0,5.0,15.0,240.5254901960784,4.0
8.0,0.0,9.0,3.0,53.812926652142345,4.0
0.0,0.0,1.0,3.0,0.0,5.0
0.0,3.0,1.0,17.0,0.0,5.0
0.0,17.0,1.0,20.0,0.0,5.0
1.0,0.0,2.0,6.0,5.08235294117647,5.0
2.0,4.0,3.0,6.0,3.388235294117647,5.0
3.0,5.0,8.0,6.0,6.352941176470589,5.0
9.0,16.0,10.0,20.0,1.016470588235294,5.0
8.0,17.0,9.0,20.0,1.1294117647058823,5.0
9.0,0.0,10.0,2.0,1.016470588235294,5.0
