l_l_m,l_l_n,u_r_m,u_r_n,avg_sal,sal_state
2.0,3.0,8.0,8.0,2138.5437908496733,2.0
2.0,8.0,8.0,11.0,2331.212636165577,1.0
5.0,11.0,8.0,14.0,2156.625708061003,2.0
2.0,14.0,8.0,20.0,2197.3805010893248,1.0
7.0,0.0,8.0,3.0,1380.7735294117651,2.0
2.0,0.0,7.0,3.0,2329.700980392157,1.0
2.0,11.0,5.0,14.0,2112.3859477124192,2.0
1.0,0.0,2.0,5.0,64.45019607843139,4.0
8.0,0.0,10.0,3.0,22.85424836601307,5.0
8.0,3.0,10.0,17.0,26.691316526610645,5.0
8.0,17.0,10.0,20.0,25.869934640522875,5.0
0.0,0.0,1.0,3.0,0.0,5.0
0.0,3.0,1.0,17.0,0.0,5.0
0.0,17.0,1.0,20.0,0.0,5.0
1.0,5.0,2.0,6.0,51.78823529411764,5.0
1.0,6.0,2.0,18.0,44.03464052287581,5.0
1.0,18.0,2.0,20.0,127.13921568627451,5.0
