l_l_m,l_l_n,u_r_m,u_r_n,avg_sal,sal_state
2.0,4.0,6.0,6.0,1854.0254901960784,1.0
5.0,7.0,8.0,10.0,2150.8257080610024,1.0
2.0,15.0,7.0,20.0,2386.595137254902,1.0
3.0,10.0,4.0,11.0,2309.8627450980393,1.0
2.0,11.0,7.0,14.0,1946.7035294117647,1.0
8.0,10.0,9.0,13.0,545.4039215686274,2.0
1.0,14.0,7.0,15.0,1632.926797385621,2.0
4.0,10.0,7.0,11.0,2102.1202614379085,2.0
2.0,6.0,3.0,11.0,1384.4588235294116,2.0
3.0,6.0,5.0,10.0,1837.263235294117,2.0
6.0,4.0,7.0,6.0,1791.4313725490194,2.0
5.0,6.0,8.0,7.0,1825.3019607843135,2.0
7.0,10.0,8.0,20.0,1541.8647058823526,2.0
2.0,0.0,8.0,3.0,1948.791721132898,1.0
7.0,3.0,9.0,6.0,1258.652450980392,2.0
8.0,2.0,9.0,3.0,1258.652450980392,2.0
1.0,4.0,2.0,14.0,223.18450980392154,4.0
-0.0,10.0,1.0,15.0,192.79921568627447,4.0
2.0,3.0,7.0,4.0,695.1254901960782,4.0
1.0,15.0,2.0,20.0,283.8650980392157,4.0
8.0,6.0,9.0,10.0,68.85065359477125,4.0
9.0,12.0,10.0,14.0,32.55313725490196,4.0
8.0,13.0,9.0,20.0,42.31839402427638,4.0
8.0,1.0,9.0,2.0,44.24705882352941,4.0
9.0,1.0,10.0,6.0,38.370745098039215,4.0
0.0,0.0,1.0,10.0,10.16470588235294,5.0
1.0,0.0,2.0,4.0,5.08235294117647,5.0
9.0,14.0,10.0,20.0,1.016470588235294,5.0
9.0,6.0,10.0,12.0,1.016470588235294,5.0
-0.0,15.0,1.0,20.0,10.16470588235294,5.0
8.0,0.0,10.0,1.0,2.032941176470588,5.0
