l_l_m,l_l_n,u_r_m,u_r_n,avg_sal,sal_state
5.0,7.0,7.0,12.0,2445.57137254902,1.0
3.0,13.0,7.0,17.0,2119.874019607843,1.0
2.0,18.0,7.0,20.0,2372.76,1.0
6.0,4.0,7.0,7.0,1574.7960784313727,2.0
2.0,17.0,7.0,18.0,2271.734117647059,2.0
7.0,17.0,8.0,20.0,1504.2901960784313,2.0
1.0,15.0,3.0,17.0,1564.813725490196,2.0
4.0,6.0,6.0,7.0,1325.8490196078433,2.0
5.0,12.0,7.0,13.0,1908.5,2.0
2.0,0.0,7.0,3.0,2412.006797385621,1.0
7.0,0.0,8.0,4.0,1483.0117647058826,2.0
2.0,3.0,4.0,5.0,1955.73137254902,2.0
4.0,3.0,7.0,4.0,1860.916339869281,2.0
7.0,15.0,9.0,17.0,1577.7591503267975,2.0
4.0,4.0,6.0,6.0,379.67450980392164,4.0
4.0,7.0,5.0,13.0,324.47843137254887,4.0
-0.0,12.0,1.0,17.0,234.84941176470588,4.0
1.0,10.0,2.0,15.0,288.8474509803922,4.0
2.0,5.0,3.0,15.0,353.53830065359483,4.0
3.0,5.0,4.0,13.0,346.42389705882346,4.0
8.0,2.0,9.0,14.0,653.4147058823529,4.0
8.0,14.0,9.0,15.0,763.556862745098,4.0
9.0,3.0,10.0,17.0,321.35938375350133,4.0
7.0,4.0,8.0,15.0,204.23355614973264,4.0
0.0,0.0,1.0,12.0,10.16470588235294,5.0
1.0,0.0,2.0,10.0,5.08235294117647,5.0
8.0,17.0,10.0,20.0,2.032941176470588,5.0
-0.0,17.0,2.0,20.0,10.16470588235294,5.0
8.0,0.0,9.0,2.0,1.1294117647058823,5.0
9.0,0.0,10.0,3.0,1.016470588235294,5.0
