l_l_m,l_l_n,u_r_m,u_r_n,avg_sal,sal_state
3.0,7.0,7.0,11.0,2457.8774509803925,1.0
3.0,14.0,5.0,15.0,2237.1294117647053,1.0
2.0,4.0,3.0,16.0,1954.638235294117,2.0
3.0,5.0,7.0,7.0,2002.0862745098043,2.0
7.0,5.0,8.0,12.0,1311.654341736695,2.0
1.0,12.0,2.0,14.0,754.0607843137254,2.0
3.0,11.0,5.0,14.0,2122.750980392157,2.0
5.0,11.0,7.0,15.0,1911.2480392156867,2.0
2.0,16.0,8.0,20.0,2252.1194444444445,1.0
2.0,0.0,8.0,4.0,2126.2758169934646,1.0
3.0,15.0,6.0,16.0,1890.1254901960785,2.0
3.0,4.0,8.0,5.0,1650.141176470588,2.0
6.0,15.0,8.0,16.0,1836.1068627450986,2.0
7.0,14.0,8.0,15.0,1836.1068627450986,2.0
1.0,4.0,2.0,12.0,127.33676470588236,4.0
8.0,0.0,10.0,3.0,40.28627450980392,5.0
8.0,3.0,10.0,17.0,16.564425770308127,5.0
8.0,17.0,10.0,20.0,73.12745098039215,5.0
7.0,12.0,8.0,14.0,1.2705882352941176,5.0
0.0,0.0,1.0,3.0,0.0,5.0
0.0,3.0,1.0,17.0,1.3280112044817929,5.0
0.0,17.0,1.0,20.0,0.0,5.0
1.0,0.0,2.0,4.0,5.08235294117647,5.0
1.0,14.0,2.0,20.0,5.08235294117647,5.0
