l_l_m,l_l_n,u_r_m,u_r_n,avg_sal,sal_state
3.0,9.0,6.0,13.0,2557.77091503268,1.0
6.0,8.0,8.0,14.0,2133.1212418300656,2.0
6.0,14.0,8.0,15.0,1726.937254901961,2.0
3.0,13.0,6.0,15.0,2229.7450980392155,2.0
3.0,15.0,7.0,19.0,2200.0781862745102,1.0
7.0,15.0,9.0,20.0,1597.0788235294117,2.0
2.0,16.0,3.0,20.0,285.3960784313725,2.0
3.0,19.0,7.0,20.0,1886.2676470588235,2.0
2.0,0.0,3.0,1.0,418.6352941176471,2.0
3.0,0.0,7.0,1.0,2474.0107843137257,1.0
7.0,0.0,9.0,2.0,1441.157843137255,2.0
4.0,1.0,7.0,2.0,746.4862745098039,2.0
7.0,7.0,8.0,8.0,1060.7764705882353,2.0
2.0,9.0,3.0,15.0,1814.8718954248368,2.0
2.0,7.0,6.0,8.0,1477.8058823529416,2.0
6.0,7.0,7.0,8.0,1444.6196078431371,2.0
2.0,8.0,6.0,9.0,1734.0882352941178,2.0
1.0,7.0,2.0,8.0,57.16078431372549,4.0
1.0,8.0,2.0,14.0,200.40653594771243,4.0
1.0,14.0,2.0,16.0,219.78431372549014,4.0
2.0,15.0,3.0,16.0,120.27058823529413,4.0
8.0,7.0,9.0,8.0,40.68627450980392,4.0
8.0,8.0,9.0,14.0,162.28300653594772,4.0
8.0,14.0,9.0,15.0,251.1098039215686,4.0
0.0,2.0,1.0,10.0,0.0,5.0
0.0,0.0,1.0,2.0,0.0,5.0
1.0,1.0,2.0,7.0,0.0,5.0
1.0,0.0,2.0,1.0,0.0,5.0
2.0,1.0,4.0,7.0,6.4830065359477125,5.0
4.0,3.0,5.0,7.0,0.21176470588235294,5.0
4.0,2.0,5.0,3.0,0.0,5.0
9.0,2.0,10.0,10.0,0.0,5.0
9.0,0.0,10.0,2.0,0.0,5.0
5.0,2.0,7.0,7.0,0.10509803921568628,5.0
7.0,2.0,9.0,7.0,6.585490196078433,5.0
0.0,10.0,1.0,18.0,0.0,5.0
0.0,18.0,1.0,20.0,0.0,5.0
1.0,16.0,2.0,20.0,5.08235294117647,5.0
9.0,10.0,10.0,18.0,0.0,5.0
9.0,18.0,10.0,20.0,0.0,5.0
