l_l_m,l_l_n,u_r_m,u_r_n,avg_sal,sal_state
3.0,19.0,7.0,20.0,2532.0343137254904,1.0
6.0,8.0,7.0,14.0,2454.6745098039223,2.0
6.0,14.0,7.0,19.0,2427.116078431373,2.0
1.0,18.0,2.0,20.0,638.8078431372547,2.0
3.0,9.0,6.0,13.0,2455.503921568628,2.0
3.0,13.0,6.0,17.0,2402.553921568628,2.0
3.0,17.0,6.0,19.0,2240.6679738562093,2.0
2.0,7.0,3.0,8.0,1333.1764705882354,2.0
3.0,7.0,7.0,8.0,1926.4372549019608,2.0
7.0,7.0,8.0,8.0,1833.0823529411764,2.0
2.0,3.0,3.0,7.0,2174.8607843137256,1.0
3.0,3.0,7.0,7.0,2591.695588235294,1.0
7.0,3.0,8.0,7.0,1827.4941176470588,1.0
2.0,2.0,3.0,3.0,2115.8196078431374,1.0
3.0,2.0,7.0,3.0,2521.43137254902,1.0
7.0,2.0,8.0,3.0,1787.5254901960784,1.0
7.0,0.0,8.0,1.0,799.6117647058824,2.0
4.0,0.0,7.0,1.0,2554.237908496732,1.0
2.0,0.0,4.0,2.0,2195.5911764705884,2.0
1.0,0.0,2.0,2.0,470.64313725490194,2.0
4.0,1.0,6.0,2.0,1028.3784313725494,2.0
2.0,8.0,3.0,14.0,770.1986928104576,4.0
2.0,14.0,3.0,19.0,698.3074509803921,4.0
3.0,8.0,6.0,9.0,500.6784313725489,4.0
7.0,8.0,8.0,14.0,1080.7065359477124,4.0
7.0,14.0,8.0,20.0,736.7450980392157,4.0
8.0,15.0,9.0,16.0,17.402178649237474,4.0
2.0,19.0,3.0,20.0,402.61633986928115,4.0
8.0,0.0,9.0,4.0,1.3235294117647058,5.0
8.0,4.0,9.0,10.0,22.211111111111112,5.0
8.0,10.0,9.0,15.0,107.44078431372549,5.0
9.0,0.0,10.0,6.0,0.0,5.0
9.0,6.0,10.0,14.0,0.0,5.0
9.0,14.0,10.0,20.0,0.0,5.0
8.0,16.0,9.0,20.0,1.1294117647058823,5.0
6.0,1.0,8.0,2.0,174.08627450980393,5.0
0.0,0.0,1.0,6.0,0.0,5.0
0.0,6.0,1.0,14.0,0.0,5.0
0.0,14.0,1.0,20.0,0.0,5.0
1.0,2.0,2.0,7.0,21.469019607843137,5.0
1.0,7.0,2.0,13.0,28.910457516339868,5.0
1.0,13.0,2.0,18.0,74.8878431372549,5.0
