l_l_m,l_l_n,u_r_m,u_r_n,avg_sal,sal_state
3.0,8.0,7.0,11.0,2586.249019607843,1.0
6.0,5.0,7.0,8.0,1704.4470588235295,2.0
7.0,5.0,8.0,6.0,859.5960784313726,2.0
7.0,6.0,8.0,12.0,2210.9660130718953,2.0
7.0,12.0,8.0,14.0,1585.7254901960785,2.0
2.0,7.0,3.0,12.0,1532.9482352941175,2.0
2.0,13.0,6.0,14.0,1469.5274509803921,2.0
6.0,13.0,7.0,14.0,1324.9607843137255,2.0
2.0,18.0,3.0,20.0,1885.8568627450986,2.0
3.0,18.0,7.0,20.0,2341.4500000000007,2.0
7.0,18.0,8.0,20.0,1697.3627450980393,2.0
2.0,14.0,3.0,18.0,2315.048039215686,1.0
3.0,14.0,7.0,18.0,2518.115441176471,1.0
7.0,14.0,8.0,18.0,1556.9254901960785,1.0
2.0,1.0,3.0,5.0,1875.1823529411765,2.0
3.0,1.0,7.0,5.0,2169.9389705882354,2.0
7.0,1.0,8.0,5.0,1460.2598039215686,2.0
2.0,0.0,3.0,1.0,1960.0745098039213,2.0
3.0,0.0,7.0,1.0,2591.1098039215685,2.0
7.0,0.0,8.0,1.0,1813.2823529411764,2.0
3.0,11.0,7.0,13.0,1221.9328431372548,4.0
2.0,12.0,3.0,13.0,179.2156862745098,4.0
5.0,5.0,6.0,8.0,144.59498910675381,4.0
2.0,6.0,3.0,7.0,158.718954248366,4.0
3.0,6.0,5.0,8.0,437.55803921568616,4.0
0.0,1.0,2.0,7.0,33.53758169934641,5.0
0.0,0.0,2.0,1.0,50.85490196078432,5.0
0.0,7.0,2.0,13.0,7.0892156862745095,5.0
0.0,13.0,2.0,19.0,29.29705882352941,5.0
0.0,19.0,2.0,20.0,39.049019607843135,5.0
3.0,5.0,5.0,6.0,56.83137254901961,5.0
2.0,5.0,3.0,6.0,55.31372549019608,5.0
8.0,0.0,10.0,6.0,35.216013071895425,5.0
8.0,6.0,10.0,14.0,61.57083333333333,5.0
8.0,14.0,10.0,20.0,14.050000000000002,5.0
