l_l_m,l_l_n,u_r_m,u_r_n,avg_sal,sal_state
7.0,13.0,8.0,14.0,2026.913725490196,2.0
3.0,8.0,7.0,12.0,2575.4436274509803,1.0
7.0,8.0,8.0,12.0,2120.285294117647,1.0
3.0,12.0,7.0,13.0,2246.072549019608,1.0
7.0,12.0,8.0,13.0,2132.8745098039217,1.0
7.0,6.0,8.0,8.0,1614.2156862745096,2.0
2.0,7.0,3.0,13.0,1501.1647058823526,2.0
3.0,7.0,7.0,8.0,2156.3745098039217,2.0
2.0,14.0,3.0,16.0,983.6274509803923,1.0
3.0,14.0,7.0,16.0,1810.8436274509804,1.0
7.0,14.0,8.0,16.0,1860.701960784314,1.0
1.0,6.0,2.0,7.0,25.027450980392157,4.0
1.0,7.0,2.0,13.0,104.02549019607844,4.0
1.0,13.0,2.0,14.0,64.32549019607843,4.0
2.0,6.0,6.0,7.0,166.8294117647059,4.0
6.0,6.0,7.0,7.0,345.96862745098036,4.0
2.0,13.0,6.0,14.0,765.7813725490196,4.0
6.0,13.0,7.0,14.0,972.5882352941176,4.0
7.0,5.0,8.0,6.0,0.5034313725490196,4.0
8.0,5.0,9.0,7.0,132.53725490196078,4.0
8.0,7.0,9.0,13.0,231.50653594771245,4.0
8.0,13.0,9.0,16.0,134.90980392156862,4.0
0.0,2.0,1.0,10.0,0.0,5.0
0.0,0.0,1.0,2.0,0.0,5.0
3.0,0.0,5.0,6.0,0.0,5.0
1.0,0.0,3.0,6.0,0.0,5.0
5.0,0.0,7.0,6.0,0.0,5.0
9.0,2.0,10.0,10.0,0.0,5.0
9.0,0.0,10.0,2.0,0.0,5.0
7.0,0.0,9.0,5.0,0.0,5.0
0.0,10.0,1.0,18.0,0.0,5.0
0.0,18.0,1.0,20.0,0.0,5.0
1.0,14.0,2.0,20.0,0.0,5.0
3.0,16.0,5.0,20.0,0.0,5.0
2.0,16.0,3.0,20.0,0.0,5.0
9.0,10.0,10.0,18.0,0.0,5.0
9.0,18.0,10.0,20.0,0.0,5.0
5.0,16.0,7.0,20.0,0.0,5.0
7.0,16.0,9.0,20.0,0.0,5.0
