l_l_m,l_l_n,u_r_m,u_r_n,avg_sal,sal_state
4.0,6.0,5.0,7.0,1841.6823529411765,2.0
5.0,6.0,7.0,7.0,1937.1607843137253,2.0
7.0,6.0,8.0,7.0,1717.450980392157,2.0
3.0,7.0,7.0,11.0,2525.207843137255,1.0
7.0,7.0,8.0,11.0,2042.8705882352945,1.0
3.0,11.0,7.0,12.0,2525.801960784314,1.0
7.0,11.0,8.0,12.0,2088.478431372549,1.0
2.0,15.0,3.0,19.0,1569.5401960784313,1.0
3.0,15.0,7.0,19.0,2461.731127450981,1.0
7.0,15.0,8.0,19.0,2102.690196078431,1.0
2.0,19.0,3.0,20.0,1609.9607843137255,1.0
3.0,19.0,7.0,20.0,2335.386274509804,1.0
7.0,19.0,8.0,20.0,1869.2117647058826,1.0
2.0,7.0,3.0,8.0,1646.4392156862743,2.0
2.0,8.0,3.0,14.0,1532.2503267973855,2.0
2.0,14.0,3.0,15.0,1521.1019607843134,2.0
3.0,12.0,7.0,15.0,2218.6908496732026,2.0
7.0,12.0,8.0,15.0,2199.549019607843,2.0
4.0,1.0,5.0,2.0,406.8156862745098,2.0
5.0,1.0,7.0,2.0,764.9098039215686,2.0
7.0,1.0,8.0,2.0,1225.6823529411765,2.0
2.0,0.0,3.0,1.0,1119.486274509804,1.0
3.0,0.0,7.0,1.0,2547.875490196079,1.0
7.0,0.0,8.0,1.0,2515.411764705883,1.0
1.0,5.0,2.0,11.0,66.17712418300654,4.0
2.0,5.0,4.0,7.0,885.1539215686274,4.0
4.0,5.0,5.0,6.0,570.1725490196078,4.0
5.0,5.0,7.0,6.0,320.95490196078435,4.0
7.0,5.0,8.0,6.0,88.10980392156864,4.0
0.0,2.0,1.0,10.0,0.0,5.0
0.0,0.0,1.0,2.0,0.0,5.0
1.0,0.0,2.0,5.0,5.08235294117647,5.0
2.0,1.0,4.0,5.0,20.00637254901961,5.0
4.0,2.0,5.0,5.0,2.032941176470588,5.0
8.0,2.0,10.0,10.0,33.910049019607854,5.0
8.0,0.0,10.0,2.0,54.40686274509804,5.0
5.0,2.0,7.0,5.0,0.0,5.0
7.0,2.0,8.0,5.0,0.0,5.0
0.0,10.0,1.0,18.0,0.0,5.0
0.0,18.0,1.0,20.0,0.0,5.0
1.0,11.0,2.0,17.0,29.211111111111112,5.0
1.0,17.0,2.0,20.0,45.82352941176471,5.0
8.0,10.0,10.0,18.0,58.29877450980393,5.0
8.0,18.0,10.0,20.0,65.18333333333332,5.0
