l_l_m,l_l_n,u_r_m,u_r_n,avg_sal,sal_state
7.0,8.0,8.0,10.0,2072.494117647059,1.0
3.0,10.0,7.0,14.0,2525.822549019608,1.0
3.0,14.0,7.0,15.0,2412.1715686274515,1.0
3.0,16.0,7.0,20.0,2316.398529411765,1.0
2.0,8.0,3.0,14.0,1627.1398692810462,2.0
2.0,14.0,3.0,20.0,1936.8156862745102,2.0
3.0,8.0,7.0,10.0,2241.3362745098043,2.0
7.0,10.0,8.0,16.0,1941.522875816993,2.0
7.0,16.0,8.0,17.0,1052.9607843137255,2.0
1.0,18.0,2.0,20.0,1140.580392156863,2.0
3.0,15.0,7.0,16.0,2346.5137254901965,2.0
1.0,0.0,3.0,2.0,1092.1490196078432,2.0
6.0,0.0,7.0,1.0,582.9254901960785,2.0
3.0,0.0,6.0,1.0,1710.8771241830066,1.0
1.0,7.0,2.0,9.0,8.37156862745098,4.0
8.0,7.0,9.0,10.0,69.68627450980392,4.0
8.0,10.0,9.0,16.0,129.2764705882353,4.0
8.0,16.0,9.0,19.0,94.0575163398693,4.0
7.0,17.0,8.0,20.0,47.473366013071896,4.0
2.0,7.0,3.0,8.0,153.7450980392157,4.0
3.0,7.0,7.0,8.0,150.75392156862745,4.0
7.0,7.0,8.0,8.0,240.90980392156865,4.0
1.0,9.0,2.0,15.0,124.55882352941177,4.0
1.0,15.0,2.0,18.0,349.78562091503267,4.0
0.0,2.0,1.0,10.0,0.0,5.0
0.0,0.0,1.0,2.0,0.0,5.0
1.0,2.0,3.0,7.0,0.0,5.0
3.0,3.0,5.0,7.0,0.0,5.0
3.0,1.0,5.0,3.0,19.45,5.0
7.0,1.0,9.0,7.0,0.0,5.0
7.0,0.0,9.0,1.0,15.44313725490196,5.0
9.0,2.0,10.0,10.0,0.0,5.0
9.0,0.0,10.0,2.0,0.0,5.0
5.0,1.0,7.0,7.0,0.0,5.0
0.0,10.0,1.0,18.0,0.0,5.0
0.0,18.0,1.0,20.0,0.0,5.0
9.0,10.0,10.0,18.0,0.0,5.0
9.0,18.0,10.0,20.0,0.0,5.0
8.0,19.0,9.0,20.0,1.1294117647058823,5.0
